party,week,mean,q05,q25,q50,q75,q95,has_data
National,2011-11-20,0.4722,0.4722,0.4722,0.4722,0.4722,0.4722,true
National,2011-11-27,0.4742,0.4629,0.4692,0.4734,0.478,0.4871,true
National,2011-12-04,0.4759,0.4603,0.469,0.4752,0.4814,0.4932,true
National,2011-12-11,0.4781,0.4584,0.4697,0.4772,0.4852,0.4997,true
National,2011-12-18,0.4797,0.4577,0.47,0.4792,0.4883,0.503,true
National,2011-12-25,0.4816,0.458,0.4708,0.4807,0.4914,0.5055,true
National,2012-01-01,0.4835,0.4592,0.4718,0.4824,0.4939,0.5112,true
National,2012-01-08,0.4856,0.4596,0.4738,0.4853,0.4972,0.5118,true
National,2012-01-15,0.4847,0.4564,0.4727,0.4846,0.4964,0.5119,true
National,2012-01-22,0.4842,0.455,0.4721,0.4842,0.4956,0.5126,true
National,2012-01-29,0.4833,0.4555,0.4713,0.4828,0.4946,0.5131,true
National,2012-02-05,0.4824,0.4532,0.4703,0.4822,0.494,0.5119,true
National,2012-02-12,0.483,0.4545,0.4708,0.4832,0.4946,0.5146,true
National,2012-02-19,0.4839,0.4561,0.4719,0.4836,0.4953,0.513,true
National,2012-02-26,0.4869,0.46,0.4751,0.4861,0.4982,0.5161,true
National,2012-03-04,0.4898,0.4612,0.4791,0.4896,0.5014,0.5195,true
National,2012-03-11,0.4907,0.4599,0.4789,0.4911,0.5019,0.5205,true
National,2012-03-18,0.4913,0.4624,0.48,0.4916,0.5029,0.52,true
National,2012-03-25,0.495,0.4657,0.4834,0.4944,0.5056,0.5249,true
National,2012-04-01,0.4963,0.4686,0.4853,0.4959,0.5066,0.5247,true
National,2012-04-08,0.4979,0.4703,0.4863,0.4977,0.5086,0.5269,true
National,2012-04-15,0.4951,0.4681,0.4833,0.4942,0.5063,0.5262,true
National,2012-04-22,0.4926,0.4655,0.4809,0.4916,0.5035,0.5228,true
National,2012-04-29,0.4891,0.4623,0.4776,0.4885,0.5005,0.5186,true
National,2012-05-06,0.4856,0.4571,0.473,0.4855,0.4967,0.5129,true
National,2012-05-13,0.4834,0.4563,0.472,0.4833,0.4949,0.5124,true
National,2012-05-20,0.4811,0.4529,0.4693,0.4816,0.4915,0.5078,true
National,2012-05-27,0.4807,0.4537,0.469,0.4811,0.4916,0.5073,true
National,2012-06-03,0.4792,0.4533,0.4679,0.4794,0.4899,0.5079,true
National,2012-06-10,0.4783,0.4527,0.466,0.4778,0.4896,0.5053,true
National,2012-06-17,0.4769,0.4496,0.4651,0.4764,0.4872,0.5049,true
National,2012-06-24,0.4765,0.4506,0.4652,0.4759,0.4877,0.5047,true
National,2012-07-01,0.4758,0.4517,0.4646,0.4742,0.4857,0.5039,true
National,2012-07-08,0.476,0.4502,0.4647,0.4747,0.4858,0.5035,true
National,2012-07-15,0.4759,0.452,0.465,0.4757,0.4854,0.502,true
National,2012-07-22,0.4781,0.4511,0.467,0.4777,0.489,0.5039,true
National,2012-07-29,0.4798,0.4549,0.4687,0.4798,0.4908,0.5048,true
National,2012-08-05,0.483,0.4562,0.4722,0.483,0.4933,0.509,true
National,2012-08-12,0.4805,0.4537,0.4698,0.4806,0.4912,0.5071,true
National,2012-08-19,0.4784,0.4535,0.4674,0.478,0.4884,0.504,true
National,2012-08-26,0.4769,0.4516,0.4656,0.4765,0.4872,0.5043,true
National,2012-09-02,0.4755,0.4503,0.4643,0.4752,0.4861,0.5023,true
National,2012-09-09,0.4708,0.4452,0.4593,0.4712,0.4819,0.4981,true
National,2012-09-16,0.467,0.4424,0.456,0.4667,0.4778,0.4924,true
National,2012-09-23,0.4666,0.4398,0.4561,0.4663,0.4774,0.4911,true
National,2012-09-30,0.4659,0.441,0.4554,0.4662,0.4756,0.4896,true
National,2012-10-07,0.469,0.445,0.4584,0.4691,0.4788,0.4939,true
National,2012-10-14,0.472,0.449,0.4625,0.4713,0.4809,0.497,true
National,2012-10-21,0.4706,0.4469,0.4609,0.4703,0.4801,0.4951,true
National,2012-10-28,0.4699,0.445,0.46,0.4704,0.479,0.4934,true
National,2012-11-04,0.4697,0.4467,0.4591,0.4692,0.4798,0.4945,true
National,2012-11-11,0.4687,0.4442,0.4586,0.4683,0.479,0.4935,true
National,2012-11-18,0.4681,0.4453,0.4583,0.4683,0.4772,0.4914,true
National,2012-11-25,0.4648,0.4425,0.4556,0.465,0.4742,0.4878,true
National,2012-12-02,0.4683,0.4473,0.4577,0.4683,0.4776,0.4909,true
National,2012-12-09,0.4702,0.4469,0.4601,0.4705,0.4801,0.4933,true
National,2012-12-16,0.4723,0.448,0.4617,0.4725,0.4827,0.4959,true
National,2012-12-23,0.4745,0.4493,0.4636,0.4745,0.4854,0.4994,true
National,2012-12-30,0.4767,0.4507,0.466,0.477,0.4871,0.5011,true
National,2013-01-06,0.4789,0.455,0.4692,0.4791,0.4888,0.503,true
National,2013-01-13,0.4792,0.4552,0.4691,0.4796,0.4891,0.5032,true
National,2013-01-20,0.4797,0.4564,0.4705,0.48,0.4891,0.5032,true
National,2013-01-27,0.4774,0.4536,0.4679,0.4773,0.4868,0.5009,true
National,2013-02-03,0.4754,0.4526,0.4661,0.4752,0.4848,0.4989,true
National,2013-02-10,0.4758,0.4544,0.4668,0.4758,0.4844,0.4963,true
National,2013-02-17,0.4817,0.4599,0.4729,0.4816,0.4908,0.5033,true
National,2013-02-24,0.4829,0.4607,0.4743,0.4828,0.492,0.5039,true
National,2013-03-03,0.4783,0.457,0.4694,0.4786,0.4869,0.4992,true
National,2013-03-10,0.4748,0.4526,0.4665,0.4744,0.4833,0.4964,true
National,2013-03-17,0.4724,0.4504,0.4641,0.4726,0.4811,0.4941,true
National,2013-03-24,0.4704,0.4493,0.4614,0.4705,0.4794,0.4922,true
National,2013-03-31,0.4686,0.4469,0.4587,0.4682,0.4776,0.4908,true
National,2013-04-07,0.4674,0.4474,0.4588,0.4669,0.4757,0.4874,true
National,2013-04-14,0.4714,0.451,0.4629,0.4709,0.4798,0.4921,true
National,2013-04-21,0.4731,0.4527,0.4641,0.4733,0.4817,0.4938,true
National,2013-04-28,0.4727,0.4532,0.4635,0.4728,0.4809,0.4937,true
National,2013-05-05,0.4726,0.4517,0.4637,0.4725,0.4814,0.4932,true
National,2013-05-12,0.4728,0.4536,0.4638,0.4727,0.4808,0.4922,true
National,2013-05-19,0.473,0.4549,0.4646,0.4728,0.481,0.4915,true
National,2013-05-26,0.4754,0.4552,0.4669,0.4753,0.4839,0.4968,true
National,2013-06-02,0.4772,0.4559,0.4678,0.4776,0.4858,0.498,true
National,2013-06-09,0.4796,0.4587,0.4707,0.4798,0.4877,0.4996,true
National,2013-06-16,0.4843,0.4635,0.4756,0.4847,0.4925,0.5046,true
National,2013-06-23,0.4869,0.4678,0.478,0.4866,0.4952,0.5074,true
National,2013-06-30,0.4893,0.4689,0.4803,0.4889,0.498,0.5097,true
National,2013-07-07,0.4917,0.4725,0.4832,0.4917,0.4999,0.5117,true
National,2013-07-14,0.4911,0.4692,0.4825,0.4912,0.4993,0.5126,true
National,2013-07-21,0.4907,0.4713,0.482,0.4902,0.4989,0.5125,true
National,2013-07-28,0.482,0.4611,0.4733,0.4821,0.4909,0.5018,true
National,2013-08-04,0.4764,0.4571,0.4681,0.4761,0.4843,0.4966,true
National,2013-08-11,0.4733,0.4525,0.4647,0.4735,0.4812,0.4926,true
National,2013-08-18,0.4704,0.451,0.4622,0.4699,0.4786,0.4896,true
National,2013-08-25,0.466,0.4455,0.4574,0.4669,0.4745,0.4868,true
National,2013-09-01,0.4622,0.4429,0.4539,0.4625,0.4702,0.4818,true
National,2013-09-08,0.4599,0.4397,0.452,0.4597,0.4677,0.4806,true
National,2013-09-15,0.4567,0.4383,0.4486,0.4564,0.4646,0.4752,true
National,2013-09-22,0.4538,0.4349,0.4457,0.4535,0.4616,0.4741,true
National,2013-09-29,0.4541,0.434,0.4458,0.4537,0.4624,0.4744,true
National,2013-10-06,0.4546,0.4353,0.4467,0.4543,0.4619,0.4751,true
National,2013-10-13,0.4585,0.4395,0.4502,0.4583,0.4657,0.4801,true
National,2013-10-20,0.4622,0.445,0.4548,0.4622,0.4692,0.4813,true
National,2013-10-27,0.4652,0.4479,0.4579,0.4649,0.4721,0.4847,true
National,2013-11-03,0.4688,0.4517,0.4613,0.4684,0.4758,0.486,true
National,2013-11-10,0.4686,0.451,0.4607,0.4685,0.4766,0.4876,true
National,2013-11-17,0.4689,0.4502,0.4608,0.4685,0.4764,0.4882,true
National,2013-11-24,0.4709,0.45,0.4635,0.4707,0.4786,0.4902,true
National,2013-12-01,0.4732,0.4548,0.4655,0.4733,0.4809,0.4918,true
National,2013-12-08,0.4725,0.4529,0.4642,0.4724,0.481,0.4917,true
National,2013-12-15,0.4734,0.4537,0.4648,0.4734,0.4823,0.4924,true
National,2013-12-22,0.474,0.4524,0.465,0.4735,0.4835,0.4954,true
National,2013-12-29,0.4744,0.4533,0.4652,0.4745,0.4828,0.4953,true
National,2014-01-05,0.4744,0.454,0.4664,0.474,0.4827,0.4946,true
National,2014-01-12,0.4745,0.4545,0.4672,0.4748,0.4823,0.4932,true
National,2014-01-19,0.4766,0.4577,0.4689,0.4766,0.4842,0.4948,true
National,2014-01-26,0.4792,0.462,0.4719,0.4788,0.4862,0.4973,true
National,2014-02-02,0.4805,0.4642,0.4739,0.4805,0.487,0.4974,true
National,2014-02-09,0.4857,0.4687,0.4794,0.4854,0.4924,0.5027,true
National,2014-02-16,0.4883,0.4698,0.4813,0.4881,0.4954,0.5075,true
National,2014-02-23,0.4904,0.4725,0.4831,0.4908,0.4975,0.5077,true
National,2014-03-02,0.4895,0.4698,0.4823,0.4894,0.4973,0.5076,true
National,2014-03-09,0.4888,0.472,0.4823,0.4888,0.496,0.5066,true
National,2014-03-16,0.4852,0.4677,0.4779,0.485,0.4922,0.5028,true
National,2014-03-23,0.4813,0.4648,0.4744,0.4813,0.4879,0.498,true
National,2014-03-30,0.4824,0.4657,0.4759,0.4825,0.4886,0.4993,true
National,2014-04-06,0.4857,0.4674,0.4787,0.486,0.4928,0.5035,true
National,2014-04-13,0.4853,0.4673,0.4779,0.4853,0.4923,0.5041,true
National,2014-04-20,0.4848,0.4662,0.477,0.4846,0.4918,0.5043,true
National,2014-04-27,0.484,0.4657,0.477,0.4839,0.4917,0.5021,true
National,2014-05-04,0.4878,0.4688,0.4804,0.488,0.4957,0.5057,true
National,2014-05-11,0.4908,0.4731,0.4834,0.4909,0.4979,0.5083,true
National,2014-05-18,0.5006,0.4825,0.4929,0.5004,0.5077,0.5189,true
National,2014-05-25,0.5074,0.4896,0.5005,0.5081,0.5145,0.5233,true
National,2014-06-01,0.5097,0.4907,0.503,0.5098,0.5169,0.5262,true
National,2014-06-08,0.5122,0.4953,0.5057,0.5125,0.5183,0.5291,true
National,2014-06-15,0.516,0.4992,0.5094,0.5163,0.5225,0.5317,true
National,2014-06-22,0.5144,0.4981,0.5078,0.5143,0.5204,0.5297,true
National,2014-06-29,0.5168,0.4997,0.511,0.5165,0.524,0.5326,true
National,2014-07-06,0.5191,0.5024,0.5124,0.5189,0.5257,0.5357,true
National,2014-07-13,0.5188,0.5024,0.5117,0.5187,0.5257,0.5359,true
National,2014-07-20,0.5116,0.4952,0.5047,0.5116,0.5182,0.5288,true
National,2014-07-27,0.5056,0.4835,0.4971,0.5055,0.5146,0.5276,true
National,2014-08-03,0.5,0.4805,0.4922,0.5003,0.5078,0.5184,true
National,2014-08-10,0.5028,0.4855,0.4955,0.5029,0.5093,0.5193,true
National,2014-08-17,0.4889,0.4708,0.4824,0.4892,0.4959,0.5055,true
National,2014-08-24,0.4873,0.4725,0.4806,0.4873,0.4934,0.5025,true
National,2014-08-31,0.4899,0.4741,0.4835,0.49,0.4957,0.5065,true
National,2014-09-07,0.4804,0.4671,0.4746,0.4802,0.4859,0.4956,true
National,2014-09-14,0.4695,0.4695,0.4695,0.4695,0.4695,0.4695,true
National,2014-09-21,0.4699,0.4599,0.4661,0.47,0.4736,0.4801,true
National,2014-09-28,0.4706,0.4566,0.4651,0.4709,0.4761,0.4848,true
National,2014-10-05,0.4715,0.4542,0.465,0.4719,0.4778,0.4876,true
National,2014-10-12,0.4745,0.4534,0.4667,0.4742,0.4821,0.4942,true
National,2014-10-19,0.4782,0.4567,0.4687,0.4773,0.4874,0.5004,true
National,2014-10-26,0.4817,0.46,0.4718,0.4817,0.4911,0.5041,true
National,2014-11-02,0.4847,0.4621,0.4747,0.485,0.4945,0.5076,true
National,2014-11-09,0.4841,0.4598,0.4739,0.4844,0.4936,0.508,true
National,2014-11-16,0.4836,0.4591,0.4738,0.4836,0.4941,0.5086,true
National,2014-11-23,0.4827,0.4575,0.4726,0.4828,0.4932,0.506,true
National,2014-11-30,0.4823,0.4575,0.4719,0.4823,0.4933,0.5055,true
National,2014-12-07,0.4846,0.4576,0.4742,0.4851,0.495,0.5085,true
National,2014-12-14,0.4872,0.462,0.4767,0.4875,0.497,0.5124,true
National,2014-12-21,0.4902,0.4637,0.4786,0.4903,0.5018,0.5155,true
National,2014-12-28,0.4931,0.4674,0.4814,0.4937,0.5041,0.5192,true
National,2015-01-04,0.4963,0.471,0.4849,0.4959,0.5077,0.5218,true
National,2015-01-11,0.5002,0.4776,0.4892,0.4998,0.5101,0.5266,true
National,2015-01-18,0.4995,0.4756,0.4882,0.4992,0.5103,0.5256,true
National,2015-01-25,0.4961,0.4705,0.4861,0.496,0.5064,0.5231,true
National,2015-02-01,0.4935,0.4693,0.4846,0.4934,0.5032,0.5183,true
National,2015-02-08,0.4904,0.4661,0.481,0.4907,0.4995,0.5153,true
National,2015-02-15,0.4883,0.4631,0.4785,0.4885,0.4979,0.5139,true
National,2015-02-22,0.4863,0.4612,0.476,0.4866,0.4965,0.5117,true
National,2015-03-01,0.4842,0.4572,0.4734,0.4847,0.4947,0.5094,true
National,2015-03-08,0.4823,0.4565,0.4721,0.4824,0.4933,0.5073,true
National,2015-03-15,0.4831,0.4569,0.4725,0.4831,0.4945,0.5078,true
National,2015-03-22,0.4838,0.4587,0.473,0.4836,0.4953,0.5096,true
National,2015-03-29,0.4844,0.4586,0.4742,0.485,0.4948,0.5094,true
National,2015-04-05,0.4853,0.4604,0.4759,0.4853,0.4942,0.5116,true
National,2015-04-12,0.4857,0.4621,0.4762,0.4857,0.495,0.5094,true
National,2015-04-19,0.4889,0.4649,0.4788,0.4886,0.4989,0.5126,true
National,2015-04-26,0.4912,0.4658,0.4806,0.4906,0.5016,0.517,true
National,2015-05-03,0.4946,0.47,0.4845,0.4938,0.5042,0.5218,true
National,2015-05-10,0.4969,0.4733,0.4859,0.4964,0.5067,0.5226,true
National,2015-05-17,0.4931,0.4681,0.4835,0.493,0.5028,0.5184,true
National,2015-05-24,0.4889,0.4655,0.4792,0.49,0.4983,0.5114,true
National,2015-05-31,0.4889,0.4646,0.4791,0.4895,0.4981,0.5109,true
National,2015-06-07,0.4887,0.4654,0.4787,0.4888,0.4986,0.5119,true
National,2015-06-14,0.4883,0.4641,0.4791,0.4883,0.4983,0.5128,true
National,2015-06-21,0.4836,0.4592,0.4733,0.4834,0.4936,0.5081,true
National,2015-06-28,0.4799,0.4567,0.4703,0.4796,0.4899,0.5028,true
National,2015-07-05,0.4751,0.4526,0.4661,0.4754,0.4841,0.497,true
National,2015-07-12,0.4779,0.4556,0.4691,0.4781,0.4862,0.5005,true
National,2015-07-19,0.4799,0.4578,0.4707,0.48,0.4889,0.5026,true
National,2015-07-26,0.482,0.4612,0.4728,0.481,0.4922,0.5056,true
National,2015-08-02,0.4845,0.4619,0.4752,0.4839,0.4936,0.5082,true
National,2015-08-09,0.4864,0.4633,0.4775,0.4865,0.4951,0.5094,true
National,2015-08-16,0.4847,0.4623,0.4758,0.4842,0.4936,0.508,true
National,2015-08-23,0.4823,0.46,0.4734,0.4828,0.4912,0.5056,true
National,2015-08-30,0.48,0.4593,0.4711,0.48,0.489,0.502,true
National,2015-09-06,0.4788,0.458,0.4705,0.4783,0.4871,0.5006,true
National,2015-09-13,0.4807,0.4581,0.4719,0.4799,0.4898,0.5034,true
National,2015-09-20,0.4825,0.4598,0.4727,0.4817,0.492,0.5061,true
National,2015-09-27,0.4845,0.4618,0.475,0.4842,0.4939,0.5075,true
National,2015-10-04,0.4863,0.4647,0.4766,0.486,0.4955,0.5093,true
National,2015-10-11,0.4855,0.4638,0.477,0.485,0.4952,0.5077,true
National,2015-10-18,0.4865,0.4622,0.4767,0.4875,0.4963,0.5089,true
National,2015-10-25,0.4872,0.4644,0.4781,0.4875,0.4967,0.5083,true
National,2015-11-01,0.4881,0.4661,0.4791,0.4879,0.497,0.509,true
National,2015-11-08,0.4878,0.4665,0.4791,0.488,0.4962,0.5079,true
National,2015-11-15,0.4889,0.4666,0.4803,0.4892,0.4979,0.5099,true
National,2015-11-22,0.4902,0.4681,0.4806,0.4905,0.4989,0.5114,true
National,2015-11-29,0.4911,0.4705,0.4827,0.4903,0.4997,0.5131,true
National,2015-12-06,0.4904,0.4689,0.4824,0.4903,0.4989,0.5112,true
National,2015-12-13,0.49,0.467,0.4817,0.4896,0.4988,0.5112,true
National,2015-12-20,0.4895,0.4667,0.4803,0.489,0.4984,0.5126,true
National,2015-12-27,0.4891,0.4665,0.4803,0.4885,0.4984,0.5123,true
National,2016-01-03,0.4885,0.4664,0.4794,0.4882,0.4978,0.5108,true
National,2016-01-10,0.4878,0.466,0.4789,0.4876,0.4967,0.5092,true
National,2016-01-17,0.4866,0.4636,0.4782,0.4862,0.4957,0.5078,true
National,2016-01-24,0.4852,0.4629,0.4763,0.4851,0.4942,0.508,true
National,2016-01-31,0.4835,0.4608,0.4742,0.4829,0.4923,0.5068,true
National,2016-02-07,0.4817,0.4608,0.4731,0.4816,0.4904,0.5037,true
National,2016-02-14,0.4768,0.4561,0.4675,0.477,0.4856,0.4973,true
National,2016-02-21,0.4762,0.4548,0.4677,0.4763,0.4851,0.498,true
National,2016-02-28,0.475,0.4543,0.466,0.4745,0.4842,0.4973,true
National,2016-03-06,0.4738,0.4525,0.4649,0.4734,0.4827,0.4969,true
National,2016-03-13,0.4738,0.4521,0.4649,0.4736,0.4826,0.4959,true
National,2016-03-20,0.4739,0.451,0.4651,0.4738,0.4827,0.4954,true
National,2016-03-27,0.4735,0.4517,0.4642,0.4732,0.4826,0.4967,true
National,2016-04-03,0.4727,0.4511,0.464,0.473,0.4804,0.4934,true
National,2016-04-10,0.4689,0.4473,0.4601,0.4693,0.4776,0.4898,true
National,2016-04-17,0.469,0.4467,0.46,0.4689,0.4779,0.4909,true
National,2016-04-24,0.4694,0.4479,0.4603,0.4691,0.4774,0.4936,true
National,2016-05-01,0.4703,0.4492,0.4617,0.4703,0.4787,0.4924,true
National,2016-05-08,0.4702,0.4504,0.4622,0.4701,0.4777,0.491,true
National,2016-05-15,0.4724,0.451,0.4645,0.472,0.4808,0.4936,true
National,2016-05-22,0.4735,0.4537,0.4641,0.4733,0.4825,0.4954,true
National,2016-05-29,0.4743,0.4545,0.4659,0.4735,0.4829,0.4951,true
National,2016-06-05,0.4739,0.4513,0.4652,0.4734,0.4824,0.4963,true
National,2016-06-12,0.4736,0.4514,0.4644,0.4735,0.4823,0.4967,true
National,2016-06-19,0.4766,0.4541,0.4673,0.4769,0.4851,0.5,true
National,2016-06-26,0.4787,0.4556,0.469,0.4784,0.4881,0.503,true
National,2016-07-03,0.4809,0.4592,0.4714,0.4804,0.4899,0.5044,true
National,2016-07-10,0.4828,0.4608,0.4736,0.4827,0.491,0.5063,true
National,2016-07-17,0.4852,0.4646,0.4765,0.4852,0.4936,0.5072,true
National,2016-07-24,0.4802,0.4598,0.4721,0.48,0.4883,0.5009,true
National,2016-07-31,0.4794,0.4577,0.4705,0.4796,0.4882,0.4985,true
National,2016-08-07,0.4781,0.4562,0.4702,0.4779,0.4869,0.4998,true
National,2016-08-14,0.4771,0.4571,0.4686,0.4764,0.4855,0.4978,true
National,2016-08-21,0.4752,0.4551,0.4667,0.4747,0.4838,0.4967,true
National,2016-08-28,0.4731,0.4524,0.4636,0.4728,0.4819,0.4955,true
National,2016-09-04,0.4714,0.4523,0.4628,0.4713,0.4793,0.4925,true
National,2016-09-11,0.4653,0.4456,0.4569,0.4656,0.4737,0.486,true
National,2016-09-18,0.4684,0.447,0.4589,0.4682,0.4776,0.4902,true
National,2016-09-25,0.4721,0.4501,0.4627,0.472,0.4817,0.4947,true
National,2016-10-02,0.4755,0.4531,0.4662,0.4754,0.4852,0.4974,true
National,2016-10-09,0.4789,0.4574,0.4696,0.4789,0.4887,0.5021,true
National,2016-10-16,0.4819,0.4608,0.473,0.4815,0.4914,0.5027,true
National,2016-10-23,0.4843,0.4632,0.4759,0.4846,0.4931,0.5063,true
National,2016-10-30,0.487,0.4656,0.4782,0.487,0.4955,0.5085,true
National,2016-11-06,0.4895,0.4688,0.4813,0.4891,0.4979,0.5107,true
National,2016-11-13,0.4875,0.4669,0.4792,0.4871,0.4966,0.5085,true
National,2016-11-20,0.4845,0.4633,0.476,0.4842,0.4928,0.5059,true
National,2016-11-27,0.4818,0.4617,0.4725,0.4822,0.4899,0.504,true
National,2016-12-04,0.4785,0.4577,0.4696,0.4789,0.487,0.4985,true
National,2016-12-11,0.4774,0.4554,0.468,0.4777,0.4862,0.4995,true
National,2016-12-18,0.4767,0.4564,0.467,0.4767,0.4858,0.4999,true
National,2016-12-25,0.4764,0.4563,0.4675,0.4758,0.4852,0.499,true
National,2017-01-01,0.4759,0.4562,0.4666,0.4753,0.4849,0.4987,true
National,2017-01-08,0.4753,0.4551,0.4658,0.4746,0.4841,0.4977,true
National,2017-01-15,0.4748,0.4541,0.4657,0.474,0.4837,0.4985,true
National,2017-01-22,0.4739,0.4515,0.4644,0.4741,0.4825,0.4975,true
National,2017-01-29,0.4731,0.4515,0.4634,0.4732,0.4824,0.496,true
National,2017-02-05,0.4727,0.4525,0.464,0.4723,0.481,0.4936,true
National,2017-02-12,0.4682,0.4472,0.4604,0.468,0.476,0.4886,true
National,2017-02-19,0.4654,0.4446,0.4575,0.4655,0.4741,0.4859,true
National,2017-02-26,0.4627,0.4424,0.4542,0.4628,0.4707,0.4834,true
National,2017-03-05,0.4604,0.4406,0.4517,0.4603,0.4686,0.4798,true
National,2017-03-12,0.4589,0.4405,0.45,0.4593,0.4673,0.4791,true
National,2017-03-19,0.459,0.4396,0.45,0.4589,0.4674,0.4797,true
National,2017-03-26,0.457,0.4358,0.448,0.4572,0.4658,0.4787,true
National,2017-04-02,0.4553,0.4342,0.446,0.4551,0.4643,0.4775,true
National,2017-04-09,0.4534,0.4328,0.4436,0.4538,0.4623,0.4742,true
National,2017-04-16,0.4546,0.433,0.4442,0.4552,0.4635,0.4769,true
National,2017-04-23,0.4557,0.4327,0.4453,0.4566,0.4649,0.4779,true
National,2017-04-30,0.4567,0.4339,0.4478,0.4568,0.4655,0.4782,true
National,2017-05-07,0.4575,0.4361,0.449,0.457,0.4666,0.4785,true
National,2017-05-14,0.4607,0.4398,0.4518,0.4605,0.4696,0.4831,true
National,2017-05-21,0.4638,0.4428,0.4554,0.4639,0.4721,0.4837,true
National,2017-05-28,0.4642,0.4429,0.4558,0.464,0.4726,0.4848,true
National,2017-06-04,0.4647,0.4456,0.4567,0.465,0.4727,0.4846,true
National,2017-06-11,0.4629,0.4432,0.4551,0.4628,0.4706,0.4819,true
National,2017-06-18,0.4618,0.4415,0.4535,0.4613,0.4705,0.4819,true
National,2017-06-25,0.4609,0.4413,0.4518,0.4607,0.4696,0.4818,true
National,2017-07-02,0.4593,0.4405,0.4509,0.4588,0.4673,0.4792,true
National,2017-07-09,0.4588,0.438,0.4501,0.4584,0.4671,0.4805,true
National,2017-07-16,0.4585,0.4377,0.4506,0.4585,0.4666,0.4784,true
National,2017-07-23,0.4583,0.4384,0.4506,0.4581,0.4662,0.4783,true
National,2017-07-30,0.4436,0.4232,0.4351,0.4435,0.4525,0.4643,true
National,2017-08-06,0.436,0.4143,0.4272,0.4364,0.4446,0.4589,true
National,2017-08-13,0.4296,0.4073,0.4205,0.4292,0.4386,0.4528,true
National,2017-08-20,0.4193,0.3975,0.4095,0.4197,0.4286,0.4416,true
National,2017-08-27,0.4148,0.393,0.4061,0.415,0.4228,0.4364,true
National,2017-09-03,0.4175,0.398,0.4094,0.4175,0.4255,0.4365,true
National,2017-09-10,0.4261,0.4078,0.4188,0.4269,0.4339,0.4431,true
National,2017-09-17,0.4445,0.4445,0.4445,0.4445,0.4445,0.4445,true
National,2017-09-24,0.4447,0.4332,0.44,0.4447,0.449,0.4561,true
National,2017-10-01,0.445,0.428,0.4386,0.4452,0.4512,0.4612,true
National,2017-10-08,0.4452,0.427,0.4375,0.4451,0.4526,0.465,true
National,2017-10-15,0.4386,0.4164,0.4299,0.439,0.4479,0.4599,true
National,2017-10-22,0.4318,0.4068,0.4223,0.4316,0.4412,0.4564,true
National,2017-10-29,0.4245,0.4001,0.4143,0.4243,0.4349,0.4491,true
National,2017-11-05,0.4178,0.3952,0.4074,0.4174,0.4288,0.4425,true
National,2017-11-12,0.4159,0.3914,0.4058,0.4157,0.427,0.4398,true
National,2017-11-19,0.4141,0.3892,0.4027,0.4146,0.4251,0.4389,true
National,2017-11-26,0.4118,0.3871,0.4015,0.4119,0.4221,0.436,true
National,2017-12-03,0.412,0.3869,0.4017,0.4116,0.4216,0.4363,true
National,2017-12-10,0.4097,0.384,0.3991,0.4105,0.4195,0.4378,true
National,2017-12-17,0.4073,0.3787,0.3959,0.4072,0.418,0.4343,true
National,2017-12-24,0.4042,0.3768,0.3941,0.4038,0.4149,0.4317,true
National,2017-12-31,0.4012,0.3738,0.3908,0.4005,0.4123,0.4289,true
National,2018-01-07,0.3986,0.3724,0.3874,0.3985,0.4101,0.4238,true
National,2018-01-14,0.396,0.3716,0.3851,0.3959,0.4068,0.4191,true
National,2018-01-21,0.3957,0.3698,0.385,0.3956,0.4061,0.422,true
National,2018-01-28,0.389,0.3602,0.3787,0.3896,0.3999,0.4165,true
National,2018-02-04,0.3836,0.356,0.3734,0.3842,0.3945,0.4105,true
National,2018-02-11,0.3773,0.3493,0.3659,0.3778,0.3889,0.4034,true
National,2018-02-18,0.3787,0.347,0.3665,0.3794,0.3911,0.4078,true
National,2018-02-25,0.3797,0.3492,0.3662,0.3811,0.3921,0.4078,true
National,2018-03-04,0.3808,0.3491,0.3667,0.3818,0.3947,0.4117,true
National,2018-03-11,0.3822,0.3512,0.3688,0.3825,0.3959,0.4139,true
National,2018-03-18,0.3833,0.3524,0.3707,0.3833,0.3972,0.4146,true
National,2018-03-25,0.3844,0.3543,0.3722,0.3847,0.3965,0.4146,true
National,2018-04-01,0.3853,0.3561,0.3738,0.385,0.3969,0.4154,true
National,2018-04-08,0.3864,0.3574,0.3758,0.3863,0.398,0.4138,true
National,2018-04-15,0.3878,0.3591,0.3764,0.3878,0.3997,0.4173,true
National,2018-04-22,0.3896,0.361,0.3775,0.3893,0.4021,0.4202,true
National,2018-04-29,0.3915,0.3601,0.3796,0.3902,0.4039,0.4215,true
National,2018-05-06,0.393,0.3645,0.381,0.392,0.4047,0.4243,true
National,2018-05-13,0.3951,0.3667,0.3843,0.3943,0.4067,0.423,true
National,2018-05-20,0.397,0.3714,0.3875,0.3972,0.4075,0.4233,true
National,2018-05-27,0.3961,0.3671,0.3853,0.3961,0.4072,0.4238,true
National,2018-06-03,0.3949,0.3641,0.3824,0.3942,0.4067,0.4258,true
National,2018-06-10,0.3942,0.3611,0.3807,0.3947,0.4072,0.4262,true
National,2018-06-17,0.3932,0.3612,0.38,0.3928,0.407,0.4255,true
National,2018-06-24,0.3925,0.3611,0.3783,0.3926,0.4056,0.4244,true
National,2018-07-01,0.3916,0.3596,0.3787,0.3921,0.4043,0.4234,true
National,2018-07-08,0.3907,0.3582,0.3781,0.3909,0.4025,0.4239,true
National,2018-07-15,0.3894,0.3583,0.3763,0.3891,0.4026,0.4196,true
National,2018-07-22,0.3887,0.3582,0.3769,0.3884,0.4008,0.4186,true
National,2018-07-29,0.3875,0.3599,0.3763,0.3866,0.3982,0.415,true
National,2018-08-05,0.3862,0.3583,0.374,0.3861,0.3977,0.4144,true
National,2018-08-12,0.3851,0.3546,0.3729,0.3851,0.3972,0.4152,true
National,2018-08-19,0.3844,0.3544,0.3725,0.3834,0.397,0.4162,true
National,2018-08-26,0.383,0.3516,0.3716,0.383,0.396,0.4156,true
National,2018-09-02,0.382,0.349,0.3688,0.3817,0.3961,0.4156,true
National,2018-09-09,0.3809,0.3453,0.368,0.381,0.3949,0.4139,true
National,2018-09-16,0.3797,0.3469,0.367,0.3801,0.3932,0.4109,true
National,2018-09-23,0.3785,0.3461,0.3665,0.3791,0.3908,0.4088,true
National,2018-09-30,0.378,0.3487,0.3659,0.3778,0.3911,0.4074,true
National,2018-10-07,0.3766,0.3484,0.3661,0.3755,0.3884,0.4039,true
National,2018-10-14,0.3761,0.3507,0.3649,0.3759,0.3863,0.4023,true
National,2018-10-21,0.3764,0.3495,0.3653,0.3762,0.3874,0.4024,true
National,2018-10-28,0.3768,0.3507,0.3656,0.377,0.389,0.403,true
National,2018-11-04,0.3773,0.3491,0.365,0.3781,0.3886,0.4049,true
National,2018-11-11,0.3785,0.351,0.3667,0.3781,0.39,0.4074,true
National,2018-11-18,0.3796,0.3534,0.3685,0.3796,0.3907,0.4072,true
National,2018-11-25,0.3807,0.3555,0.3702,0.3799,0.391,0.4065,true
National,2018-12-02,0.379,0.3538,0.3683,0.379,0.3901,0.4055,true
National,2018-12-09,0.3778,0.351,0.366,0.3771,0.3891,0.4055,true
National,2018-12-16,0.3766,0.3488,0.3649,0.3758,0.3886,0.4053,true
National,2018-12-23,0.3751,0.3472,0.3625,0.3747,0.3872,0.4044,true
National,2018-12-30,0.3737,0.3462,0.3617,0.3728,0.3858,0.4016,true
National,2019-01-06,0.3722,0.3447,0.3616,0.3718,0.3833,0.4016,true
National,2019-01-13,0.3707,0.3441,0.3602,0.3709,0.3801,0.3972,true
National,2019-01-20,0.369,0.3433,0.3587,0.3695,0.3794,0.3938,true
National,2019-01-27,0.3677,0.3443,0.3586,0.3679,0.3769,0.3888,true
National,2019-02-03,0.3657,0.3427,0.3567,0.3657,0.3749,0.3876,true
National,2019-02-10,0.3642,0.343,0.3552,0.3641,0.373,0.3861,true
National,2019-02-17,0.3618,0.3366,0.3523,0.3616,0.3722,0.3866,true
National,2019-02-24,0.3598,0.3315,0.3498,0.3604,0.3705,0.3845,true
National,2019-03-03,0.3574,0.3306,0.3464,0.3576,0.3682,0.3838,true
National,2019-03-10,0.3561,0.3297,0.3455,0.3557,0.3668,0.3828,true
National,2019-03-17,0.3549,0.3287,0.3443,0.3546,0.3647,0.3811,true
National,2019-03-24,0.3531,0.3297,0.3434,0.3526,0.3625,0.378,true
National,2019-03-31,0.3506,0.3293,0.3407,0.3504,0.3596,0.3749,true
National,2019-04-07,0.3487,0.3272,0.3396,0.3487,0.3582,0.37,true
National,2019-04-14,0.35,0.3261,0.3406,0.3498,0.3592,0.3756,true
National,2019-04-21,0.3507,0.3259,0.3395,0.351,0.3621,0.3756,true
National,2019-04-28,0.3517,0.3248,0.3416,0.3514,0.3621,0.3778,true
National,2019-05-05,0.3524,0.3256,0.3417,0.3523,0.3633,0.3773,true
National,2019-05-12,0.3532,0.3284,0.3431,0.3528,0.3635,0.3782,true
National,2019-05-19,0.3543,0.3306,0.3443,0.3542,0.3649,0.3773,true
National,2019-05-26,0.3553,0.333,0.3461,0.3553,0.3646,0.3779,true
National,2019-06-02,0.3562,0.3364,0.348,0.3557,0.3645,0.377,true
National,2019-06-09,0.3589,0.3357,0.3502,0.3589,0.3684,0.3806,true
National,2019-06-16,0.3615,0.3372,0.3519,0.3613,0.3724,0.3852,true
National,2019-06-23,0.3636,0.3373,0.3538,0.3637,0.3737,0.3885,true
National,2019-06-30,0.3664,0.3386,0.3559,0.3668,0.3774,0.3927,true
National,2019-07-07,0.3692,0.3416,0.359,0.3692,0.38,0.396,true
National,2019-07-14,0.3716,0.3458,0.3621,0.3719,0.3822,0.3958,true
National,2019-07-21,0.3748,0.3505,0.366,0.3745,0.3846,0.3961,true
National,2019-07-28,0.3761,0.3506,0.3654,0.3767,0.3874,0.3996,true
National,2019-08-04,0.3777,0.3524,0.3674,0.3779,0.3882,0.4044,true
National,2019-08-11,0.3795,0.353,0.3688,0.3801,0.3901,0.4063,true
National,2019-08-18,0.3812,0.3516,0.3695,0.3816,0.3929,0.4095,true
National,2019-08-25,0.3837,0.3559,0.3722,0.3847,0.3945,0.4102,true
National,2019-09-01,0.3857,0.3592,0.3745,0.3862,0.3966,0.4117,true
National,2019-09-08,0.387,0.3613,0.3776,0.3869,0.3974,0.4108,true
National,2019-09-15,0.3886,0.3633,0.3794,0.3884,0.3991,0.4114,true
National,2019-09-22,0.3906,0.3684,0.381,0.3909,0.3998,0.4131,true
National,2019-09-29,0.3924,0.3721,0.3839,0.3927,0.4014,0.4118,true
National,2019-10-06,0.3929,0.372,0.3847,0.3928,0.4013,0.4154,true
National,2019-10-13,0.3928,0.3712,0.3836,0.3931,0.4013,0.4164,true
National,2019-10-20,0.3923,0.3693,0.382,0.3916,0.4016,0.4184,true
National,2019-10-27,0.3918,0.3665,0.383,0.3913,0.4016,0.4182,true
National,2019-11-03,0.3915,0.3655,0.3807,0.3908,0.402,0.418,true
National,2019-11-10,0.3912,0.3667,0.3806,0.391,0.4009,0.4162,true
National,2019-11-17,0.3911,0.3658,0.3816,0.3914,0.401,0.4149,true
National,2019-11-24,0.3903,0.3679,0.3805,0.3908,0.3994,0.4116,true
National,2019-12-01,0.3884,0.3651,0.3781,0.3873,0.3989,0.4134,true
National,2019-12-08,0.3872,0.3626,0.3771,0.3868,0.3977,0.4119,true
National,2019-12-15,0.3861,0.3603,0.3765,0.3858,0.3967,0.411,true
National,2019-12-22,0.3852,0.3602,0.3749,0.3844,0.3955,0.4099,true
National,2019-12-29,0.3837,0.3589,0.3743,0.3838,0.3931,0.4074,true
National,2020-01-05,0.3825,0.36,0.3735,0.3828,0.3917,0.404,true
National,2020-01-12,0.3813,0.3599,0.3736,0.3812,0.3894,0.4009,true
National,2020-01-19,0.3792,0.3579,0.371,0.3789,0.3872,0.4004,true
National,2020-01-26,0.3775,0.3571,0.3699,0.3772,0.3854,0.398,true
National,2020-02-02,0.3741,0.3531,0.366,0.3735,0.382,0.3946,true
National,2020-02-09,0.3711,0.3517,0.3631,0.3708,0.3784,0.3917,true
National,2020-02-16,0.3659,0.3457,0.3568,0.3662,0.3749,0.3873,true
National,2020-02-23,0.3608,0.3371,0.3508,0.3606,0.3704,0.3841,true
National,2020-03-01,0.3562,0.3315,0.3467,0.3566,0.3661,0.3816,true
National,2020-03-08,0.351,0.3253,0.3406,0.3512,0.3615,0.3782,true
National,2020-03-15,0.3463,0.3194,0.3359,0.3461,0.3574,0.3725,true
National,2020-03-22,0.3308,0.2859,0.317,0.3326,0.3473,0.3694,true
National,2020-03-29,0.3153,0.269,0.2996,0.3143,0.3305,0.3637,true
National,2020-04-05,0.298,0.262,0.2816,0.2965,0.3097,0.3453,true
National,2020-04-12,0.2826,0.2571,0.2727,0.2829,0.2916,0.3061,true
National,2020-04-19,0.2773,0.2547,0.2681,0.2773,0.2865,0.2999,true
National,2020-04-26,0.2723,0.2498,0.2642,0.2725,0.2802,0.2943,true
National,2020-05-03,0.2673,0.2466,0.2598,0.2672,0.2747,0.2872,true
National,2020-05-10,0.2621,0.2456,0.2557,0.2618,0.2687,0.2784,true
National,2020-05-17,0.257,0.2391,0.2504,0.2578,0.2637,0.273,true
National,2020-05-24,0.2584,0.2398,0.2507,0.2584,0.2659,0.2775,true
National,2020-05-31,0.2611,0.2418,0.2531,0.2603,0.2694,0.2814,true
National,2020-06-07,0.263,0.2448,0.255,0.2627,0.2708,0.2825,true
National,2020-06-14,0.2646,0.2446,0.2569,0.2647,0.2719,0.283,true
National,2020-06-21,0.2688,0.2505,0.2603,0.2681,0.2767,0.2893,true
National,2020-06-28,0.2622,0.241,0.2533,0.2618,0.2706,0.2851,true
National,2020-07-05,0.2551,0.2339,0.2468,0.2551,0.2628,0.277,true
National,2020-07-12,0.2486,0.2309,0.2413,0.2485,0.2559,0.2664,true
National,2020-07-19,0.2439,0.2262,0.2372,0.244,0.251,0.2599,true
National,2020-07-26,0.2499,0.2321,0.2426,0.25,0.2564,0.2666,true
National,2020-08-02,0.2543,0.2352,0.2469,0.2545,0.2618,0.2733,true
National,2020-08-09,0.2585,0.2393,0.2515,0.2588,0.2655,0.2771,true
National,2020-08-16,0.2624,0.2437,0.2543,0.2627,0.2699,0.2821,true
National,2020-08-23,0.2609,0.2389,0.2516,0.2605,0.27,0.2836,true
National,2020-08-30,0.2602,0.2369,0.2509,0.2603,0.2698,0.2822,true
National,2020-09-06,0.2591,0.2383,0.2511,0.2593,0.2662,0.2815,true
National,2020-09-13,0.2578,0.2432,0.2518,0.2575,0.2635,0.274,true
National,2020-09-20,0.2582,0.2422,0.2512,0.2578,0.2648,0.2747,true
National,2020-09-27,0.2563,0.2389,0.2492,0.2559,0.2636,0.2744,true
National,2020-10-04,0.2547,0.2427,0.2498,0.2547,0.2599,0.2678,true
National,2020-10-11,0.2558,0.2558,0.2558,0.2558,0.2558,0.2558,true
National,2020-10-18,0.2559,0.2471,0.2524,0.2558,0.2593,0.265,true
National,2020-10-25,0.2566,0.2439,0.2517,0.2568,0.2615,0.2689,true
National,2020-11-01,0.2571,0.2424,0.2517,0.2574,0.2628,0.2712,true
National,2020-11-08,0.2576,0.2396,0.2517,0.2578,0.2643,0.2731,true
National,2020-11-15,0.2576,0.2402,0.2503,0.2574,0.2649,0.275,true
National,2020-11-22,0.2573,0.2389,0.2499,0.2571,0.2655,0.2751,true
National,2020-11-29,0.2575,0.2379,0.25,0.2577,0.2655,0.2752,true
National,2020-12-06,0.2578,0.236,0.2489,0.2586,0.2659,0.2781,true
National,2020-12-13,0.2579,0.2351,0.2492,0.2577,0.2671,0.2799,true
National,2020-12-20,0.2586,0.2355,0.2504,0.2589,0.2681,0.2804,true
National,2020-12-27,0.2592,0.236,0.2498,0.2596,0.269,0.2821,true
National,2021-01-03,0.2598,0.2356,0.2508,0.2602,0.269,0.2814,true
National,2021-01-10,0.2601,0.2368,0.2517,0.2607,0.2692,0.2806,true
National,2021-01-17,0.2628,0.2392,0.2532,0.2634,0.2731,0.2847,true
National,2021-01-24,0.2654,0.2401,0.2548,0.2661,0.2756,0.2884,true
National,2021-01-31,0.2682,0.243,0.2582,0.2686,0.2781,0.2914,true
National,2021-02-07,0.2706,0.2464,0.261,0.2708,0.2802,0.2944,true
National,2021-02-14,0.2699,0.2456,0.261,0.2691,0.2798,0.2942,true
National,2021-02-21,0.2687,0.2443,0.2593,0.2689,0.2785,0.2931,true
National,2021-02-28,0.2681,0.2447,0.2582,0.2681,0.2774,0.2906,true
National,2021-03-07,0.2671,0.2434,0.2582,0.2673,0.2765,0.2884,true
National,2021-03-14,0.2665,0.2428,0.258,0.2665,0.2757,0.2875,true
National,2021-03-21,0.2656,0.243,0.2572,0.2659,0.2743,0.2868,true
National,2021-03-28,0.2694,0.2459,0.26,0.27,0.2786,0.2915,true
National,2021-04-04,0.2728,0.2496,0.264,0.2735,0.2822,0.2943,true
National,2021-04-11,0.277,0.2559,0.268,0.2773,0.2857,0.2985,true
National,2021-04-18,0.2765,0.253,0.2684,0.2763,0.2855,0.2992,true
National,2021-04-25,0.2761,0.2539,0.2675,0.276,0.2846,0.2983,true
National,2021-05-02,0.2756,0.2544,0.2676,0.276,0.2839,0.2964,true
National,2021-05-09,0.2745,0.254,0.2661,0.2742,0.2824,0.2949,true
National,2021-05-16,0.2776,0.2573,0.2683,0.2777,0.2868,0.2982,true
National,2021-05-23,0.2814,0.2596,0.2721,0.2812,0.2904,0.3024,true
National,2021-05-30,0.2833,0.2606,0.2741,0.2833,0.2928,0.3062,true
National,2021-06-06,0.2855,0.262,0.2768,0.2856,0.2945,0.3068,true
National,2021-06-13,0.2876,0.2643,0.2792,0.2879,0.2973,0.3093,true
National,2021-06-20,0.2867,0.2618,0.2778,0.2872,0.2965,0.3087,true
National,2021-06-27,0.2858,0.2629,0.2771,0.2859,0.2951,0.3084,true
National,2021-07-04,0.2842,0.2612,0.2756,0.2842,0.2933,0.3068,true
National,2021-07-11,0.2833,0.2604,0.2754,0.2833,0.292,0.3048,true
National,2021-07-18,0.2807,0.2595,0.2716,0.2812,0.2891,0.3012,true
National,2021-07-25,0.2776,0.2578,0.2692,0.2773,0.2859,0.2993,true
National,2021-08-01,0.2736,0.2523,0.2651,0.2734,0.2824,0.2946,true
National,2021-08-08,0.2697,0.2489,0.2615,0.2698,0.2783,0.2923,true
National,2021-08-15,0.2651,0.2407,0.2563,0.2652,0.2741,0.2874,true
National,2021-08-22,0.2606,0.2378,0.2518,0.2607,0.2697,0.2821,true
National,2021-08-29,0.2565,0.2339,0.2473,0.2565,0.2648,0.2775,true
National,2021-09-05,0.252,0.2326,0.2439,0.2528,0.2604,0.2701,true
National,2021-09-12,0.2506,0.2317,0.2429,0.2514,0.2592,0.268,true
National,2021-09-19,0.2543,0.2363,0.2465,0.2544,0.2618,0.273,true
National,2021-09-26,0.2552,0.2351,0.2479,0.2553,0.2633,0.2742,true
National,2021-10-03,0.2567,0.2366,0.2487,0.2572,0.265,0.2763,true
National,2021-10-10,0.2616,0.2426,0.2547,0.2618,0.2692,0.28,true
National,2021-10-17,0.2653,0.2455,0.2572,0.2658,0.2737,0.2835,true
National,2021-10-24,0.2689,0.2489,0.2613,0.2691,0.2772,0.2883,true
National,2021-10-31,0.2726,0.2541,0.2652,0.2734,0.2802,0.2914,true
National,2021-11-07,0.2764,0.2576,0.2693,0.2765,0.2838,0.2946,true
National,2021-11-14,0.2858,0.2625,0.2767,0.2859,0.2945,0.3106,true
National,2021-11-21,0.2957,0.2712,0.2854,0.2961,0.3054,0.3214,true
National,2021-11-28,0.3046,0.2817,0.2953,0.3043,0.3141,0.3274,true
National,2021-12-05,0.3075,0.2833,0.298,0.3079,0.3172,0.3279,true
National,2021-12-12,0.3122,0.2885,0.3022,0.312,0.3223,0.3348,true
National,2021-12-19,0.3173,0.2931,0.3081,0.3168,0.3271,0.3407,true
National,2021-12-26,0.3226,0.2987,0.3135,0.3223,0.3324,0.3449,true
National,2022-01-02,0.3275,0.3051,0.3187,0.3276,0.3366,0.3501,true
National,2022-01-09,0.3321,0.3119,0.3235,0.3325,0.3408,0.3523,true
National,2022-01-16,0.3373,0.3169,0.3292,0.337,0.3455,0.3576,true
National,2022-01-23,0.3377,0.3189,0.3306,0.3375,0.3459,0.3567,true
National,2022-01-30,0.3507,0.3278,0.3412,0.3504,0.3599,0.375,true
National,2022-02-06,0.3589,0.3346,0.3493,0.3587,0.3688,0.3824,true
National,2022-02-13,0.3675,0.3449,0.3587,0.368,0.3762,0.3892,true
National,2022-02-20,0.3706,0.3468,0.3614,0.3713,0.3796,0.3926,true
National,2022-02-27,0.3738,0.3511,0.3649,0.3743,0.3825,0.3958,true
National,2022-03-06,0.377,0.3557,0.3688,0.377,0.3851,0.3969,true
National,2022-03-13,0.3811,0.36,0.3725,0.3818,0.3898,0.4035,true
National,2022-03-20,0.3814,0.3588,0.3722,0.3825,0.3907,0.403,true
National,2022-03-27,0.3819,0.3592,0.3731,0.3824,0.3908,0.4031,true
National,2022-04-03,0.3827,0.3606,0.3735,0.3829,0.3915,0.4041,true
National,2022-04-10,0.3837,0.3641,0.3758,0.3842,0.3917,0.4052,true
National,2022-04-17,0.3852,0.3664,0.3778,0.3851,0.3929,0.4047,true
National,2022-04-24,0.3845,0.3645,0.3755,0.3847,0.3927,0.4045,true
National,2022-05-01,0.3842,0.3648,0.3762,0.3843,0.3917,0.4039,true
National,2022-05-08,0.3868,0.3672,0.3789,0.3863,0.3947,0.4069,true
National,2022-05-15,0.3862,0.3655,0.3784,0.3855,0.3945,0.4066,true
National,2022-05-22,0.3857,0.3669,0.3777,0.3857,0.394,0.4059,true
National,2022-05-29,0.3834,0.3645,0.3758,0.3828,0.391,0.4036,true
National,2022-06-05,0.3813,0.364,0.3741,0.381,0.3893,0.3992,true
National,2022-06-12,0.3807,0.362,0.3732,0.3809,0.3889,0.3999,true
National,2022-06-19,0.3797,0.3588,0.3711,0.3799,0.3888,0.3998,true
National,2022-06-26,0.3779,0.3571,0.37,0.3776,0.3864,0.3985,true
National,2022-07-03,0.3763,0.3553,0.3679,0.3762,0.3848,0.397,true
National,2022-07-10,0.374,0.3537,0.3658,0.374,0.3817,0.3963,true
National,2022-07-17,0.3737,0.3522,0.3657,0.3738,0.3815,0.3938,true
National,2022-07-24,0.3736,0.3537,0.3659,0.3737,0.3812,0.3934,true
National,2022-07-31,0.3734,0.3556,0.3662,0.3734,0.3801,0.3928,true
National,2022-08-07,0.3703,0.3517,0.3627,0.3697,0.3775,0.3892,true
National,2022-08-14,0.3717,0.3522,0.3635,0.3711,0.3791,0.3918,true
National,2022-08-21,0.373,0.3532,0.3652,0.373,0.3813,0.393,true
National,2022-08-28,0.3748,0.3561,0.3663,0.3747,0.3827,0.3939,true
National,2022-09-04,0.374,0.3545,0.366,0.3741,0.382,0.394,true
National,2022-09-11,0.3744,0.3566,0.3667,0.3738,0.3818,0.3942,true
National,2022-09-18,0.3742,0.3567,0.3667,0.3738,0.3816,0.3935,true
National,2022-09-25,0.374,0.3564,0.3659,0.3739,0.3812,0.3952,true
National,2022-10-02,0.374,0.3549,0.3662,0.374,0.3816,0.3934,true
National,2022-10-09,0.3717,0.3539,0.3646,0.3721,0.3791,0.3896,true
National,2022-10-16,0.371,0.3536,0.3631,0.3711,0.3782,0.3874,true
National,2022-10-23,0.3763,0.3594,0.3688,0.3764,0.3831,0.3934,true
National,2022-10-30,0.3766,0.3596,0.3697,0.3766,0.3833,0.3939,true
National,2022-11-06,0.38,0.3619,0.3722,0.3797,0.3876,0.3985,true
National,2022-11-13,0.3841,0.3665,0.3762,0.384,0.391,0.4019,true
National,2022-11-20,0.3816,0.3638,0.3738,0.3811,0.389,0.4009,true
National,2022-11-27,0.379,0.3614,0.3717,0.3791,0.3859,0.3972,true
National,2022-12-04,0.3756,0.3574,0.3684,0.3749,0.3835,0.396,true
National,2022-12-11,0.3719,0.3543,0.3648,0.3714,0.379,0.3904,true
National,2022-12-18,0.3708,0.3523,0.3631,0.3698,0.3791,0.3913,true
National,2022-12-25,0.3689,0.3493,0.3604,0.3687,0.3772,0.3889,true
National,2023-01-01,0.3675,0.3481,0.3595,0.3673,0.3752,0.3866,true
National,2023-01-08,0.3657,0.347,0.3582,0.3659,0.3732,0.3851,true
National,2023-01-15,0.3616,0.3431,0.3549,0.3621,0.3687,0.3784,true
National,2023-01-22,0.3592,0.3431,0.3524,0.3589,0.3657,0.3754,true
National,2023-01-29,0.3564,0.3395,0.3493,0.3555,0.3639,0.3731,true
National,2023-02-05,0.354,0.3371,0.346,0.3536,0.3609,0.3723,true
National,2023-02-12,0.3517,0.3326,0.3442,0.3518,0.3591,0.3702,true
National,2023-02-19,0.3509,0.3324,0.3437,0.3506,0.3581,0.3701,true
National,2023-02-26,0.35,0.3319,0.3425,0.3495,0.3577,0.3688,true
National,2023-03-05,0.3487,0.3309,0.342,0.3485,0.3566,0.3653,true
National,2023-03-12,0.3492,0.3319,0.3415,0.3485,0.3572,0.368,true
National,2023-03-19,0.3516,0.333,0.3426,0.3516,0.3598,0.3706,true
National,2023-03-26,0.354,0.3357,0.3455,0.3538,0.3623,0.375,true
National,2023-04-02,0.3563,0.3371,0.3482,0.3562,0.3641,0.3756,true
National,2023-04-09,0.3567,0.3375,0.3494,0.3561,0.3639,0.3763,true
National,2023-04-16,0.3567,0.3371,0.3485,0.3567,0.3642,0.3774,true
National,2023-04-23,0.3573,0.3384,0.3497,0.3574,0.3647,0.3761,true
National,2023-04-30,0.3579,0.3394,0.3504,0.3583,0.3642,0.3762,true
National,2023-05-07,0.3545,0.3377,0.347,0.3547,0.3615,0.3735,true
National,2023-05-14,0.3541,0.3363,0.3463,0.3539,0.3613,0.3727,true
National,2023-05-21,0.3545,0.3357,0.3468,0.3548,0.3616,0.3731,true
National,2023-05-28,0.3538,0.3362,0.3464,0.3536,0.3608,0.3721,true
National,2023-06-04,0.3522,0.3331,0.3445,0.3521,0.3596,0.3717,true
National,2023-06-11,0.3504,0.3315,0.3425,0.3504,0.358,0.3702,true
National,2023-06-18,0.3534,0.3341,0.3462,0.3532,0.3609,0.3742,true
National,2023-06-25,0.3561,0.3373,0.3485,0.3561,0.3635,0.375,true
National,2023-07-02,0.3565,0.3377,0.3488,0.357,0.3636,0.3766,true
National,2023-07-09,0.358,0.338,0.3507,0.3583,0.3655,0.3771,true
National,2023-07-16,0.3588,0.3384,0.3501,0.3588,0.3666,0.3802,true
National,2023-07-23,0.3601,0.3411,0.3518,0.3599,0.3682,0.3806,true
National,2023-07-30,0.3612,0.3429,0.3538,0.3614,0.3688,0.3804,true
National,2023-08-06,0.3591,0.3399,0.3513,0.3587,0.3669,0.3785,true
National,2023-08-13,0.3579,0.3387,0.3499,0.3582,0.3652,0.377,true
National,2023-08-20,0.3638,0.3423,0.3552,0.3632,0.3724,0.3837,true
National,2023-08-27,0.3725,0.3524,0.3643,0.3723,0.3803,0.3934,true
National,2023-09-03,0.3775,0.3581,0.3702,0.3778,0.3852,0.3959,true
National,2023-09-10,0.3766,0.3574,0.3688,0.3764,0.3841,0.3953,true
National,2023-09-17,0.3722,0.3545,0.3654,0.3725,0.3792,0.3892,true
National,2023-09-24,0.3737,0.3559,0.3673,0.3737,0.3801,0.3913,true
National,2023-10-01,0.3711,0.3554,0.3654,0.3713,0.377,0.3858,true
National,2023-10-08,0.3808,0.3808,0.3808,0.3808,0.3808,0.3808,true
National,2023-10-15,0.3803,0.3702,0.3766,0.3802,0.3844,0.3901,true
National,2023-10-22,0.3804,0.3663,0.3752,0.3801,0.3858,0.3954,true
National,2023-10-29,0.38,0.3635,0.3734,0.3796,0.3865,0.3966,true
National,2023-11-05,0.3797,0.3611,0.373,0.3795,0.3872,0.3975,true
National,2023-11-12,0.38,0.3609,0.3729,0.38,0.3879,0.3998,true
National,2023-11-19,0.381,0.3592,0.3729,0.381,0.3893,0.4022,true
National,2023-11-26,0.3821,0.3596,0.3733,0.3821,0.3909,0.4044,true
National,2023-12-03,0.383,0.3609,0.3732,0.3827,0.3925,0.4048,true
National,2023-12-10,0.384,0.3622,0.3744,0.3841,0.3938,0.4074,true
National,2023-12-17,0.3849,0.3619,0.3753,0.3843,0.3951,0.4095,true
National,2023-12-24,0.3864,0.3618,0.3761,0.3864,0.3966,0.4118,true
National,2023-12-31,0.3873,0.3628,0.3776,0.3872,0.3984,0.4115,true
National,2024-01-07,0.3882,0.3637,0.3783,0.3883,0.3986,0.4119,true
National,2024-01-14,0.3887,0.3651,0.3785,0.3888,0.3987,0.4129,true
National,2024-01-21,0.3854,0.3612,0.3747,0.3854,0.3955,0.4107,true
National,2024-01-28,0.3823,0.3585,0.3713,0.3823,0.3922,0.4071,true
National,2024-02-04,0.3791,0.3561,0.3693,0.3785,0.3887,0.4026,true
National,2024-02-11,0.3776,0.3545,0.3682,0.3771,0.3866,0.4001,true
National,2024-02-18,0.3778,0.3543,0.3684,0.3779,0.3871,0.4006,true
National,2024-02-25,0.3783,0.3552,0.3689,0.3783,0.388,0.4012,true
National,2024-03-03,0.3787,0.3566,0.3688,0.3785,0.3877,0.4013,true
National,2024-03-10,0.3777,0.3546,0.3684,0.3774,0.3874,0.4006,true
National,2024-03-17,0.3764,0.3521,0.3664,0.3774,0.3861,0.3996,true
National,2024-03-24,0.3752,0.3515,0.3652,0.3757,0.3856,0.3988,true
National,2024-03-31,0.3737,0.3496,0.3645,0.3737,0.3837,0.3971,true
National,2024-04-07,0.3705,0.3469,0.3614,0.3702,0.38,0.3932,true
National,2024-04-14,0.3671,0.3444,0.3576,0.3671,0.3758,0.3904,true
National,2024-04-21,0.3637,0.3408,0.3543,0.363,0.3735,0.3889,true
National,2024-04-28,0.3616,0.3388,0.3523,0.3614,0.3712,0.3842,true
National,2024-05-05,0.3594,0.3369,0.3502,0.3592,0.3689,0.381,true
National,2024-05-12,0.36,0.3353,0.35,0.3603,0.3698,0.3838,true
National,2024-05-19,0.3603,0.3359,0.3506,0.3602,0.3717,0.3832,true
National,2024-05-26,0.3606,0.3358,0.3508,0.3602,0.3705,0.3849,true
National,2024-06-02,0.3611,0.3372,0.3515,0.3608,0.3718,0.3854,true
National,2024-06-09,0.3623,0.3378,0.353,0.3618,0.3725,0.3853,true
National,2024-06-16,0.3641,0.3404,0.3544,0.3644,0.3737,0.3878,true
National,2024-06-23,0.3644,0.3392,0.3547,0.3642,0.3748,0.3894,true
National,2024-06-30,0.3646,0.3403,0.3548,0.3638,0.3744,0.3897,true
National,2024-07-07,0.3629,0.3388,0.3535,0.3621,0.3729,0.3874,true
National,2024-07-14,0.3633,0.3385,0.3536,0.3632,0.3731,0.389,true
National,2024-07-21,0.3637,0.3387,0.3533,0.3631,0.3735,0.3896,true
National,2024-07-28,0.3643,0.3401,0.3542,0.3644,0.3736,0.3899,true
National,2024-08-04,0.365,0.3411,0.3551,0.3648,0.3743,0.3904,true
National,2024-08-11,0.3657,0.342,0.3556,0.3655,0.3748,0.3909,true
National,2024-08-18,0.3656,0.3412,0.3548,0.3651,0.3756,0.391,true
National,2024-08-25,0.3664,0.3424,0.3563,0.3652,0.3764,0.3923,true
National,2024-09-01,0.3671,0.3437,0.357,0.3669,0.3762,0.393,true
National,2024-09-08,0.3676,0.344,0.3574,0.3676,0.3766,0.3931,true
National,2024-09-15,0.363,0.3389,0.3531,0.363,0.3723,0.3882,true
National,2024-09-22,0.3587,0.335,0.3496,0.3587,0.3685,0.384,true
National,2024-09-29,0.3547,0.3308,0.3452,0.3547,0.3637,0.3796,true
National,2024-10-06,0.3514,0.3287,0.3418,0.352,0.3606,0.3753,true
National,2024-10-13,0.3495,0.3254,0.3402,0.3497,0.3591,0.3744,true
National,2024-10-20,0.3476,0.3235,0.3376,0.3479,0.3574,0.3724,true
National,2024-10-27,0.346,0.3224,0.336,0.3456,0.3554,0.3704,true
National,2024-11-03,0.3443,0.3212,0.3341,0.3439,0.3538,0.3668,true
National,2024-11-10,0.3406,0.3164,0.3309,0.3404,0.3495,0.3644,true
National,2024-11-17,0.3409,0.3181,0.3312,0.3404,0.35,0.3651,true
National,2024-11-24,0.3407,0.3185,0.3307,0.3407,0.3489,0.364,true
National,2024-12-01,0.3375,0.3153,0.328,0.3376,0.3459,0.3605,true
National,2024-12-08,0.3359,0.3126,0.3263,0.3362,0.3447,0.36,true
National,2024-12-15,0.3344,0.3097,0.3246,0.3345,0.3445,0.3597,true
National,2024-12-22,0.3328,0.3078,0.3229,0.3327,0.3435,0.3563,true
National,2024-12-29,0.3312,0.3066,0.3217,0.3307,0.3402,0.3565,true
National,2025-01-05,0.3296,0.307,0.3205,0.3291,0.339,0.354,true
National,2025-01-12,0.3302,0.3076,0.3212,0.3299,0.3392,0.3541,true
National,2025-01-19,0.329,0.3052,0.3204,0.3286,0.338,0.3548,true
National,2025-01-26,0.3283,0.3048,0.3191,0.3273,0.3373,0.3543,true
National,2025-02-02,0.3273,0.3046,0.3186,0.3269,0.3369,0.3516,true
National,2025-02-09,0.3272,0.3041,0.3184,0.3273,0.3371,0.3512,true
National,2025-02-16,0.328,0.3045,0.3187,0.3278,0.3381,0.3512,true
National,2025-02-23,0.3289,0.3057,0.3199,0.3288,0.3379,0.3529,true
National,2025-03-02,0.3298,0.3073,0.3205,0.3294,0.3388,0.3536,true
National,2025-03-09,0.3331,0.3099,0.3236,0.3328,0.3422,0.3568,true
National,2025-03-16,0.3327,0.3085,0.3224,0.3324,0.3428,0.3562,true
National,2025-03-23,0.3323,0.3083,0.322,0.3324,0.3416,0.356,true
National,2025-03-30,0.3325,0.3087,0.3231,0.3324,0.3424,0.3572,true
National,2025-04-06,0.3314,0.3083,0.3215,0.331,0.3408,0.3559,true
National,2025-04-13,0.3307,0.3063,0.3207,0.3303,0.3411,0.3556,true
National,2025-04-20,0.3296,0.3055,0.3186,0.3295,0.34,0.3553,true
National,2025-04-27,0.3287,0.303,0.3176,0.3287,0.3393,0.3541,true
National,2025-05-04,0.3276,0.3004,0.3175,0.3277,0.3382,0.3524,true
National,2025-05-11,0.3272,0.3024,0.3175,0.3268,0.3376,0.3526,true
National,2025-05-18,0.328,0.3033,0.3184,0.3283,0.3376,0.3523,true
National,2025-05-25,0.3289,0.3043,0.3195,0.3294,0.3386,0.3529,true
National,2025-06-01,0.3285,0.3045,0.3194,0.3283,0.3383,0.3527,true
National,2025-06-08,0.3276,0.3044,0.3177,0.3272,0.3369,0.3521,true
National,2025-06-15,0.3271,0.3033,0.3172,0.3268,0.3367,0.3519,true
National,2025-06-22,0.3261,0.3021,0.3156,0.3254,0.3365,0.3508,true
National,2025-06-29,0.326,0.3016,0.3154,0.3255,0.3353,0.3504,true
National,2025-07-06,0.3241,0.2984,0.3138,0.3233,0.3346,0.3507,true
National,2025-07-13,0.322,0.2962,0.3113,0.3219,0.3325,0.3491,true
National,2025-07-20,0.3219,0.296,0.311,0.3217,0.3325,0.3473,true
National,2025-07-27,0.3222,0.2967,0.3113,0.3217,0.333,0.3486,true
National,2025-08-03,0.3221,0.2969,0.3118,0.3221,0.3316,0.3471,true
National,2025-08-10,0.3196,0.2946,0.309,0.3195,0.3296,0.3461,true
National,2025-08-17,0.3212,0.296,0.3113,0.3211,0.3308,0.3487,true
National,2025-08-24,0.323,0.2978,0.3136,0.3226,0.3322,0.3501,true
National,2025-08-31,0.3252,0.2993,0.3156,0.3243,0.3344,0.3528,true
National,2025-09-07,0.3262,0.3016,0.3167,0.3258,0.3354,0.3529,true
National,2025-09-14,0.3252,0.2995,0.3154,0.325,0.3351,0.352,true
National,2025-09-21,0.3236,0.2966,0.3133,0.3234,0.3325,0.3507,true
National,2025-09-28,0.3224,0.297,0.3115,0.3219,0.3321,0.3507,true
National,2025-10-05,0.3208,0.2976,0.3107,0.3202,0.3303,0.3485,true
National,2025-10-12,0.3232,0.2984,0.3126,0.3227,0.3334,0.3501,true
National,2025-10-19,0.3239,0.2996,0.3124,0.3231,0.3351,0.3514,true
National,2025-10-26,0.324,0.299,0.3136,0.323,0.3341,0.3513,true
National,2025-11-02,0.3241,0.299,0.3139,0.3238,0.3352,0.3492,true
National,2025-11-09,0.3267,0.2995,0.3166,0.3261,0.3369,0.3532,true
National,2025-11-16,0.3251,0.3001,0.3147,0.3243,0.3357,0.3525,true
National,2025-11-23,0.3238,0.298,0.313,0.3232,0.3349,0.3521,true
National,2025-11-30,0.3221,0.2963,0.3119,0.3216,0.3326,0.3498,true
National,2025-12-07,0.3224,0.297,0.3124,0.3219,0.333,0.3497,true
National,2025-12-14,0.323,0.2969,0.3123,0.3224,0.3339,0.3513,true
National,2025-12-21,0.3238,0.2974,0.3114,0.3228,0.3348,0.3534,true
National,2025-12-28,0.3241,0.2973,0.3126,0.3236,0.3355,0.3538,true
National,2026-01-04,0.3246,0.2975,0.3121,0.3241,0.3362,0.3552,true
National,2026-01-11,0.325,0.2979,0.3132,0.3245,0.3368,0.3526,true
National,2026-01-18,0.3237,0.2968,0.3126,0.3235,0.3341,0.353,true
National,2026-01-25,0.322,0.2949,0.3106,0.3215,0.3326,0.3514,true
National,2026-02-01,0.32,0.2924,0.3089,0.3198,0.3305,0.3479,true
National,2026-02-08,0.3188,0.2911,0.308,0.3181,0.3293,0.3464,true
National,2026-02-15,0.316,0.2879,0.3052,0.3161,0.3269,0.3448,true
National,2026-02-22,0.3133,0.2852,0.302,0.3136,0.3252,0.3411,true
National,2026-03-01,0.3101,0.2823,0.2989,0.3102,0.3218,0.3373,true
National,2026-03-08,0.3033,0.2762,0.2926,0.303,0.3148,0.3309,true
National,2026-03-15,0.3028,0.275,0.2919,0.3024,0.3135,0.3306,true
National,2026-03-22,0.2995,0.2722,0.2892,0.2993,0.3101,0.3307,true
National,2026-03-29,0.2965,0.2688,0.2863,0.2962,0.3068,0.3262,true
National,2026-04-05,0.2938,0.2646,0.2833,0.2942,0.3051,0.3229,true
National,2026-04-12,0.2912,0.2635,0.2806,0.2907,0.3024,0.322,true
National,2026-04-19,0.2941,0.2645,0.2829,0.2932,0.3046,0.3269,true
National,2026-04-26,0.2971,0.2693,0.2854,0.2964,0.3084,0.3287,true
National,2026-05-03,0.2998,0.2714,0.2895,0.2987,0.31,0.3293,true
National,2026-05-10,0.3031,0.2753,0.2919,0.3022,0.314,0.3338,true
National,2026-05-17,0.3038,0.2751,0.2932,0.3031,0.3149,0.3329,true
National,2026-05-24,0.3044,0.2753,0.2938,0.3039,0.3158,0.3333,true
National,2026-05-31,0.3055,0.2762,0.2947,0.3051,0.3161,0.3355,true
National,2026-06-07,0.3057,0.2765,0.2956,0.3048,0.316,0.3351,true
National,2026-06-14,0.3044,0.2763,0.2932,0.304,0.3155,0.3338,true
National,2026-06-21,0.3049,0.2768,0.2927,0.3049,0.3175,0.3353,true
National,2026-06-28,0.3055,0.2758,0.2936,0.305,0.3176,0.3357,true
National,2026-07-05,0.3056,0.2759,0.2939,0.3044,0.3174,0.3371,true
National,2026-07-12,0.308,0.279,0.2961,0.3075,0.3194,0.3406,true
National,2026-07-19,0.3059,0.2772,0.2939,0.3058,0.317,0.3378,true
National,2026-07-26,0.3038,0.2741,0.2918,0.3036,0.315,0.3367,true
National,2026-08-02,0.3015,0.2731,0.2893,0.3008,0.3129,0.3332,true
National,2026-08-09,0.3004,0.271,0.2891,0.2994,0.3115,0.3324,true
National,2026-08-16,0.299,0.2669,0.2875,0.2989,0.31,0.3302,true
National,2026-08-23,0.2981,0.2684,0.2862,0.2977,0.3095,0.3294,true
National,2026-08-30,0.298,0.2678,0.2862,0.2977,0.31,0.3299,true
National,2026-09-06,0.2968,0.2666,0.284,0.2969,0.3089,0.3289,true
National,2026-09-13,0.2958,0.26,0.281,0.2957,0.3103,0.3319,false
National,2026-09-20,0.2953,0.2563,0.2788,0.294,0.3118,0.3374,false
National,2026-09-27,0.2947,0.2516,0.2768,0.2947,0.3111,0.3406,false
National,2026-10-04,0.2939,0.2469,0.2742,0.2943,0.3111,0.343,false
National,2026-10-11,0.2933,0.2408,0.2734,0.2934,0.313,0.3457,false
National,2026-10-18,0.2926,0.2368,0.2716,0.291,0.313,0.3473,false
National,2026-10-25,0.292,0.2327,0.2692,0.2895,0.3153,0.3521,false
National,2026-11-01,0.2914,0.2304,0.2661,0.2903,0.3153,0.3529,false
Labour,2011-11-20,0.2743,0.2743,0.2743,0.2743,0.2743,0.2743,true
Labour,2011-11-27,0.276,0.2622,0.2708,0.2755,0.2809,0.2903,true
Labour,2011-12-04,0.2778,0.2587,0.2703,0.2776,0.2844,0.2982,true
Labour,2011-12-11,0.2795,0.2573,0.2701,0.2792,0.2888,0.3026,true
Labour,2011-12-18,0.2816,0.2564,0.2713,0.2823,0.2917,0.3065,true
Labour,2011-12-25,0.2836,0.2561,0.2727,0.2843,0.2947,0.3106,true
Labour,2012-01-01,0.285,0.2539,0.2734,0.2855,0.2966,0.3145,true
Labour,2012-01-08,0.2862,0.2558,0.2742,0.2866,0.2987,0.3146,true
Labour,2012-01-15,0.2915,0.2614,0.2791,0.2912,0.3053,0.3228,true
Labour,2012-01-22,0.2962,0.2656,0.2833,0.2963,0.3094,0.3259,true
Labour,2012-01-29,0.2984,0.2657,0.285,0.2994,0.3112,0.3299,true
Labour,2012-02-05,0.3007,0.2684,0.2873,0.3018,0.3142,0.3325,true
Labour,2012-02-12,0.3005,0.2687,0.2869,0.3014,0.3138,0.3308,true
Labour,2012-02-19,0.2993,0.2678,0.287,0.3001,0.3121,0.3299,true
Labour,2012-02-26,0.2979,0.2661,0.285,0.2983,0.3116,0.3289,true
Labour,2012-03-04,0.2965,0.2634,0.284,0.2967,0.3099,0.3288,true
Labour,2012-03-11,0.2952,0.2637,0.2826,0.2955,0.3086,0.3249,true
Labour,2012-03-18,0.2942,0.2632,0.282,0.2952,0.307,0.324,true
Labour,2012-03-25,0.29,0.2577,0.2787,0.2911,0.3027,0.3203,true
Labour,2012-04-01,0.289,0.2558,0.277,0.2902,0.301,0.3196,true
Labour,2012-04-08,0.2877,0.2549,0.2757,0.2886,0.3007,0.3182,true
Labour,2012-04-15,0.2928,0.2595,0.2811,0.2935,0.3058,0.3217,true
Labour,2012-04-22,0.298,0.266,0.2862,0.2991,0.3102,0.3274,true
Labour,2012-04-29,0.3001,0.2674,0.2876,0.3009,0.313,0.3307,true
Labour,2012-05-06,0.3024,0.272,0.2894,0.3027,0.3147,0.3328,true
Labour,2012-05-13,0.3051,0.2727,0.293,0.3046,0.3172,0.3379,true
Labour,2012-05-20,0.3082,0.2763,0.2964,0.3083,0.32,0.3394,true
Labour,2012-05-27,0.3114,0.2811,0.2988,0.3116,0.3234,0.3401,true
Labour,2012-06-03,0.3158,0.2851,0.3034,0.3162,0.3276,0.3455,true
Labour,2012-06-10,0.3196,0.2895,0.3079,0.3205,0.3306,0.349,true
Labour,2012-06-17,0.3205,0.2901,0.3104,0.3206,0.3317,0.3478,true
Labour,2012-06-24,0.3202,0.2897,0.309,0.3214,0.3322,0.3486,true
Labour,2012-07-01,0.3198,0.2902,0.3088,0.3203,0.332,0.3476,true
Labour,2012-07-08,0.3181,0.2866,0.307,0.3184,0.3311,0.3469,true
Labour,2012-07-15,0.3165,0.2864,0.3066,0.3175,0.3282,0.3429,true
Labour,2012-07-22,0.3156,0.285,0.3045,0.317,0.3274,0.3426,true
Labour,2012-07-29,0.3147,0.2857,0.3045,0.3149,0.3269,0.3412,true
Labour,2012-08-05,0.3126,0.2827,0.3013,0.3132,0.3249,0.3385,true
Labour,2012-08-12,0.3144,0.2841,0.3033,0.3147,0.3268,0.3439,true
Labour,2012-08-19,0.3156,0.2863,0.3038,0.3165,0.3273,0.3417,true
Labour,2012-08-26,0.3166,0.2874,0.3053,0.3173,0.3288,0.344,true
Labour,2012-09-02,0.3178,0.2873,0.3062,0.3187,0.33,0.3458,true
Labour,2012-09-09,0.3216,0.2912,0.3099,0.3223,0.3337,0.3511,true
Labour,2012-09-16,0.3248,0.2949,0.3134,0.3253,0.3364,0.3527,true
Labour,2012-09-23,0.3243,0.2933,0.3129,0.3245,0.3361,0.3531,true
Labour,2012-09-30,0.3238,0.2943,0.3132,0.3243,0.3351,0.3515,true
Labour,2012-10-07,0.3201,0.2924,0.3095,0.3202,0.3317,0.3458,true
Labour,2012-10-14,0.3167,0.29,0.3069,0.3171,0.3274,0.3405,true
Labour,2012-10-21,0.3184,0.2899,0.3076,0.3186,0.3286,0.3444,true
Labour,2012-10-28,0.3194,0.2925,0.3082,0.3199,0.33,0.3466,true
Labour,2012-11-04,0.322,0.2927,0.3117,0.3225,0.3333,0.3488,true
Labour,2012-11-11,0.3246,0.295,0.314,0.3249,0.3361,0.3515,true
Labour,2012-11-18,0.3269,0.2994,0.3162,0.3279,0.3374,0.3534,true
Labour,2012-11-25,0.3339,0.3068,0.3232,0.3343,0.344,0.3611,true
Labour,2012-12-02,0.3343,0.3069,0.324,0.3347,0.3447,0.3598,true
Labour,2012-12-09,0.3322,0.3062,0.3212,0.3322,0.3433,0.3611,true
Labour,2012-12-16,0.3303,0.3017,0.3185,0.3302,0.3422,0.3577,true
Labour,2012-12-23,0.3282,0.2983,0.3162,0.328,0.3402,0.358,true
Labour,2012-12-30,0.3264,0.2962,0.3145,0.3268,0.3381,0.3565,true
Labour,2013-01-06,0.3244,0.2958,0.3142,0.3244,0.3348,0.3516,true
Labour,2013-01-13,0.325,0.2935,0.3153,0.326,0.3357,0.3524,true
Labour,2013-01-20,0.3256,0.2986,0.3146,0.3263,0.3366,0.3515,true
Labour,2013-01-27,0.3299,0.3017,0.3197,0.3309,0.3409,0.3568,true
Labour,2013-02-03,0.3337,0.3079,0.3236,0.3335,0.3443,0.3597,true
Labour,2013-02-10,0.3344,0.3094,0.3253,0.3347,0.3438,0.358,true
Labour,2013-02-17,0.3284,0.3037,0.3191,0.3293,0.3383,0.3509,true
Labour,2013-02-24,0.3283,0.3035,0.3182,0.3291,0.3386,0.3524,true
Labour,2013-03-03,0.3322,0.3068,0.323,0.3323,0.3423,0.3552,true
Labour,2013-03-10,0.3376,0.3132,0.3276,0.3376,0.3477,0.3604,true
Labour,2013-03-17,0.3389,0.3148,0.3281,0.3392,0.349,0.3636,true
Labour,2013-03-24,0.3385,0.3136,0.3278,0.3388,0.349,0.3644,true
Labour,2013-03-31,0.3374,0.3128,0.3267,0.338,0.3476,0.3629,true
Labour,2013-04-07,0.3362,0.3114,0.3261,0.3367,0.3456,0.3598,true
Labour,2013-04-14,0.3286,0.3049,0.3192,0.329,0.3383,0.3514,true
Labour,2013-04-21,0.3259,0.3018,0.3171,0.3257,0.335,0.3487,true
Labour,2013-04-28,0.3265,0.3027,0.3165,0.3265,0.3358,0.351,true
Labour,2013-05-05,0.3268,0.3043,0.318,0.3267,0.3361,0.3489,true
Labour,2013-05-12,0.3276,0.3042,0.3187,0.3284,0.3366,0.3497,true
Labour,2013-05-19,0.3287,0.3071,0.3201,0.3291,0.3381,0.3493,true
Labour,2013-05-26,0.3261,0.3018,0.3173,0.3255,0.3359,0.3499,true
Labour,2013-06-02,0.3242,0.3007,0.3147,0.3241,0.3338,0.348,true
Labour,2013-06-09,0.3215,0.2962,0.3127,0.3221,0.3312,0.3442,true
Labour,2013-06-16,0.3163,0.2935,0.3073,0.3165,0.3256,0.3397,true
Labour,2013-06-23,0.3149,0.2939,0.3063,0.3148,0.3231,0.3362,true
Labour,2013-06-30,0.3135,0.2921,0.3046,0.3134,0.3228,0.3358,true
Labour,2013-07-07,0.312,0.2902,0.3039,0.3118,0.3207,0.3323,true
Labour,2013-07-14,0.3124,0.2888,0.3035,0.3128,0.3216,0.3348,true
Labour,2013-07-21,0.3122,0.2884,0.3042,0.3121,0.3212,0.3329,true
Labour,2013-07-28,0.3206,0.2982,0.312,0.321,0.3291,0.3413,true
Labour,2013-08-04,0.3255,0.3049,0.3175,0.325,0.3342,0.3466,true
Labour,2013-08-11,0.3256,0.3043,0.3172,0.3257,0.3343,0.3473,true
Labour,2013-08-18,0.3273,0.3064,0.3183,0.327,0.3367,0.3487,true
Labour,2013-08-25,0.3315,0.3087,0.3221,0.3311,0.3408,0.3536,true
Labour,2013-09-01,0.3351,0.3116,0.3255,0.3347,0.345,0.3578,true
Labour,2013-09-08,0.3412,0.3188,0.3319,0.3412,0.3515,0.3631,true
Labour,2013-09-15,0.3484,0.3273,0.3393,0.3482,0.3576,0.37,true
Labour,2013-09-22,0.3536,0.3316,0.344,0.3533,0.3633,0.3757,true
Labour,2013-09-29,0.3533,0.329,0.3434,0.3529,0.3633,0.3778,true
Labour,2013-10-06,0.3537,0.3312,0.3445,0.3533,0.3629,0.3781,true
Labour,2013-10-13,0.348,0.3261,0.3393,0.348,0.3573,0.3704,true
Labour,2013-10-20,0.3428,0.323,0.3349,0.3426,0.3502,0.3635,true
Labour,2013-10-27,0.3366,0.3147,0.3288,0.337,0.3447,0.3574,true
Labour,2013-11-03,0.3302,0.3101,0.3219,0.3302,0.3381,0.351,true
Labour,2013-11-10,0.3307,0.3083,0.3216,0.3308,0.3391,0.3533,true
Labour,2013-11-17,0.3305,0.3091,0.3209,0.3301,0.3405,0.3529,true
Labour,2013-11-24,0.3289,0.3064,0.3189,0.3285,0.3384,0.3544,true
Labour,2013-12-01,0.3269,0.3061,0.3171,0.3266,0.3366,0.3496,true
Labour,2013-12-08,0.3303,0.3083,0.3214,0.3306,0.339,0.3529,true
Labour,2013-12-15,0.3298,0.3057,0.3199,0.3299,0.3393,0.3539,true
Labour,2013-12-22,0.33,0.3034,0.3193,0.3301,0.3404,0.3558,true
Labour,2013-12-29,0.3302,0.3038,0.3193,0.3303,0.3397,0.3569,true
Labour,2014-01-05,0.331,0.3076,0.3213,0.331,0.3407,0.3557,true
Labour,2014-01-12,0.3314,0.3098,0.3224,0.3313,0.3404,0.3541,true
Labour,2014-01-19,0.33,0.3079,0.3211,0.3301,0.3395,0.3512,true
Labour,2014-01-26,0.3276,0.3076,0.3197,0.328,0.3356,0.3478,true
Labour,2014-02-02,0.3246,0.3066,0.3169,0.3243,0.3323,0.3435,true
Labour,2014-02-09,0.3197,0.3019,0.3118,0.3197,0.3272,0.3384,true
Labour,2014-02-16,0.3182,0.2981,0.3099,0.3181,0.3267,0.3371,true
Labour,2014-02-23,0.3136,0.294,0.3057,0.3131,0.3218,0.3334,true
Labour,2014-03-02,0.311,0.2918,0.3025,0.3114,0.3191,0.3309,true
Labour,2014-03-09,0.3079,0.2891,0.3006,0.3082,0.3156,0.3255,true
Labour,2014-03-16,0.3077,0.2891,0.2998,0.3078,0.3161,0.3264,true
Labour,2014-03-23,0.3079,0.2897,0.301,0.3078,0.315,0.3257,true
Labour,2014-03-30,0.3057,0.2876,0.2984,0.306,0.3128,0.3239,true
Labour,2014-04-06,0.3015,0.283,0.2934,0.3016,0.3095,0.3192,true
Labour,2014-04-13,0.3018,0.283,0.2928,0.3022,0.3099,0.322,true
Labour,2014-04-20,0.3026,0.2826,0.2941,0.3023,0.3112,0.323,true
Labour,2014-04-27,0.3035,0.2833,0.2952,0.3037,0.3115,0.3231,true
Labour,2014-05-04,0.3018,0.2826,0.2938,0.3014,0.3096,0.3218,true
Labour,2014-05-11,0.3008,0.2813,0.2933,0.3006,0.3083,0.3193,true
Labour,2014-05-18,0.2956,0.2772,0.288,0.2952,0.3037,0.3142,true
Labour,2014-05-25,0.2911,0.2732,0.2834,0.2909,0.2987,0.3091,true
Labour,2014-06-01,0.2862,0.2679,0.2787,0.2859,0.2939,0.3066,true
Labour,2014-06-08,0.281,0.2643,0.274,0.2809,0.2877,0.2985,true
Labour,2014-06-15,0.2728,0.257,0.2656,0.2728,0.2801,0.289,true
Labour,2014-06-22,0.2739,0.2579,0.2678,0.2743,0.2801,0.2887,true
Labour,2014-06-29,0.2688,0.2531,0.2615,0.2682,0.276,0.2855,true
Labour,2014-07-06,0.264,0.2478,0.2571,0.2637,0.2708,0.2806,true
Labour,2014-07-13,0.2659,0.2493,0.2591,0.266,0.2727,0.282,true
Labour,2014-07-20,0.274,0.2567,0.2669,0.2736,0.281,0.2914,true
Labour,2014-07-27,0.2744,0.2512,0.2645,0.2745,0.2844,0.2977,true
Labour,2014-08-03,0.2745,0.255,0.2663,0.2743,0.282,0.295,true
Labour,2014-08-10,0.2585,0.2426,0.2518,0.2579,0.2649,0.2756,true
Labour,2014-08-17,0.2553,0.2382,0.248,0.2548,0.2626,0.2735,true
Labour,2014-08-24,0.2568,0.2413,0.2507,0.2566,0.2628,0.273,true
Labour,2014-08-31,0.2484,0.2333,0.2421,0.2487,0.2546,0.263,true
Labour,2014-09-07,0.2447,0.2316,0.2387,0.2444,0.2504,0.2591,true
Labour,2014-09-14,0.2508,0.2508,0.2508,0.2508,0.2508,0.2508,true
Labour,2014-09-21,0.2507,0.239,0.2464,0.2508,0.2553,0.2626,true
Labour,2014-09-28,0.2503,0.2343,0.2441,0.2499,0.2562,0.266,true
Labour,2014-10-05,0.25,0.2317,0.2423,0.2502,0.2573,0.2683,true
Labour,2014-10-12,0.2535,0.2316,0.2451,0.2529,0.2622,0.2758,true
Labour,2014-10-19,0.256,0.232,0.2462,0.2558,0.266,0.2803,true
Labour,2014-10-26,0.2589,0.2339,0.2488,0.2593,0.2684,0.2858,true
Labour,2014-11-02,0.2617,0.2381,0.2525,0.2617,0.2705,0.2858,true
Labour,2014-11-09,0.2661,0.2407,0.2543,0.266,0.2773,0.2928,true
Labour,2014-11-16,0.2705,0.2435,0.2586,0.27,0.2826,0.2969,true
Labour,2014-11-23,0.2753,0.2491,0.2635,0.2759,0.2861,0.3007,true
Labour,2014-11-30,0.2796,0.2543,0.269,0.2805,0.29,0.3048,true
Labour,2014-12-07,0.2814,0.2546,0.2704,0.2813,0.2922,0.3096,true
Labour,2014-12-14,0.2835,0.2577,0.2722,0.2837,0.2939,0.3114,true
Labour,2014-12-21,0.2841,0.2555,0.2725,0.2832,0.2957,0.3135,true
Labour,2014-12-28,0.2852,0.2577,0.273,0.2855,0.2969,0.3133,true
Labour,2015-01-04,0.2856,0.2564,0.2743,0.2859,0.2959,0.3145,true
Labour,2015-01-11,0.2854,0.2589,0.2754,0.2856,0.2956,0.3114,true
Labour,2015-01-18,0.2882,0.2631,0.278,0.2884,0.2984,0.3149,true
Labour,2015-01-25,0.2938,0.2686,0.2823,0.2929,0.3046,0.3199,true
Labour,2015-02-01,0.2987,0.2735,0.2883,0.2982,0.3085,0.3258,true
Labour,2015-02-08,0.3044,0.2787,0.2942,0.3031,0.3153,0.332,true
Labour,2015-02-15,0.3067,0.2806,0.2958,0.306,0.3173,0.3334,true
Labour,2015-02-22,0.3085,0.281,0.2972,0.3074,0.3201,0.3359,true
Labour,2015-03-01,0.31,0.2824,0.2987,0.3091,0.3219,0.3416,true
Labour,2015-03-08,0.3116,0.2839,0.3006,0.3109,0.3234,0.3404,true
Labour,2015-03-15,0.3089,0.2823,0.2974,0.3082,0.3199,0.3377,true
Labour,2015-03-22,0.3058,0.2787,0.294,0.3052,0.3174,0.3344,true
Labour,2015-03-29,0.3032,0.2753,0.2918,0.3033,0.3145,0.3327,true
Labour,2015-04-05,0.2998,0.274,0.2886,0.2999,0.3094,0.327,true
Labour,2015-04-12,0.2972,0.2735,0.2871,0.2961,0.3073,0.3226,true
Labour,2015-04-19,0.2939,0.2689,0.2834,0.2935,0.3045,0.3196,true
Labour,2015-04-26,0.2921,0.2657,0.2809,0.2927,0.303,0.3183,true
Labour,2015-05-03,0.2893,0.2631,0.2784,0.2895,0.3004,0.3159,true
Labour,2015-05-10,0.2876,0.2616,0.2782,0.2872,0.298,0.3129,true
Labour,2015-05-17,0.2903,0.2645,0.2795,0.2902,0.301,0.3173,true
Labour,2015-05-24,0.2937,0.2712,0.2837,0.2941,0.3026,0.3172,true
Labour,2015-05-31,0.2937,0.2696,0.2833,0.294,0.3042,0.3178,true
Labour,2015-06-07,0.2934,0.2666,0.2824,0.2938,0.3043,0.3185,true
Labour,2015-06-14,0.2934,0.2685,0.2828,0.2937,0.3033,0.3179,true
Labour,2015-06-21,0.2991,0.2732,0.288,0.2994,0.3099,0.3259,true
Labour,2015-06-28,0.3041,0.279,0.2933,0.3035,0.3155,0.332,true
Labour,2015-07-05,0.3098,0.2855,0.2992,0.3088,0.3206,0.3364,true
Labour,2015-07-12,0.3068,0.2829,0.2971,0.306,0.3165,0.3329,true
Labour,2015-07-19,0.3058,0.282,0.2954,0.3043,0.3173,0.331,true
Labour,2015-07-26,0.3047,0.2782,0.294,0.3036,0.3156,0.3304,true
Labour,2015-08-02,0.3035,0.2797,0.2927,0.3026,0.3135,0.3285,true
Labour,2015-08-09,0.3019,0.2773,0.2925,0.3014,0.3119,0.3269,true
Labour,2015-08-16,0.3052,0.2804,0.2951,0.3044,0.3151,0.3312,true
Labour,2015-08-23,0.3082,0.2835,0.2988,0.3081,0.3181,0.3322,true
Labour,2015-08-30,0.3116,0.2888,0.3026,0.3115,0.3213,0.3345,true
Labour,2015-09-06,0.3141,0.291,0.3041,0.315,0.3243,0.3355,true
Labour,2015-09-13,0.3119,0.2891,0.3014,0.3125,0.3219,0.336,true
Labour,2015-09-20,0.3103,0.2853,0.3,0.3105,0.3205,0.3351,true
Labour,2015-09-27,0.3082,0.2838,0.2986,0.3072,0.3181,0.3343,true
Labour,2015-10-04,0.3063,0.2811,0.2963,0.3062,0.3162,0.3315,true
Labour,2015-10-11,0.306,0.282,0.2977,0.3066,0.3145,0.3302,true
Labour,2015-10-18,0.3066,0.2814,0.2965,0.3061,0.3155,0.3346,true
Labour,2015-10-25,0.3073,0.2837,0.2969,0.3059,0.317,0.333,true
Labour,2015-11-01,0.3077,0.285,0.2982,0.3074,0.3172,0.3309,true
Labour,2015-11-08,0.3074,0.2848,0.2976,0.3069,0.3161,0.3306,true
Labour,2015-11-15,0.3059,0.2814,0.2963,0.3056,0.3153,0.3325,true
Labour,2015-11-22,0.3046,0.2794,0.2938,0.3046,0.3146,0.33,true
Labour,2015-11-29,0.3034,0.28,0.2936,0.3034,0.3129,0.3278,true
Labour,2015-12-06,0.3037,0.2819,0.2939,0.303,0.3132,0.328,true
Labour,2015-12-13,0.3018,0.2774,0.2908,0.3017,0.3117,0.3272,true
Labour,2015-12-20,0.3005,0.2725,0.2905,0.3007,0.3107,0.327,true
Labour,2015-12-27,0.2989,0.2732,0.2886,0.2988,0.3102,0.3257,true
Labour,2016-01-03,0.2973,0.2718,0.2871,0.2978,0.3076,0.3227,true
Labour,2016-01-10,0.2954,0.2709,0.2859,0.2958,0.3049,0.3189,true
Labour,2016-01-17,0.2948,0.2699,0.284,0.2956,0.305,0.3187,true
Labour,2016-01-24,0.2943,0.2707,0.2841,0.2938,0.3048,0.3189,true
Labour,2016-01-31,0.2938,0.2704,0.284,0.2933,0.3032,0.3172,true
Labour,2016-02-07,0.2939,0.2713,0.284,0.2941,0.3032,0.3172,true
Labour,2016-02-14,0.2969,0.2744,0.2872,0.296,0.3066,0.3202,true
Labour,2016-02-21,0.2948,0.2718,0.2848,0.2952,0.3038,0.3205,true
Labour,2016-02-28,0.2933,0.2696,0.2837,0.2932,0.303,0.3176,true
Labour,2016-03-06,0.2914,0.2696,0.2818,0.2912,0.3007,0.3134,true
Labour,2016-03-13,0.2895,0.267,0.2801,0.2895,0.299,0.3125,true
Labour,2016-03-20,0.2875,0.2632,0.2781,0.2882,0.2971,0.3083,true
Labour,2016-03-27,0.2855,0.2616,0.2763,0.2856,0.295,0.3078,true
Labour,2016-04-03,0.2837,0.2626,0.2753,0.2841,0.2918,0.3057,true
Labour,2016-04-10,0.2831,0.2626,0.2746,0.2834,0.2914,0.3047,true
Labour,2016-04-17,0.2859,0.2637,0.2764,0.2859,0.2951,0.3089,true
Labour,2016-04-24,0.2889,0.2658,0.2793,0.2889,0.2977,0.3122,true
Labour,2016-05-01,0.2908,0.2683,0.2814,0.291,0.2998,0.3131,true
Labour,2016-05-08,0.294,0.2726,0.2846,0.2935,0.3032,0.3149,true
Labour,2016-05-15,0.2938,0.2733,0.2843,0.2938,0.3029,0.3167,true
Labour,2016-05-22,0.2915,0.2686,0.2815,0.2917,0.3017,0.3152,true
Labour,2016-05-29,0.2902,0.2679,0.281,0.2902,0.2999,0.3123,true
Labour,2016-06-05,0.29,0.2664,0.2803,0.2904,0.2993,0.3129,true
Labour,2016-06-12,0.2901,0.2682,0.28,0.2906,0.2994,0.3109,true
Labour,2016-06-19,0.2885,0.2647,0.2785,0.2893,0.2987,0.3115,true
Labour,2016-06-26,0.288,0.2629,0.2769,0.2884,0.2991,0.3116,true
Labour,2016-07-03,0.2872,0.2609,0.2759,0.2873,0.2981,0.3131,true
Labour,2016-07-10,0.2868,0.263,0.277,0.287,0.2968,0.3093,true
Labour,2016-07-17,0.2859,0.2649,0.2763,0.2861,0.2951,0.3077,true
Labour,2016-07-24,0.2907,0.2695,0.281,0.2902,0.3003,0.3127,true
Labour,2016-07-31,0.2879,0.2649,0.2777,0.2873,0.2975,0.3121,true
Labour,2016-08-07,0.2854,0.2632,0.2747,0.2843,0.296,0.3106,true
Labour,2016-08-14,0.283,0.2618,0.2737,0.2822,0.2918,0.3064,true
Labour,2016-08-21,0.2841,0.262,0.2742,0.284,0.2934,0.3084,true
Labour,2016-08-28,0.2857,0.2628,0.2756,0.2852,0.2955,0.3087,true
Labour,2016-09-04,0.2868,0.2651,0.2773,0.2864,0.2959,0.3094,true
Labour,2016-09-11,0.2981,0.2757,0.2886,0.2977,0.308,0.322,true
Labour,2016-09-18,0.2939,0.2698,0.2826,0.2933,0.3044,0.3204,true
Labour,2016-09-25,0.2892,0.2635,0.2777,0.2882,0.2999,0.3176,true
Labour,2016-10-02,0.2849,0.2594,0.2744,0.284,0.2954,0.3117,true
Labour,2016-10-09,0.2808,0.2569,0.2706,0.2803,0.2902,0.3074,true
Labour,2016-10-16,0.2769,0.2545,0.2678,0.2767,0.2862,0.2985,true
Labour,2016-10-23,0.2732,0.2522,0.2636,0.2735,0.282,0.2956,true
Labour,2016-10-30,0.2699,0.2481,0.2612,0.27,0.2786,0.2926,true
Labour,2016-11-06,0.2666,0.2451,0.258,0.2669,0.2753,0.2863,true
Labour,2016-11-13,0.27,0.2491,0.2614,0.2697,0.2783,0.2912,true
Labour,2016-11-20,0.2737,0.2515,0.2645,0.2736,0.2824,0.2965,true
Labour,2016-11-27,0.2769,0.2552,0.2679,0.277,0.2846,0.2994,true
Labour,2016-12-04,0.2811,0.2598,0.2717,0.2809,0.2902,0.3034,true
Labour,2016-12-11,0.2821,0.257,0.2724,0.2826,0.2918,0.3062,true
Labour,2016-12-18,0.2823,0.2576,0.2726,0.2823,0.2918,0.3082,true
Labour,2016-12-25,0.282,0.2576,0.2717,0.2817,0.2915,0.3078,true
Labour,2017-01-01,0.282,0.2588,0.2718,0.2817,0.2916,0.3059,true
Labour,2017-01-08,0.2817,0.2593,0.2713,0.2811,0.2918,0.3042,true
Labour,2017-01-15,0.2826,0.2587,0.273,0.2822,0.2925,0.3061,true
Labour,2017-01-22,0.2835,0.2598,0.2732,0.2833,0.294,0.3067,true
Labour,2017-01-29,0.2841,0.2613,0.2736,0.2833,0.2946,0.307,true
Labour,2017-02-05,0.2846,0.2635,0.2759,0.2848,0.2937,0.3064,true
Labour,2017-02-12,0.2884,0.2674,0.2788,0.2885,0.2981,0.3085,true
Labour,2017-02-19,0.292,0.2689,0.2822,0.2921,0.3013,0.3171,true
Labour,2017-02-26,0.2961,0.273,0.286,0.2964,0.3053,0.3195,true
Labour,2017-03-05,0.3002,0.2792,0.2909,0.3005,0.3092,0.3207,true
Labour,2017-03-12,0.302,0.2826,0.2931,0.3016,0.3103,0.323,true
Labour,2017-03-19,0.3001,0.2805,0.2908,0.3,0.3087,0.3211,true
Labour,2017-03-26,0.2996,0.2774,0.2896,0.2996,0.31,0.3224,true
Labour,2017-04-02,0.2988,0.2756,0.2883,0.2988,0.309,0.3223,true
Labour,2017-04-09,0.2978,0.275,0.2883,0.2977,0.3069,0.3201,true
Labour,2017-04-16,0.2947,0.2696,0.2843,0.2946,0.3042,0.32,true
Labour,2017-04-23,0.2924,0.2694,0.282,0.2922,0.3019,0.3174,true
Labour,2017-04-30,0.2906,0.267,0.2807,0.2904,0.3005,0.3149,true
Labour,2017-05-07,0.2885,0.2661,0.2782,0.2885,0.2987,0.3104,true
Labour,2017-05-14,0.2846,0.2624,0.2754,0.2839,0.2939,0.307,true
Labour,2017-05-21,0.2806,0.2595,0.2723,0.2801,0.2888,0.3036,true
Labour,2017-05-28,0.2778,0.2581,0.2685,0.2775,0.2862,0.2999,true
Labour,2017-06-04,0.2752,0.2547,0.2665,0.2755,0.2838,0.2948,true
Labour,2017-06-11,0.2753,0.2544,0.2677,0.2752,0.2832,0.2953,true
Labour,2017-06-18,0.2763,0.2556,0.2669,0.2763,0.2849,0.2983,true
Labour,2017-06-25,0.2771,0.2573,0.2679,0.2768,0.2855,0.2987,true
Labour,2017-07-02,0.2781,0.2577,0.269,0.2786,0.2871,0.2994,true
Labour,2017-07-09,0.2721,0.2483,0.2627,0.2726,0.2814,0.2948,true
Labour,2017-07-16,0.2664,0.2412,0.256,0.2661,0.2767,0.2901,true
Labour,2017-07-23,0.2604,0.2362,0.2505,0.2612,0.2701,0.2815,true
Labour,2017-07-30,0.3145,0.2892,0.3027,0.3144,0.3251,0.3407,true
Labour,2017-08-06,0.3334,0.3077,0.3229,0.3329,0.3439,0.3597,true
Labour,2017-08-13,0.3596,0.3306,0.3487,0.3602,0.3709,0.3863,true
Labour,2017-08-20,0.3904,0.3643,0.3789,0.3904,0.4012,0.416,true
Labour,2017-08-27,0.4027,0.3777,0.3926,0.4031,0.4126,0.4273,true
Labour,2017-09-03,0.4032,0.381,0.3941,0.4031,0.4121,0.4274,true
Labour,2017-09-10,0.3944,0.3736,0.3858,0.3935,0.4032,0.4161,true
Labour,2017-09-17,0.3689,0.3689,0.3689,0.3689,0.3689,0.3689,true
Labour,2017-09-24,0.3699,0.3551,0.3643,0.3694,0.3754,0.3852,true
Labour,2017-10-01,0.3707,0.3504,0.3632,0.3705,0.3779,0.3915,true
Labour,2017-10-08,0.3716,0.3482,0.3627,0.3718,0.3799,0.3951,true
Labour,2017-10-15,0.3823,0.3547,0.3714,0.3819,0.3935,0.4104,true
Labour,2017-10-22,0.3929,0.3621,0.3796,0.3921,0.406,0.4261,true
Labour,2017-10-29,0.4042,0.3714,0.3907,0.4039,0.418,0.4368,true
Labour,2017-11-05,0.4145,0.3845,0.4021,0.4144,0.4282,0.4446,true
Labour,2017-11-12,0.4169,0.3859,0.4039,0.4175,0.4298,0.4481,true
Labour,2017-11-19,0.4193,0.3885,0.4063,0.4188,0.4327,0.4504,true
Labour,2017-11-26,0.4218,0.3919,0.4091,0.4219,0.4335,0.451,true
Labour,2017-12-03,0.4213,0.3925,0.4083,0.4216,0.4338,0.4504,true
Labour,2017-12-10,0.4265,0.3958,0.4139,0.426,0.4394,0.4599,true
Labour,2017-12-17,0.432,0.397,0.4171,0.4315,0.4458,0.467,true
Labour,2017-12-24,0.4382,0.4045,0.4232,0.4386,0.4531,0.4719,true
Labour,2017-12-31,0.4445,0.4102,0.4299,0.445,0.4589,0.4769,true
Labour,2018-01-07,0.4502,0.4189,0.4361,0.4508,0.4638,0.4824,true
Labour,2018-01-14,0.456,0.4259,0.4432,0.4561,0.4688,0.4851,true
Labour,2018-01-21,0.4582,0.427,0.4457,0.4581,0.4716,0.4898,true
Labour,2018-01-28,0.4691,0.4329,0.4556,0.4688,0.4824,0.5033,true
Labour,2018-02-04,0.4785,0.4414,0.4647,0.478,0.4918,0.5139,true
Labour,2018-02-11,0.4895,0.4552,0.4761,0.4894,0.5029,0.5252,true
Labour,2018-02-18,0.4873,0.4511,0.4731,0.4862,0.5015,0.5274,true
Labour,2018-02-25,0.486,0.4492,0.471,0.4849,0.5013,0.5251,true
Labour,2018-03-04,0.4843,0.4458,0.4677,0.4849,0.5008,0.5216,true
Labour,2018-03-11,0.4821,0.4446,0.4649,0.4816,0.4976,0.522,true
Labour,2018-03-18,0.4805,0.4444,0.4649,0.4797,0.497,0.5188,true
Labour,2018-03-25,0.479,0.4444,0.4657,0.4787,0.4931,0.5148,true
Labour,2018-04-01,0.4774,0.443,0.4638,0.4771,0.4916,0.5125,true
Labour,2018-04-08,0.4757,0.4441,0.4639,0.4761,0.488,0.5084,true
Labour,2018-04-15,0.474,0.4392,0.4609,0.4743,0.486,0.5084,true
Labour,2018-04-22,0.4719,0.4365,0.4575,0.4716,0.4852,0.5084,true
Labour,2018-04-29,0.4695,0.4351,0.4549,0.47,0.4832,0.5045,true
Labour,2018-05-06,0.4678,0.4329,0.4546,0.4683,0.4808,0.5,true
Labour,2018-05-13,0.4652,0.4335,0.4519,0.4658,0.4775,0.498,true
Labour,2018-05-20,0.4627,0.4343,0.4509,0.4627,0.474,0.4917,true
Labour,2018-05-27,0.4632,0.4315,0.4493,0.4627,0.476,0.4974,true
Labour,2018-06-03,0.464,0.4285,0.4495,0.4635,0.478,0.4987,true
Labour,2018-06-10,0.4649,0.4277,0.4488,0.4641,0.4807,0.5061,true
Labour,2018-06-17,0.4659,0.4262,0.4505,0.466,0.4815,0.5076,true
Labour,2018-06-24,0.4661,0.4272,0.4491,0.4653,0.481,0.508,true
Labour,2018-07-01,0.4665,0.4278,0.4505,0.4661,0.482,0.507,true
Labour,2018-07-08,0.4671,0.4287,0.4516,0.4669,0.4822,0.5059,true
Labour,2018-07-15,0.4683,0.4294,0.4525,0.467,0.4842,0.507,true
Labour,2018-07-22,0.4687,0.431,0.455,0.4687,0.4835,0.5044,true
Labour,2018-07-29,0.4696,0.4363,0.4568,0.4691,0.4834,0.5031,true
Labour,2018-08-05,0.4713,0.4375,0.458,0.4711,0.485,0.506,true
Labour,2018-08-12,0.4728,0.4361,0.4586,0.4716,0.4878,0.5093,true
Labour,2018-08-19,0.474,0.4362,0.458,0.4736,0.4892,0.5123,true
Labour,2018-08-26,0.4761,0.4381,0.4603,0.4749,0.4925,0.5148,true
Labour,2018-09-02,0.4774,0.4364,0.4603,0.4764,0.4947,0.5194,true
Labour,2018-09-09,0.4791,0.4354,0.4619,0.479,0.4956,0.5236,true
Labour,2018-09-16,0.4812,0.4417,0.4649,0.4809,0.4975,0.5242,true
Labour,2018-09-23,0.4829,0.4439,0.4672,0.4827,0.4978,0.5212,true
Labour,2018-09-30,0.4838,0.4468,0.4681,0.4838,0.4987,0.5195,true
Labour,2018-10-07,0.4857,0.4522,0.4728,0.4864,0.4984,0.5219,true
Labour,2018-10-14,0.4867,0.4528,0.4744,0.4873,0.4998,0.5176,true
Labour,2018-10-21,0.4869,0.4532,0.474,0.4874,0.4996,0.52,true
Labour,2018-10-28,0.4873,0.4545,0.4736,0.4878,0.5005,0.5233,true
Labour,2018-11-04,0.4873,0.4527,0.4724,0.4873,0.5016,0.5204,true
Labour,2018-11-11,0.4864,0.4523,0.4729,0.4872,0.5007,0.5177,true
Labour,2018-11-18,0.4858,0.4522,0.474,0.4865,0.5006,0.5155,true
Labour,2018-11-25,0.4853,0.4546,0.4745,0.4854,0.497,0.5137,true
Labour,2018-12-02,0.4875,0.4556,0.4745,0.4877,0.5001,0.5185,true
Labour,2018-12-09,0.489,0.456,0.4753,0.4891,0.5019,0.5227,true
Labour,2018-12-16,0.4908,0.4556,0.4772,0.4914,0.5045,0.5251,true
Labour,2018-12-23,0.4927,0.4573,0.478,0.4933,0.5072,0.5291,true
Labour,2018-12-30,0.4945,0.4604,0.4812,0.4947,0.5088,0.5279,true
Labour,2019-01-06,0.496,0.4625,0.4839,0.4965,0.5086,0.5274,true
Labour,2019-01-13,0.4979,0.467,0.4866,0.4979,0.5103,0.5288,true
Labour,2019-01-20,0.4999,0.4701,0.4883,0.4999,0.5117,0.5303,true
Labour,2019-01-27,0.5016,0.4751,0.4914,0.5012,0.5116,0.5287,true
Labour,2019-02-03,0.503,0.4754,0.4921,0.5033,0.5139,0.5308,true
Labour,2019-02-10,0.5041,0.477,0.493,0.5038,0.5156,0.53,true
Labour,2019-02-17,0.5064,0.4763,0.4956,0.5063,0.5188,0.5362,true
Labour,2019-02-24,0.5086,0.4779,0.4954,0.5079,0.5216,0.5442,true
Labour,2019-03-03,0.5108,0.4788,0.4981,0.5104,0.5248,0.5436,true
Labour,2019-03-10,0.5119,0.4795,0.4988,0.5114,0.5255,0.5449,true
Labour,2019-03-17,0.5129,0.4805,0.5007,0.513,0.5263,0.5429,true
Labour,2019-03-24,0.5147,0.4854,0.5042,0.5149,0.5256,0.5427,true
Labour,2019-03-31,0.5172,0.4864,0.5068,0.5181,0.5286,0.544,true
Labour,2019-04-07,0.5191,0.4921,0.5079,0.5198,0.5304,0.5449,true
Labour,2019-04-14,0.517,0.4846,0.505,0.5174,0.5286,0.5467,true
Labour,2019-04-21,0.5154,0.4807,0.5021,0.5155,0.5283,0.5501,true
Labour,2019-04-28,0.5135,0.4796,0.4996,0.5134,0.5274,0.5471,true
Labour,2019-05-05,0.5123,0.4777,0.4985,0.5124,0.5257,0.5459,true
Labour,2019-05-12,0.5107,0.4775,0.4979,0.5113,0.5249,0.5422,true
Labour,2019-05-19,0.5087,0.4788,0.4966,0.5091,0.5212,0.5398,true
Labour,2019-05-26,0.507,0.4805,0.4961,0.5065,0.5184,0.5351,true
Labour,2019-06-02,0.5054,0.4807,0.4964,0.5055,0.5145,0.529,true
Labour,2019-06-09,0.5021,0.4746,0.4904,0.502,0.5133,0.5305,true
Labour,2019-06-16,0.4988,0.4699,0.4856,0.4999,0.5112,0.53,true
Labour,2019-06-23,0.4963,0.4656,0.4837,0.4968,0.5079,0.5274,true
Labour,2019-06-30,0.4929,0.4597,0.4796,0.4926,0.5056,0.5285,true
Labour,2019-07-07,0.4895,0.4589,0.4756,0.489,0.503,0.5217,true
Labour,2019-07-14,0.4866,0.4563,0.4747,0.4861,0.4991,0.5149,true
Labour,2019-07-21,0.4824,0.4538,0.4709,0.4822,0.4936,0.5092,true
Labour,2019-07-28,0.4798,0.4502,0.4683,0.479,0.4933,0.5098,true
Labour,2019-08-04,0.4765,0.4444,0.4635,0.4763,0.4898,0.508,true
Labour,2019-08-11,0.4733,0.4379,0.4612,0.4734,0.4858,0.5078,true
Labour,2019-08-18,0.4706,0.4355,0.4564,0.4705,0.4841,0.5052,true
Labour,2019-08-25,0.4665,0.4315,0.4536,0.4662,0.4795,0.5015,true
Labour,2019-09-01,0.4631,0.4288,0.4502,0.4637,0.476,0.4964,true
Labour,2019-09-08,0.4604,0.4299,0.4479,0.4606,0.4722,0.4894,true
Labour,2019-09-15,0.4574,0.4288,0.4456,0.4571,0.469,0.4859,true
Labour,2019-09-22,0.4536,0.4259,0.4424,0.4541,0.4638,0.4811,true
Labour,2019-09-29,0.4504,0.4275,0.441,0.4506,0.4602,0.4739,true
Labour,2019-10-06,0.4496,0.4258,0.4405,0.4498,0.4595,0.4732,true
Labour,2019-10-13,0.4488,0.4213,0.4381,0.4492,0.4594,0.4749,true
Labour,2019-10-20,0.4486,0.4163,0.4374,0.4483,0.4609,0.4794,true
Labour,2019-10-27,0.4482,0.4172,0.4367,0.4484,0.4604,0.4779,true
Labour,2019-11-03,0.4478,0.4162,0.4348,0.4482,0.4609,0.4798,true
Labour,2019-11-10,0.4474,0.4164,0.4344,0.4475,0.46,0.4786,true
Labour,2019-11-17,0.4466,0.4172,0.4347,0.4468,0.4585,0.4769,true
Labour,2019-11-24,0.4465,0.4197,0.4358,0.4469,0.457,0.4734,true
Labour,2019-12-01,0.4484,0.4184,0.4369,0.4487,0.4599,0.4777,true
Labour,2019-12-08,0.4494,0.4203,0.4358,0.4487,0.463,0.4812,true
Labour,2019-12-15,0.4503,0.422,0.4371,0.4494,0.4637,0.4821,true
Labour,2019-12-22,0.4509,0.4221,0.4384,0.4505,0.4629,0.4811,true
Labour,2019-12-29,0.4524,0.4257,0.4414,0.4515,0.4635,0.4815,true
Labour,2020-01-05,0.4532,0.4267,0.4425,0.4532,0.4646,0.4785,true
Labour,2020-01-12,0.4541,0.4305,0.4447,0.4541,0.4635,0.477,true
Labour,2020-01-19,0.4561,0.4327,0.4465,0.4561,0.4662,0.4786,true
Labour,2020-01-26,0.4575,0.4338,0.4488,0.4572,0.4664,0.4792,true
Labour,2020-02-02,0.4606,0.439,0.4517,0.4603,0.4696,0.4837,true
Labour,2020-02-09,0.4632,0.4426,0.454,0.4632,0.4722,0.4838,true
Labour,2020-02-16,0.4698,0.4448,0.4594,0.4691,0.4797,0.4941,true
Labour,2020-02-23,0.4765,0.4478,0.465,0.4763,0.4881,0.5065,true
Labour,2020-03-01,0.4825,0.452,0.4705,0.4824,0.4949,0.512,true
Labour,2020-03-08,0.4889,0.4572,0.4756,0.4899,0.5018,0.5196,true
Labour,2020-03-15,0.495,0.4614,0.4819,0.4955,0.5074,0.5263,true
Labour,2020-03-22,0.5166,0.4654,0.4973,0.5157,0.5341,0.5767,true
Labour,2020-03-29,0.5385,0.4702,0.5179,0.541,0.5601,0.5976,true
Labour,2020-04-05,0.5631,0.4949,0.5487,0.5659,0.583,0.6116,true
Labour,2020-04-12,0.5845,0.5524,0.5721,0.5854,0.5962,0.614,true
Labour,2020-04-19,0.5904,0.5574,0.5795,0.5907,0.6018,0.6176,true
Labour,2020-04-26,0.5953,0.5679,0.5848,0.5959,0.6059,0.622,true
Labour,2020-05-03,0.6003,0.5759,0.5906,0.6006,0.6101,0.6257,true
Labour,2020-05-10,0.6058,0.5852,0.5976,0.6057,0.6136,0.6254,true
Labour,2020-05-17,0.6116,0.5902,0.603,0.6111,0.6205,0.633,true
Labour,2020-05-24,0.6072,0.5812,0.5974,0.6076,0.6165,0.6314,true
Labour,2020-05-31,0.6012,0.575,0.5897,0.6019,0.612,0.6271,true
Labour,2020-06-07,0.596,0.5703,0.585,0.5967,0.6073,0.6209,true
Labour,2020-06-14,0.5913,0.5691,0.5818,0.5906,0.6009,0.6144,true
Labour,2020-06-21,0.5825,0.5591,0.5724,0.5823,0.5929,0.606,true
Labour,2020-06-28,0.5869,0.5606,0.5766,0.5861,0.5973,0.6148,true
Labour,2020-07-05,0.5911,0.5665,0.5807,0.5908,0.6017,0.617,true
Labour,2020-07-12,0.5957,0.5747,0.587,0.5947,0.605,0.6181,true
Labour,2020-07-19,0.6003,0.5801,0.5914,0.6,0.6087,0.6221,true
Labour,2020-07-26,0.5874,0.5655,0.5792,0.5873,0.5961,0.6097,true
Labour,2020-08-02,0.5773,0.5514,0.5673,0.5775,0.5871,0.6027,true
Labour,2020-08-09,0.5677,0.5406,0.5571,0.5678,0.5776,0.5951,true
Labour,2020-08-16,0.5577,0.5298,0.5486,0.5583,0.568,0.5819,true
Labour,2020-08-23,0.5518,0.5179,0.5393,0.5521,0.5655,0.5855,true
Labour,2020-08-30,0.5437,0.5099,0.5289,0.545,0.5576,0.5773,true
Labour,2020-09-06,0.5364,0.5065,0.5246,0.5362,0.5481,0.5676,true
Labour,2020-09-13,0.5292,0.5095,0.5206,0.5293,0.5377,0.5488,true
Labour,2020-09-20,0.5202,0.4963,0.5111,0.5197,0.5302,0.543,true
Labour,2020-09-27,0.5148,0.4878,0.5033,0.5144,0.5247,0.5448,true
Labour,2020-10-04,0.5091,0.4887,0.5014,0.5085,0.5173,0.5311,true
Labour,2020-10-11,0.5001,0.5001,0.5001,0.5001,0.5001,0.5001,true
Labour,2020-10-18,0.5003,0.4851,0.4943,0.4998,0.506,0.5167,true
Labour,2020-10-25,0.4993,0.4772,0.4908,0.4995,0.5074,0.5219,true
Labour,2020-11-01,0.4996,0.4754,0.4899,0.4994,0.5089,0.5242,true
Labour,2020-11-08,0.4996,0.4719,0.4889,0.4993,0.5095,0.5253,true
Labour,2020-11-15,0.5031,0.4753,0.4916,0.5028,0.5137,0.5336,true
Labour,2020-11-22,0.5067,0.4795,0.4946,0.5067,0.5188,0.5357,true
Labour,2020-11-29,0.5098,0.482,0.4981,0.5101,0.5217,0.5387,true
Labour,2020-12-06,0.5107,0.4797,0.4971,0.5106,0.5233,0.5453,true
Labour,2020-12-13,0.512,0.4799,0.4976,0.511,0.5261,0.5467,true
Labour,2020-12-20,0.5124,0.4782,0.498,0.5125,0.5262,0.5486,true
Labour,2020-12-27,0.5126,0.4772,0.4985,0.5123,0.5262,0.5467,true
Labour,2021-01-03,0.513,0.4788,0.5003,0.5122,0.5271,0.5465,true
Labour,2021-01-10,0.514,0.4827,0.5016,0.5137,0.5265,0.5461,true
Labour,2021-01-17,0.511,0.4781,0.4973,0.5103,0.5247,0.5463,true
Labour,2021-01-24,0.5084,0.4758,0.4935,0.5068,0.5218,0.5474,true
Labour,2021-01-31,0.5052,0.4735,0.4905,0.5038,0.5188,0.5425,true
Labour,2021-02-07,0.5025,0.4708,0.4884,0.5016,0.5162,0.5385,true
Labour,2021-02-14,0.5007,0.4676,0.4873,0.4993,0.5149,0.5368,true
Labour,2021-02-21,0.4995,0.4684,0.485,0.4987,0.512,0.5346,true
Labour,2021-02-28,0.4971,0.4672,0.4829,0.4975,0.5097,0.5283,true
Labour,2021-03-07,0.4965,0.4671,0.4846,0.4958,0.5079,0.5295,true
Labour,2021-03-14,0.495,0.4641,0.4823,0.4939,0.5079,0.5275,true
Labour,2021-03-21,0.4934,0.4632,0.4809,0.4934,0.5059,0.5239,true
Labour,2021-03-28,0.4897,0.4596,0.4765,0.4894,0.5011,0.5216,true
Labour,2021-04-04,0.4865,0.4544,0.4738,0.4865,0.4988,0.5194,true
Labour,2021-04-11,0.4823,0.4505,0.4705,0.4828,0.4946,0.5118,true
Labour,2021-04-18,0.4844,0.4511,0.4714,0.4843,0.4964,0.5172,true
Labour,2021-04-25,0.4865,0.454,0.4753,0.4873,0.498,0.5177,true
Labour,2021-05-02,0.4889,0.4595,0.4774,0.4893,0.5009,0.5188,true
Labour,2021-05-09,0.4925,0.4649,0.4807,0.4928,0.5032,0.5197,true
Labour,2021-05-16,0.4819,0.4525,0.4694,0.4829,0.4935,0.5116,true
Labour,2021-05-23,0.4703,0.4417,0.458,0.4701,0.4828,0.4984,true
Labour,2021-05-30,0.4635,0.4351,0.4509,0.4629,0.4751,0.4953,true
Labour,2021-06-06,0.4564,0.428,0.4437,0.4558,0.4691,0.4875,true
Labour,2021-06-13,0.4494,0.4201,0.4369,0.4484,0.4622,0.4787,true
Labour,2021-06-20,0.4475,0.415,0.4341,0.4468,0.4611,0.4783,true
Labour,2021-06-27,0.4463,0.4163,0.4329,0.4464,0.4585,0.4803,true
Labour,2021-07-04,0.4446,0.4141,0.4307,0.4436,0.4572,0.4794,true
Labour,2021-07-11,0.442,0.4131,0.4294,0.4413,0.4534,0.4731,true
Labour,2021-07-18,0.4375,0.4089,0.4249,0.4375,0.4487,0.4714,true
Labour,2021-07-25,0.4337,0.4059,0.4228,0.4341,0.4433,0.4612,true
Labour,2021-08-01,0.4379,0.4091,0.4264,0.4378,0.4496,0.4684,true
Labour,2021-08-08,0.4419,0.4134,0.4305,0.4413,0.4536,0.4705,true
Labour,2021-08-15,0.4464,0.4123,0.4335,0.4461,0.4595,0.4791,true
Labour,2021-08-22,0.4511,0.4186,0.4389,0.4518,0.4637,0.4848,true
Labour,2021-08-29,0.4552,0.4241,0.4429,0.454,0.4678,0.4865,true
Labour,2021-09-05,0.46,0.4312,0.4485,0.4586,0.4715,0.489,true
Labour,2021-09-12,0.4639,0.4372,0.4532,0.4631,0.4742,0.492,true
Labour,2021-09-19,0.4519,0.4238,0.4403,0.4524,0.4623,0.4818,true
Labour,2021-09-26,0.4482,0.423,0.4363,0.4481,0.4587,0.4765,true
Labour,2021-10-03,0.4442,0.4161,0.4323,0.4432,0.4561,0.4716,true
Labour,2021-10-10,0.4392,0.412,0.4285,0.4379,0.4504,0.466,true
Labour,2021-10-17,0.4317,0.4024,0.4203,0.4315,0.443,0.4586,true
Labour,2021-10-24,0.4238,0.3951,0.4115,0.4236,0.4354,0.4528,true
Labour,2021-10-31,0.4165,0.3892,0.4058,0.4159,0.4277,0.4413,true
Labour,2021-11-07,0.4126,0.3893,0.4027,0.4122,0.4221,0.4365,true
Labour,2021-11-14,0.4105,0.3855,0.3997,0.4104,0.4202,0.4376,true
Labour,2021-11-21,0.4077,0.3789,0.3961,0.4087,0.4197,0.4346,true
Labour,2021-11-28,0.4061,0.3797,0.3948,0.4059,0.4179,0.4332,true
Labour,2021-12-05,0.4036,0.3771,0.3924,0.4035,0.4148,0.4307,true
Labour,2021-12-12,0.404,0.375,0.393,0.4038,0.4158,0.4327,true
Labour,2021-12-19,0.4033,0.3739,0.3917,0.404,0.4144,0.4324,true
Labour,2021-12-26,0.4032,0.3749,0.3914,0.4038,0.4141,0.4327,true
Labour,2022-01-02,0.403,0.3744,0.3916,0.403,0.4142,0.4312,true
Labour,2022-01-09,0.4029,0.3757,0.393,0.4032,0.414,0.4274,true
Labour,2022-01-16,0.3996,0.3759,0.3898,0.3994,0.4095,0.423,true
Labour,2022-01-23,0.4046,0.3823,0.3953,0.404,0.4138,0.4282,true
Labour,2022-01-30,0.3989,0.3726,0.3886,0.3993,0.4097,0.4256,true
Labour,2022-02-06,0.3881,0.3628,0.3764,0.3876,0.3992,0.4139,true
Labour,2022-02-13,0.3774,0.3536,0.3667,0.3763,0.3873,0.4024,true
Labour,2022-02-20,0.3743,0.3484,0.3626,0.374,0.3844,0.4009,true
Labour,2022-02-27,0.3713,0.3481,0.3605,0.3707,0.381,0.3976,true
Labour,2022-03-06,0.3685,0.3454,0.3595,0.3682,0.378,0.3902,true
Labour,2022-03-13,0.3655,0.3419,0.356,0.3652,0.3754,0.3892,true
Labour,2022-03-20,0.3668,0.3437,0.3569,0.3662,0.3763,0.391,true
Labour,2022-03-27,0.3673,0.3431,0.3577,0.3662,0.3771,0.3924,true
Labour,2022-04-03,0.3675,0.3432,0.3579,0.3668,0.3776,0.3931,true
Labour,2022-04-10,0.3676,0.345,0.3584,0.3682,0.3766,0.3885,true
Labour,2022-04-17,0.3661,0.3434,0.3569,0.3662,0.3752,0.388,true
Labour,2022-04-24,0.3629,0.3404,0.3531,0.3635,0.3719,0.3874,true
Labour,2022-05-01,0.3583,0.3385,0.3496,0.3579,0.3667,0.3792,true
Labour,2022-05-08,0.3552,0.3354,0.3457,0.3546,0.364,0.3781,true
Labour,2022-05-15,0.3529,0.3308,0.3437,0.3526,0.3622,0.3763,true
Labour,2022-05-22,0.3517,0.3317,0.3424,0.3515,0.3608,0.3744,true
Labour,2022-05-29,0.3523,0.3311,0.3431,0.3522,0.3613,0.3741,true
Labour,2022-06-05,0.3529,0.3316,0.3444,0.3529,0.3612,0.3739,true
Labour,2022-06-12,0.3569,0.3341,0.3482,0.3566,0.3661,0.3782,true
Labour,2022-06-19,0.3572,0.3323,0.3473,0.3572,0.3666,0.38,true
Labour,2022-06-26,0.3581,0.3337,0.3486,0.3588,0.3678,0.3813,true
Labour,2022-07-03,0.3586,0.3346,0.3497,0.3588,0.368,0.3823,true
Labour,2022-07-10,0.3605,0.3382,0.3524,0.3608,0.3688,0.3841,true
Labour,2022-07-17,0.3569,0.3354,0.3486,0.3567,0.3651,0.38,true
Labour,2022-07-24,0.3534,0.3321,0.3452,0.3531,0.3619,0.3763,true
Labour,2022-07-31,0.3501,0.3291,0.3427,0.3504,0.3575,0.3702,true
Labour,2022-08-07,0.3559,0.3341,0.348,0.3562,0.3637,0.3761,true
Labour,2022-08-14,0.3515,0.3282,0.342,0.3519,0.3597,0.3751,true
Labour,2022-08-21,0.3474,0.3261,0.3374,0.3474,0.3558,0.3719,true
Labour,2022-08-28,0.3429,0.3211,0.3343,0.3427,0.3517,0.3648,true
Labour,2022-09-04,0.3396,0.3184,0.33,0.3396,0.3487,0.3604,true
Labour,2022-09-11,0.3363,0.316,0.3279,0.3357,0.3449,0.3593,true
Labour,2022-09-18,0.334,0.3131,0.3255,0.3345,0.3426,0.3561,true
Labour,2022-09-25,0.3328,0.3109,0.3235,0.3328,0.3418,0.357,true
Labour,2022-10-02,0.3309,0.3091,0.322,0.3311,0.3392,0.3534,true
Labour,2022-10-09,0.326,0.3062,0.3178,0.3257,0.3345,0.3461,true
Labour,2022-10-16,0.323,0.3033,0.3147,0.3229,0.331,0.3434,true
Labour,2022-10-23,0.3225,0.3026,0.3141,0.3224,0.3305,0.3418,true
Labour,2022-10-30,0.3246,0.3063,0.3174,0.3243,0.3319,0.3441,true
Labour,2022-11-06,0.3211,0.2991,0.3123,0.3214,0.3299,0.3418,true
Labour,2022-11-13,0.3169,0.2968,0.3083,0.3173,0.3254,0.3365,true
Labour,2022-11-20,0.3196,0.2981,0.3115,0.3197,0.3283,0.3399,true
Labour,2022-11-27,0.3222,0.3016,0.3139,0.3227,0.3305,0.3415,true
Labour,2022-12-04,0.321,0.2995,0.3121,0.3212,0.3298,0.3416,true
Labour,2022-12-11,0.3197,0.3008,0.3113,0.3198,0.3278,0.3387,true
Labour,2022-12-18,0.3232,0.301,0.3143,0.3233,0.3319,0.3446,true
Labour,2022-12-25,0.3273,0.3028,0.3183,0.3276,0.3372,0.3508,true
Labour,2023-01-01,0.3305,0.3067,0.3206,0.3303,0.3401,0.3544,true
Labour,2023-01-08,0.334,0.3115,0.3252,0.3341,0.3437,0.3566,true
Labour,2023-01-15,0.3404,0.3195,0.3323,0.3404,0.349,0.3615,true
Labour,2023-01-22,0.3486,0.3281,0.3416,0.3492,0.3557,0.3675,true
Labour,2023-01-29,0.3501,0.328,0.3419,0.35,0.3589,0.3721,true
Labour,2023-02-05,0.3511,0.3297,0.3428,0.3515,0.3595,0.3723,true
Labour,2023-02-12,0.3536,0.3328,0.3452,0.3541,0.3617,0.3748,true
Labour,2023-02-19,0.3523,0.3311,0.3436,0.352,0.3609,0.3749,true
Labour,2023-02-26,0.3517,0.3302,0.3429,0.3516,0.3603,0.3733,true
Labour,2023-03-05,0.3544,0.3346,0.3467,0.3541,0.3626,0.3753,true
Labour,2023-03-12,0.3545,0.3324,0.3466,0.355,0.363,0.3744,true
Labour,2023-03-19,0.3527,0.3295,0.3435,0.3531,0.3625,0.3748,true
Labour,2023-03-26,0.3507,0.3273,0.3413,0.3515,0.3597,0.3723,true
Labour,2023-04-02,0.3485,0.327,0.3399,0.3494,0.3575,0.3696,true
Labour,2023-04-09,0.344,0.3224,0.3345,0.3445,0.3534,0.3658,true
Labour,2023-04-16,0.3417,0.3187,0.3325,0.3414,0.3508,0.3648,true
Labour,2023-04-23,0.3394,0.3158,0.3309,0.3394,0.3485,0.3611,true
Labour,2023-04-30,0.3373,0.3161,0.3298,0.3374,0.3454,0.3564,true
Labour,2023-05-07,0.3404,0.3204,0.3327,0.3404,0.348,0.3589,true
Labour,2023-05-14,0.3407,0.3186,0.3323,0.3411,0.3496,0.3614,true
Labour,2023-05-21,0.3395,0.3177,0.3311,0.3393,0.3487,0.3606,true
Labour,2023-05-28,0.3369,0.3161,0.3295,0.3377,0.3448,0.3577,true
Labour,2023-06-04,0.3332,0.3097,0.3254,0.3338,0.3421,0.3565,true
Labour,2023-06-11,0.3292,0.3061,0.3206,0.3291,0.3382,0.3519,true
Labour,2023-06-18,0.3217,0.299,0.3123,0.3219,0.3311,0.3438,true
Labour,2023-06-25,0.3136,0.2925,0.3049,0.3136,0.3221,0.3356,true
Labour,2023-07-02,0.3104,0.288,0.3023,0.3101,0.3191,0.3326,true
Labour,2023-07-09,0.3078,0.2874,0.2995,0.3077,0.3158,0.3279,true
Labour,2023-07-16,0.3036,0.2811,0.2942,0.3037,0.3127,0.3257,true
Labour,2023-07-23,0.2991,0.2775,0.2902,0.2994,0.3077,0.3198,true
Labour,2023-07-30,0.291,0.2723,0.2826,0.2906,0.2995,0.3102,true
Labour,2023-08-06,0.2886,0.2683,0.2796,0.2884,0.2972,0.3099,true
Labour,2023-08-13,0.2858,0.2656,0.2781,0.2854,0.2937,0.307,true
Labour,2023-08-20,0.2909,0.2683,0.2816,0.2903,0.2997,0.3148,true
Labour,2023-08-27,0.2769,0.2558,0.2677,0.2773,0.2854,0.2971,true
Labour,2023-09-03,0.2646,0.2455,0.2569,0.265,0.2727,0.283,true
Labour,2023-09-10,0.2677,0.2464,0.2591,0.2677,0.2761,0.2905,true
Labour,2023-09-17,0.2672,0.2498,0.2598,0.267,0.2743,0.2856,true
Labour,2023-09-24,0.2635,0.2451,0.2558,0.2633,0.2713,0.2826,true
Labour,2023-10-01,0.267,0.2512,0.2612,0.2672,0.2733,0.2812,true
Labour,2023-10-08,0.2692,0.2692,0.2692,0.2692,0.2692,0.2692,true
Labour,2023-10-15,0.2699,0.2576,0.2648,0.27,0.2748,0.2823,true
Labour,2023-10-22,0.2705,0.2534,0.2634,0.27,0.2771,0.2885,true
Labour,2023-10-29,0.2712,0.2522,0.2631,0.2706,0.2787,0.2918,true
Labour,2023-11-05,0.2689,0.2479,0.2604,0.2685,0.2779,0.2905,true
Labour,2023-11-12,0.2659,0.2452,0.2567,0.2657,0.2746,0.2874,true
Labour,2023-11-19,0.2669,0.245,0.2572,0.2672,0.2761,0.2904,true
Labour,2023-11-26,0.2689,0.2459,0.2583,0.2688,0.2788,0.2923,true
Labour,2023-12-03,0.2711,0.2487,0.2608,0.2705,0.2799,0.2962,true
Labour,2023-12-10,0.2716,0.247,0.2605,0.271,0.2811,0.2994,true
Labour,2023-12-17,0.2728,0.2456,0.2608,0.2726,0.2835,0.3018,true
Labour,2023-12-24,0.2733,0.2456,0.2622,0.2737,0.2841,0.3028,true
Labour,2023-12-31,0.274,0.2451,0.2627,0.274,0.2859,0.3026,true
Labour,2024-01-07,0.2746,0.2486,0.264,0.275,0.2851,0.3024,true
Labour,2024-01-14,0.2725,0.2466,0.2618,0.2726,0.2819,0.2989,true
Labour,2024-01-21,0.2738,0.2474,0.2627,0.2738,0.2854,0.2993,true
Labour,2024-01-28,0.2754,0.25,0.264,0.2753,0.2862,0.3007,true
Labour,2024-02-04,0.2762,0.2534,0.2656,0.2766,0.2865,0.2995,true
Labour,2024-02-11,0.2736,0.2508,0.2632,0.2728,0.2839,0.2981,true
Labour,2024-02-18,0.2733,0.2496,0.2629,0.2732,0.2835,0.3007,true
Labour,2024-02-25,0.2732,0.2495,0.2623,0.2725,0.2834,0.2996,true
Labour,2024-03-03,0.2724,0.2485,0.2616,0.2721,0.2828,0.2975,true
Labour,2024-03-10,0.2746,0.251,0.264,0.2741,0.2841,0.3014,true
Labour,2024-03-17,0.2777,0.2525,0.266,0.2773,0.2882,0.3058,true
Labour,2024-03-24,0.2805,0.2536,0.2699,0.2808,0.291,0.3083,true
Labour,2024-03-31,0.2838,0.2589,0.2726,0.2838,0.2944,0.3109,true
Labour,2024-04-07,0.2895,0.2648,0.2775,0.289,0.3011,0.3157,true
Labour,2024-04-14,0.2955,0.2697,0.2842,0.2948,0.3071,0.324,true
Labour,2024-04-21,0.3013,0.275,0.2898,0.2999,0.3131,0.329,true
Labour,2024-04-28,0.3062,0.2788,0.2944,0.3062,0.3171,0.3333,true
Labour,2024-05-05,0.3111,0.2863,0.3003,0.3109,0.3215,0.3379,true
Labour,2024-05-12,0.3095,0.2833,0.2995,0.3093,0.3192,0.3368,true
Labour,2024-05-19,0.3083,0.2813,0.298,0.3084,0.3184,0.3354,true
Labour,2024-05-26,0.3071,0.2785,0.296,0.3062,0.3177,0.3348,true
Labour,2024-06-02,0.306,0.281,0.2947,0.3056,0.3159,0.3329,true
Labour,2024-06-09,0.3042,0.2784,0.2934,0.3039,0.3145,0.3301,true
Labour,2024-06-16,0.3,0.275,0.2882,0.2994,0.3109,0.3256,true
Labour,2024-06-23,0.2955,0.2689,0.2839,0.2944,0.3066,0.3234,true
Labour,2024-06-30,0.2911,0.2646,0.2802,0.2908,0.3024,0.3179,true
Labour,2024-07-07,0.2906,0.2657,0.2793,0.2903,0.3005,0.319,true
Labour,2024-07-14,0.2926,0.2664,0.2809,0.2911,0.3037,0.3224,true
Labour,2024-07-21,0.2949,0.2676,0.2836,0.2937,0.3059,0.324,true
Labour,2024-07-28,0.297,0.2703,0.2856,0.2965,0.3077,0.3258,true
Labour,2024-08-04,0.2983,0.2719,0.2866,0.2978,0.3084,0.3263,true
Labour,2024-08-11,0.3,0.2762,0.2896,0.2993,0.3104,0.3261,true
Labour,2024-08-18,0.2997,0.2742,0.2884,0.2983,0.3106,0.3268,true
Labour,2024-08-25,0.2988,0.2738,0.2871,0.2983,0.3086,0.3253,true
Labour,2024-09-01,0.2981,0.2739,0.2869,0.2978,0.3085,0.3242,true
Labour,2024-09-08,0.294,0.2709,0.2829,0.2931,0.3038,0.3207,true
Labour,2024-09-15,0.2981,0.2728,0.2871,0.2981,0.3086,0.3235,true
Labour,2024-09-22,0.302,0.2745,0.2912,0.3021,0.3125,0.3275,true
Labour,2024-09-29,0.3054,0.2805,0.2946,0.3052,0.3155,0.333,true
Labour,2024-10-06,0.3078,0.2841,0.2973,0.3074,0.3179,0.3344,true
Labour,2024-10-13,0.3093,0.2832,0.2985,0.3084,0.3194,0.3362,true
Labour,2024-10-20,0.3112,0.285,0.3004,0.3104,0.3233,0.3385,true
Labour,2024-10-27,0.3121,0.2866,0.3004,0.3116,0.3227,0.3383,true
Labour,2024-11-03,0.3131,0.289,0.3024,0.3122,0.3234,0.3388,true
Labour,2024-11-10,0.3112,0.2865,0.3002,0.3111,0.3218,0.3369,true
Labour,2024-11-17,0.3071,0.2821,0.2961,0.3066,0.3178,0.3332,true
Labour,2024-11-24,0.3036,0.2802,0.2931,0.3027,0.3135,0.3294,true
Labour,2024-12-01,0.3023,0.2771,0.2915,0.3016,0.3128,0.3287,true
Labour,2024-12-08,0.3057,0.2796,0.2949,0.3053,0.3163,0.334,true
Labour,2024-12-15,0.3085,0.2818,0.2975,0.3081,0.3201,0.3379,true
Labour,2024-12-22,0.3118,0.2844,0.2994,0.3112,0.3234,0.3412,true
Labour,2024-12-29,0.3151,0.2891,0.3027,0.3147,0.3261,0.3455,true
Labour,2025-01-05,0.3187,0.2933,0.3074,0.3182,0.3288,0.3456,true
Labour,2025-01-12,0.3226,0.2983,0.3117,0.3225,0.332,0.349,true
Labour,2025-01-19,0.3244,0.299,0.3125,0.3244,0.3349,0.3527,true
Labour,2025-01-26,0.3255,0.2978,0.3147,0.3248,0.3357,0.3544,true
Labour,2025-02-02,0.3271,0.301,0.3156,0.3265,0.3379,0.3565,true
Labour,2025-02-09,0.3269,0.3001,0.3152,0.3259,0.338,0.3557,true
Labour,2025-02-16,0.3271,0.2996,0.3153,0.326,0.3385,0.3567,true
Labour,2025-02-23,0.327,0.3006,0.3148,0.3255,0.3387,0.3572,true
Labour,2025-03-02,0.3269,0.3003,0.3155,0.3262,0.337,0.3548,true
Labour,2025-03-09,0.3235,0.2978,0.3122,0.3227,0.3348,0.3525,true
Labour,2025-03-16,0.322,0.2948,0.3093,0.3215,0.3334,0.3525,true
Labour,2025-03-23,0.3209,0.295,0.3099,0.3203,0.3324,0.3486,true
Labour,2025-03-30,0.3214,0.294,0.3105,0.3208,0.3323,0.3489,true
Labour,2025-04-06,0.3234,0.2972,0.312,0.3225,0.3343,0.3518,true
Labour,2025-04-13,0.325,0.2975,0.3132,0.3243,0.336,0.3556,true
Labour,2025-04-20,0.3268,0.2983,0.3145,0.3261,0.3389,0.3569,true
Labour,2025-04-27,0.3281,0.2986,0.3155,0.3267,0.3404,0.3588,true
Labour,2025-05-04,0.3274,0.2989,0.3139,0.3261,0.3395,0.3587,true
Labour,2025-05-11,0.326,0.2992,0.313,0.3252,0.3391,0.3537,true
Labour,2025-05-18,0.323,0.2957,0.3119,0.3226,0.3344,0.3514,true
Labour,2025-05-25,0.3201,0.294,0.3092,0.3198,0.3315,0.3468,true
Labour,2025-06-01,0.3246,0.298,0.3128,0.3235,0.3357,0.3543,true
Labour,2025-06-08,0.3294,0.3021,0.3187,0.3291,0.3406,0.3558,true
Labour,2025-06-15,0.3315,0.3028,0.3199,0.3313,0.3424,0.3615,true
Labour,2025-06-22,0.3331,0.3044,0.3214,0.3328,0.3452,0.3625,true
Labour,2025-06-29,0.3348,0.3074,0.3237,0.3344,0.3469,0.3636,true
Labour,2025-07-06,0.3372,0.31,0.325,0.3368,0.3499,0.3652,true
Labour,2025-07-13,0.34,0.3131,0.3274,0.3401,0.3523,0.3695,true
Labour,2025-07-20,0.34,0.3112,0.3271,0.3396,0.3535,0.3702,true
Labour,2025-07-27,0.3392,0.309,0.3265,0.3389,0.3519,0.3699,true
Labour,2025-08-03,0.3391,0.3103,0.3276,0.3384,0.3507,0.3674,true
Labour,2025-08-10,0.3458,0.3143,0.3324,0.3452,0.3594,0.3765,true
Labour,2025-08-17,0.3439,0.3125,0.3306,0.3432,0.3559,0.3764,true
Labour,2025-08-24,0.3409,0.3102,0.3291,0.3403,0.3531,0.3698,true
Labour,2025-08-31,0.338,0.3086,0.3266,0.3379,0.3498,0.3667,true
Labour,2025-09-07,0.3351,0.3078,0.323,0.3345,0.3468,0.3625,true
Labour,2025-09-14,0.3333,0.3031,0.3199,0.3332,0.3459,0.3642,true
Labour,2025-09-21,0.3324,0.2992,0.3198,0.3326,0.3457,0.364,true
Labour,2025-09-28,0.3305,0.2995,0.3174,0.3303,0.3436,0.3608,true
Labour,2025-10-05,0.3316,0.3032,0.3191,0.3317,0.3441,0.3594,true
Labour,2025-10-12,0.3363,0.3049,0.3234,0.3361,0.3482,0.3682,true
Labour,2025-10-19,0.3381,0.3053,0.3251,0.3381,0.3502,0.3715,true
Labour,2025-10-26,0.3413,0.3095,0.3281,0.3411,0.3544,0.3728,true
Labour,2025-11-02,0.3444,0.3132,0.3323,0.3446,0.3571,0.3738,true
Labour,2025-11-09,0.3401,0.3077,0.3276,0.3403,0.3534,0.369,true
Labour,2025-11-16,0.3423,0.3086,0.3289,0.3425,0.3556,0.3744,true
Labour,2025-11-23,0.344,0.3083,0.3308,0.3442,0.3574,0.3755,true
Labour,2025-11-30,0.3466,0.3145,0.334,0.3473,0.3597,0.3788,true
Labour,2025-12-07,0.351,0.3187,0.3389,0.3516,0.3629,0.3806,true
Labour,2025-12-14,0.3501,0.3177,0.3371,0.35,0.3636,0.3831,true
Labour,2025-12-21,0.3489,0.3141,0.3343,0.3484,0.3638,0.3826,true
Labour,2025-12-28,0.3477,0.3119,0.3344,0.3471,0.3615,0.3818,true
Labour,2026-01-04,0.3461,0.3115,0.3319,0.3453,0.3597,0.3803,true
Labour,2026-01-11,0.3447,0.3135,0.3321,0.3436,0.3574,0.3774,true
Labour,2026-01-18,0.3417,0.3094,0.3293,0.3414,0.3543,0.3729,true
Labour,2026-01-25,0.3418,0.3095,0.3288,0.3415,0.3559,0.3745,true
Labour,2026-02-01,0.3428,0.311,0.3293,0.3427,0.3567,0.3736,true
Labour,2026-02-08,0.3418,0.3102,0.3289,0.3424,0.3545,0.3732,true
Labour,2026-02-15,0.343,0.3105,0.3293,0.3433,0.356,0.378,true
Labour,2026-02-22,0.3441,0.3125,0.3309,0.3437,0.3568,0.376,true
Labour,2026-03-01,0.3458,0.314,0.3326,0.3454,0.3582,0.3736,true
Labour,2026-03-08,0.3527,0.3195,0.3406,0.3518,0.3657,0.3846,true
Labour,2026-03-15,0.3508,0.318,0.3389,0.3495,0.3639,0.3841,true
Labour,2026-03-22,0.3503,0.3177,0.3377,0.3501,0.3623,0.3831,true
Labour,2026-03-29,0.3494,0.3154,0.3356,0.3499,0.3623,0.3841,true
Labour,2026-04-05,0.351,0.316,0.3374,0.3513,0.3651,0.3858,true
Labour,2026-04-12,0.353,0.3191,0.339,0.3529,0.3665,0.3875,true
Labour,2026-04-19,0.347,0.3116,0.3314,0.3465,0.3616,0.3828,true
Labour,2026-04-26,0.3407,0.3049,0.3258,0.339,0.3553,0.3777,true
Labour,2026-05-03,0.3346,0.2998,0.3218,0.3339,0.3482,0.3668,true
Labour,2026-05-10,0.3268,0.2942,0.3139,0.327,0.3403,0.3574,true
Labour,2026-05-17,0.3253,0.2873,0.311,0.3247,0.34,0.3586,true
Labour,2026-05-24,0.3242,0.2902,0.3105,0.3248,0.3384,0.3564,true
Labour,2026-05-31,0.3224,0.2879,0.3095,0.3229,0.3348,0.3543,true
Labour,2026-06-07,0.32,0.2866,0.3071,0.3205,0.3333,0.352,true
Labour,2026-06-14,0.3177,0.2852,0.305,0.3178,0.3304,0.348,true
Labour,2026-06-21,0.3168,0.2827,0.3037,0.3166,0.3299,0.3482,true
Labour,2026-06-28,0.3164,0.284,0.3037,0.3164,0.3296,0.3468,true
Labour,2026-07-05,0.3151,0.2832,0.3028,0.3147,0.3279,0.3457,true
Labour,2026-07-12,0.3099,0.2771,0.2964,0.3101,0.3218,0.3421,true
Labour,2026-07-19,0.3062,0.2722,0.2928,0.3063,0.3191,0.3393,true
Labour,2026-07-26,0.3031,0.2682,0.2887,0.3029,0.3166,0.3385,true
Labour,2026-08-02,0.2997,0.268,0.287,0.3003,0.3133,0.3297,true
Labour,2026-08-09,0.2944,0.261,0.2812,0.2945,0.3077,0.3255,true
Labour,2026-08-16,0.2935,0.2599,0.2813,0.293,0.3059,0.3252,true
Labour,2026-08-23,0.2868,0.2506,0.2729,0.2869,0.3013,0.3204,true
Labour,2026-08-30,0.2796,0.2448,0.2651,0.2797,0.2941,0.3134,true
Labour,2026-09-06,0.2759,0.2418,0.2614,0.2762,0.2892,0.3099,true
Labour,2026-09-13,0.2755,0.2336,0.258,0.2746,0.292,0.3197,false
Labour,2026-09-20,0.2748,0.2246,0.2551,0.2732,0.2961,0.3249,false
Labour,2026-09-27,0.2744,0.2165,0.2511,0.2731,0.2976,0.3316,false
Labour,2026-10-04,0.2739,0.2135,0.2485,0.2704,0.2983,0.339,false
Labour,2026-10-11,0.2744,0.2103,0.2461,0.2705,0.303,0.3462,false
Labour,2026-10-18,0.2747,0.2064,0.2434,0.2717,0.3053,0.3527,false
Labour,2026-10-25,0.2747,0.2037,0.2401,0.2695,0.3063,0.3622,false
Labour,2026-11-01,0.274,0.1986,0.2386,0.2701,0.307,0.3677,false
Green,2011-11-20,0.1104,0.1104,0.1104,0.1104,0.1104,0.1104,true
Green,2011-11-27,0.1099,0.1049,0.1081,0.1099,0.1118,0.115,true
Green,2011-12-04,0.1097,0.1031,0.107,0.1095,0.1121,0.117,true
Green,2011-12-11,0.1092,0.1016,0.106,0.1089,0.1124,0.1168,true
Green,2011-12-18,0.1089,0.1009,0.1053,0.1087,0.1122,0.1177,true
Green,2011-12-25,0.1085,0.0995,0.1047,0.1082,0.1123,0.1185,true
Green,2012-01-01,0.1083,0.0985,0.1038,0.1082,0.1122,0.1199,true
Green,2012-01-08,0.1079,0.0977,0.1034,0.1077,0.112,0.1184,true
Green,2012-01-15,0.1066,0.0959,0.1019,0.1063,0.1111,0.1182,true
Green,2012-01-22,0.1053,0.0946,0.1008,0.1051,0.1097,0.1171,true
Green,2012-01-29,0.1049,0.0938,0.1003,0.1046,0.1093,0.1165,true
Green,2012-02-05,0.1045,0.0934,0.0995,0.1046,0.1096,0.1162,true
Green,2012-02-12,0.105,0.0934,0.0996,0.1049,0.1104,0.1163,true
Green,2012-02-19,0.1059,0.0949,0.101,0.1057,0.1107,0.1175,true
Green,2012-02-26,0.1062,0.0952,0.1012,0.1059,0.1111,0.1181,true
Green,2012-03-04,0.1065,0.0957,0.1014,0.1063,0.1112,0.1187,true
Green,2012-03-11,0.1074,0.0959,0.102,0.1073,0.1125,0.1193,true
Green,2012-03-18,0.1084,0.0971,0.1033,0.1084,0.113,0.1211,true
Green,2012-03-25,0.1082,0.0965,0.1034,0.1082,0.1132,0.1203,true
Green,2012-04-01,0.1085,0.0962,0.1036,0.1082,0.1134,0.1214,true
Green,2012-04-08,0.1088,0.0971,0.104,0.1086,0.1133,0.121,true
Green,2012-04-15,0.1083,0.0966,0.1034,0.1084,0.1132,0.1211,true
Green,2012-04-22,0.1079,0.0957,0.1031,0.1079,0.1124,0.1196,true
Green,2012-04-29,0.1081,0.0953,0.1035,0.1081,0.1129,0.1202,true
Green,2012-05-06,0.1084,0.096,0.1037,0.1082,0.1132,0.1204,true
Green,2012-05-13,0.1078,0.0953,0.1029,0.1077,0.1126,0.1204,true
Green,2012-05-20,0.107,0.0952,0.1022,0.1071,0.1118,0.1197,true
Green,2012-05-27,0.1059,0.0942,0.1011,0.1058,0.1105,0.1174,true
Green,2012-06-03,0.1048,0.093,0.1001,0.1046,0.1088,0.1171,true
Green,2012-06-10,0.1037,0.0925,0.0989,0.1036,0.1081,0.1158,true
Green,2012-06-17,0.103,0.0917,0.0982,0.1029,0.1074,0.1151,true
Green,2012-06-24,0.103,0.091,0.0981,0.1031,0.108,0.1153,true
Green,2012-07-01,0.1029,0.0909,0.0982,0.1031,0.1078,0.1146,true
Green,2012-07-08,0.1028,0.0908,0.0981,0.1027,0.108,0.1147,true
Green,2012-07-15,0.1027,0.0905,0.0977,0.1023,0.1077,0.1151,true
Green,2012-07-22,0.1024,0.0899,0.0973,0.1022,0.1074,0.1144,true
Green,2012-07-29,0.1024,0.0913,0.0974,0.1025,0.1072,0.1141,true
Green,2012-08-05,0.102,0.0901,0.0973,0.102,0.1064,0.1131,true
Green,2012-08-12,0.1022,0.091,0.0976,0.102,0.107,0.1135,true
Green,2012-08-19,0.1024,0.0912,0.0982,0.1023,0.1071,0.1136,true
Green,2012-08-26,0.102,0.0907,0.0973,0.1018,0.1068,0.1132,true
Green,2012-09-02,0.1014,0.0901,0.0966,0.1016,0.106,0.1125,true
Green,2012-09-09,0.1006,0.0896,0.0962,0.1008,0.1052,0.112,true
Green,2012-09-16,0.0998,0.0891,0.0951,0.0997,0.1045,0.1103,true
Green,2012-09-23,0.1,0.089,0.0955,0.0999,0.1049,0.1105,true
Green,2012-09-30,0.1005,0.0903,0.0961,0.1001,0.1047,0.1111,true
Green,2012-10-07,0.1007,0.0902,0.0961,0.1005,0.105,0.1124,true
Green,2012-10-14,0.1008,0.0905,0.0964,0.1006,0.105,0.1115,true
Green,2012-10-21,0.1008,0.0905,0.0966,0.1004,0.1049,0.1116,true
Green,2012-10-28,0.1007,0.0905,0.0965,0.1005,0.1048,0.1114,true
Green,2012-11-04,0.1001,0.0901,0.0958,0.0999,0.1044,0.1111,true
Green,2012-11-11,0.1005,0.0903,0.0963,0.1003,0.1047,0.1114,true
Green,2012-11-18,0.1008,0.0909,0.0964,0.1008,0.1047,0.112,true
Green,2012-11-25,0.0998,0.0901,0.0952,0.0995,0.1039,0.1115,true
Green,2012-12-02,0.0991,0.0894,0.0947,0.0988,0.103,0.1097,true
Green,2012-12-09,0.0994,0.0889,0.0947,0.0992,0.1037,0.111,true
Green,2012-12-16,0.0997,0.0889,0.095,0.0994,0.1044,0.1103,true
Green,2012-12-23,0.0999,0.0896,0.0954,0.0998,0.104,0.1105,true
Green,2012-12-30,0.1,0.0896,0.0955,0.0996,0.1043,0.1112,true
Green,2013-01-06,0.1002,0.0902,0.096,0.0997,0.1042,0.1113,true
Green,2013-01-13,0.1003,0.09,0.0959,0.1001,0.1042,0.111,true
Green,2013-01-20,0.1002,0.0901,0.0959,0.1,0.1043,0.1106,true
Green,2013-01-27,0.0993,0.0891,0.095,0.0991,0.1035,0.1102,true
Green,2013-02-03,0.0986,0.0886,0.0945,0.0982,0.1026,0.1082,true
Green,2013-02-10,0.098,0.0886,0.0937,0.0976,0.1021,0.1079,true
Green,2013-02-17,0.0983,0.0894,0.0943,0.098,0.102,0.1081,true
Green,2013-02-24,0.098,0.0885,0.094,0.098,0.1017,0.1079,true
Green,2013-03-03,0.098,0.0885,0.0942,0.0979,0.1017,0.1072,true
Green,2013-03-10,0.0967,0.0875,0.093,0.0967,0.1004,0.106,true
Green,2013-03-17,0.0968,0.0873,0.093,0.0967,0.1004,0.1064,true
Green,2013-03-24,0.0972,0.0876,0.0933,0.0971,0.101,0.1071,true
Green,2013-03-31,0.0978,0.088,0.0938,0.0978,0.1014,0.1072,true
Green,2013-04-07,0.0984,0.0893,0.0946,0.0984,0.1019,0.1074,true
Green,2013-04-14,0.0993,0.0907,0.0959,0.099,0.1025,0.1087,true
Green,2013-04-21,0.0988,0.0902,0.0953,0.0989,0.1022,0.1081,true
Green,2013-04-28,0.0983,0.0899,0.0945,0.0982,0.1017,0.1077,true
Green,2013-05-05,0.0978,0.0892,0.0944,0.0977,0.1012,0.107,true
Green,2013-05-12,0.0972,0.0884,0.0939,0.0971,0.1008,0.1058,true
Green,2013-05-19,0.0965,0.0877,0.093,0.0968,0.0999,0.1053,true
Green,2013-05-26,0.097,0.0878,0.0933,0.097,0.1008,0.1063,true
Green,2013-06-02,0.0976,0.0881,0.0937,0.0977,0.1013,0.1072,true
Green,2013-06-09,0.0982,0.0897,0.0944,0.0981,0.1015,0.1075,true
Green,2013-06-16,0.099,0.0902,0.0955,0.0987,0.1026,0.1085,true
Green,2013-06-23,0.0993,0.0908,0.0957,0.099,0.1028,0.1088,true
Green,2013-06-30,0.0995,0.0908,0.0956,0.0995,0.1034,0.1084,true
Green,2013-07-07,0.0999,0.0907,0.0961,0.0997,0.1035,0.1091,true
Green,2013-07-14,0.1005,0.0911,0.0969,0.1003,0.1043,0.1099,true
Green,2013-07-21,0.1013,0.0925,0.0974,0.1012,0.1054,0.1114,true
Green,2013-07-28,0.1024,0.0931,0.0983,0.1023,0.1063,0.1127,true
Green,2013-08-04,0.103,0.0934,0.0989,0.1032,0.1067,0.1131,true
Green,2013-08-11,0.1042,0.0948,0.1002,0.1043,0.1079,0.1138,true
Green,2013-08-18,0.1046,0.0948,0.1004,0.1045,0.1087,0.1143,true
Green,2013-08-25,0.1045,0.0945,0.1004,0.1043,0.1083,0.1147,true
Green,2013-09-01,0.1044,0.0946,0.1006,0.1041,0.1084,0.1147,true
Green,2013-09-08,0.1026,0.0928,0.0986,0.1025,0.1065,0.1126,true
Green,2013-09-15,0.1004,0.0913,0.0966,0.1006,0.1043,0.1095,true
Green,2013-09-22,0.0986,0.089,0.0948,0.0987,0.1022,0.1083,true
Green,2013-09-29,0.0982,0.0887,0.0944,0.0983,0.1019,0.1075,true
Green,2013-10-06,0.0975,0.0889,0.094,0.0975,0.101,0.1067,true
Green,2013-10-13,0.0977,0.0893,0.0941,0.0975,0.101,0.107,true
Green,2013-10-20,0.0978,0.09,0.0941,0.0977,0.101,0.1062,true
Green,2013-10-27,0.0983,0.0894,0.0948,0.0982,0.1017,0.1072,true
Green,2013-11-03,0.0986,0.0894,0.0952,0.0989,0.102,0.1067,true
Green,2013-11-10,0.0983,0.0894,0.0947,0.0984,0.1017,0.1069,true
Green,2013-11-17,0.0981,0.089,0.0944,0.0982,0.1016,0.1066,true
Green,2013-11-24,0.0988,0.0896,0.0946,0.0987,0.1028,0.108,true
Green,2013-12-01,0.0994,0.0902,0.0952,0.0993,0.1032,0.11,true
Green,2013-12-08,0.0984,0.0893,0.0943,0.0983,0.1022,0.1085,true
Green,2013-12-15,0.098,0.0888,0.094,0.0978,0.1018,0.1078,true
Green,2013-12-22,0.0972,0.0876,0.0932,0.0972,0.1013,0.1076,true
Green,2013-12-29,0.0967,0.0872,0.0927,0.0966,0.1003,0.1065,true
Green,2014-01-05,0.096,0.0865,0.0921,0.0961,0.0997,0.1062,true
Green,2014-01-12,0.0955,0.0859,0.0916,0.0953,0.099,0.1051,true
Green,2014-01-19,0.0952,0.0862,0.0914,0.0951,0.0986,0.1041,true
Green,2014-01-26,0.0951,0.0866,0.0914,0.095,0.0985,0.1035,true
Green,2014-02-02,0.0955,0.0875,0.0923,0.0954,0.0989,0.1036,true
Green,2014-02-09,0.0953,0.0879,0.0921,0.0952,0.0984,0.1034,true
Green,2014-02-16,0.0947,0.0868,0.0913,0.0945,0.0981,0.1023,true
Green,2014-02-23,0.096,0.0884,0.0927,0.0958,0.0991,0.104,true
Green,2014-03-02,0.0977,0.0895,0.0942,0.0977,0.101,0.1055,true
Green,2014-03-09,0.0994,0.0918,0.096,0.0992,0.1027,0.1072,true
Green,2014-03-16,0.0996,0.0915,0.0962,0.0994,0.103,0.1086,true
Green,2014-03-23,0.0997,0.0921,0.0964,0.0996,0.1028,0.1076,true
Green,2014-03-30,0.0996,0.0914,0.0961,0.0996,0.1028,0.1079,true
Green,2014-04-06,0.0999,0.0916,0.0964,0.0999,0.1031,0.1089,true
Green,2014-04-13,0.1002,0.0916,0.0967,0.1001,0.1033,0.1097,true
Green,2014-04-20,0.1003,0.0916,0.0966,0.0999,0.1038,0.1097,true
Green,2014-04-27,0.1005,0.0921,0.0964,0.1004,0.1041,0.1103,true
Green,2014-05-04,0.1001,0.0919,0.0964,0.1,0.1038,0.1093,true
Green,2014-05-11,0.0996,0.0915,0.0958,0.0996,0.1029,0.1085,true
Green,2014-05-18,0.0981,0.0898,0.0942,0.0981,0.1015,0.1065,true
Green,2014-05-25,0.0968,0.0892,0.0932,0.0969,0.1,0.1051,true
Green,2014-06-01,0.0978,0.0898,0.0939,0.0977,0.1015,0.1064,true
Green,2014-06-08,0.0988,0.091,0.0953,0.0988,0.1021,0.107,true
Green,2014-06-15,0.1006,0.0922,0.0972,0.1005,0.1041,0.109,true
Green,2014-06-22,0.1007,0.0924,0.0973,0.1003,0.104,0.109,true
Green,2014-06-29,0.1019,0.0933,0.0983,0.1017,0.1055,0.1107,true
Green,2014-07-06,0.1028,0.0943,0.0991,0.1026,0.1063,0.1117,true
Green,2014-07-13,0.1018,0.0933,0.0982,0.1017,0.1053,0.1105,true
Green,2014-07-20,0.1003,0.0921,0.0968,0.1001,0.1035,0.109,true
Green,2014-07-27,0.1011,0.0914,0.0971,0.101,0.1049,0.1107,true
Green,2014-08-03,0.102,0.093,0.0979,0.1019,0.1057,0.1117,true
Green,2014-08-10,0.1037,0.0944,0.0998,0.1038,0.1075,0.1123,true
Green,2014-08-17,0.1084,0.0993,0.1048,0.1084,0.1119,0.1175,true
Green,2014-08-24,0.108,0.1002,0.1048,0.1081,0.1113,0.1162,true
Green,2014-08-31,0.1085,0.1007,0.1051,0.1084,0.1119,0.1164,true
Green,2014-09-07,0.1105,0.1042,0.1076,0.1101,0.1132,0.1177,true
Green,2014-09-14,0.1068,0.1068,0.1068,0.1068,0.1068,0.1068,true
Green,2014-09-21,0.1072,0.103,0.1057,0.1071,0.1088,0.1114,true
Green,2014-09-28,0.1077,0.1018,0.1054,0.1076,0.1099,0.1143,true
Green,2014-10-05,0.1082,0.1015,0.1055,0.1081,0.1109,0.1155,true
Green,2014-10-12,0.107,0.0984,0.1038,0.1071,0.1102,0.115,true
Green,2014-10-19,0.1057,0.0964,0.102,0.1059,0.1095,0.1143,true
Green,2014-10-26,0.1043,0.0946,0.1004,0.1044,0.1084,0.1137,true
Green,2014-11-02,0.1029,0.0927,0.0988,0.1027,0.1075,0.1125,true
Green,2014-11-09,0.1015,0.0917,0.0974,0.1013,0.1059,0.1113,true
Green,2014-11-16,0.0998,0.0891,0.0961,0.0996,0.1041,0.1099,true
Green,2014-11-23,0.0982,0.0873,0.094,0.0982,0.1025,0.1085,true
Green,2014-11-30,0.0966,0.0853,0.0923,0.0968,0.1011,0.1068,true
Green,2014-12-07,0.0956,0.0837,0.0914,0.0957,0.1001,0.1066,true
Green,2014-12-14,0.0944,0.0836,0.0899,0.0944,0.099,0.1056,true
Green,2014-12-21,0.0935,0.0825,0.0889,0.0937,0.098,0.1039,true
Green,2014-12-28,0.0924,0.0815,0.0881,0.0925,0.0971,0.1031,true
Green,2015-01-04,0.0915,0.0804,0.0874,0.0914,0.0959,0.1025,true
Green,2015-01-11,0.0906,0.0795,0.0863,0.0906,0.0951,0.1017,true
Green,2015-01-18,0.09,0.079,0.0856,0.0899,0.0945,0.1007,true
Green,2015-01-25,0.0895,0.0783,0.085,0.0895,0.0941,0.1,true
Green,2015-02-01,0.0891,0.0782,0.0848,0.0891,0.0935,0.0997,true
Green,2015-02-08,0.0885,0.0778,0.0843,0.0887,0.0927,0.0993,true
Green,2015-02-15,0.0884,0.0775,0.0843,0.0884,0.093,0.0988,true
Green,2015-02-22,0.0884,0.0775,0.0839,0.0881,0.0929,0.0996,true
Green,2015-03-01,0.0885,0.0773,0.0841,0.0884,0.0932,0.099,true
Green,2015-03-08,0.0885,0.0773,0.0843,0.0885,0.0928,0.0989,true
Green,2015-03-15,0.0894,0.0784,0.0851,0.0895,0.0938,0.0996,true
Green,2015-03-22,0.0905,0.0794,0.0863,0.0908,0.095,0.1011,true
Green,2015-03-29,0.0913,0.0802,0.0869,0.0918,0.0957,0.1018,true
Green,2015-04-05,0.0926,0.0815,0.0882,0.0928,0.0971,0.1029,true
Green,2015-04-12,0.0935,0.0829,0.0893,0.0937,0.0977,0.1039,true
Green,2015-04-19,0.0943,0.0839,0.0899,0.0943,0.0984,0.1046,true
Green,2015-04-26,0.0943,0.0842,0.0897,0.0941,0.0991,0.1051,true
Green,2015-05-03,0.0945,0.0834,0.09,0.0945,0.0992,0.1049,true
Green,2015-05-10,0.0946,0.0833,0.0901,0.0945,0.0993,0.105,true
Green,2015-05-17,0.095,0.0843,0.0903,0.0951,0.0998,0.1061,true
Green,2015-05-24,0.0956,0.0855,0.0908,0.0957,0.1002,0.1065,true
Green,2015-05-31,0.0961,0.0848,0.0914,0.0961,0.1007,0.1065,true
Green,2015-06-07,0.0968,0.0862,0.0919,0.0969,0.1012,0.1076,true
Green,2015-06-14,0.0975,0.0868,0.0931,0.0976,0.1021,0.1083,true
Green,2015-06-21,0.0976,0.0867,0.0929,0.0972,0.1019,0.109,true
Green,2015-06-28,0.0975,0.0863,0.0929,0.0977,0.1024,0.1084,true
Green,2015-07-05,0.0974,0.0867,0.0928,0.0977,0.1017,0.1078,true
Green,2015-07-12,0.0984,0.0876,0.0938,0.0986,0.1031,0.1094,true
Green,2015-07-19,0.0981,0.0876,0.0935,0.0983,0.1023,0.109,true
Green,2015-07-26,0.0976,0.0863,0.0931,0.0979,0.102,0.1079,true
Green,2015-08-02,0.0971,0.0866,0.0927,0.0972,0.1014,0.1082,true
Green,2015-08-09,0.0969,0.0865,0.0926,0.0971,0.1012,0.1076,true
Green,2015-08-16,0.0968,0.0865,0.0929,0.0967,0.1007,0.107,true
Green,2015-08-23,0.0971,0.0865,0.0929,0.0972,0.1009,0.108,true
Green,2015-08-30,0.0971,0.0866,0.093,0.0969,0.101,0.1076,true
Green,2015-09-06,0.0966,0.0862,0.0926,0.0964,0.1008,0.108,true
Green,2015-09-13,0.0965,0.0863,0.092,0.0962,0.1008,0.1066,true
Green,2015-09-20,0.0962,0.0852,0.0917,0.0961,0.1006,0.1072,true
Green,2015-09-27,0.0961,0.0852,0.0918,0.0961,0.1003,0.1075,true
Green,2015-10-04,0.0959,0.0851,0.0917,0.096,0.1001,0.1071,true
Green,2015-10-11,0.0961,0.0854,0.0916,0.096,0.1005,0.1067,true
Green,2015-10-18,0.0955,0.0852,0.0911,0.0956,0.0999,0.1061,true
Green,2015-10-25,0.0947,0.084,0.0901,0.0949,0.0992,0.1049,true
Green,2015-11-01,0.0942,0.0839,0.09,0.0942,0.0984,0.1043,true
Green,2015-11-08,0.0941,0.0837,0.0898,0.094,0.0983,0.1045,true
Green,2015-11-15,0.0943,0.0829,0.0902,0.0942,0.0988,0.1058,true
Green,2015-11-22,0.0944,0.0836,0.0899,0.0944,0.0991,0.1048,true
Green,2015-11-29,0.0945,0.084,0.09,0.0944,0.099,0.1044,true
Green,2015-12-06,0.0944,0.0842,0.09,0.0944,0.0988,0.1048,true
Green,2015-12-13,0.0951,0.0847,0.0909,0.0952,0.0997,0.1059,true
Green,2015-12-20,0.0956,0.0843,0.0914,0.0954,0.1,0.1064,true
Green,2015-12-27,0.0961,0.0853,0.0915,0.0959,0.1007,0.1067,true
Green,2016-01-03,0.0968,0.086,0.0925,0.0967,0.1011,0.107,true
Green,2016-01-10,0.0977,0.0868,0.0933,0.0981,0.1021,0.1077,true
Green,2016-01-17,0.0981,0.0878,0.0936,0.0983,0.1027,0.109,true
Green,2016-01-24,0.0986,0.0879,0.0942,0.0986,0.1031,0.1093,true
Green,2016-01-31,0.0991,0.0887,0.0951,0.099,0.1033,0.1097,true
Green,2016-02-07,0.0994,0.0885,0.0954,0.0994,0.1034,0.1102,true
Green,2016-02-14,0.0987,0.0883,0.0943,0.0989,0.1031,0.109,true
Green,2016-02-21,0.0993,0.0885,0.0951,0.0993,0.104,0.1092,true
Green,2016-02-28,0.1,0.0896,0.0957,0.0998,0.1045,0.1097,true
Green,2016-03-06,0.1009,0.0907,0.0965,0.101,0.1052,0.111,true
Green,2016-03-13,0.1011,0.091,0.0969,0.1009,0.1054,0.1117,true
Green,2016-03-20,0.1014,0.091,0.0972,0.101,0.1058,0.1126,true
Green,2016-03-27,0.1019,0.091,0.0979,0.1017,0.1058,0.1129,true
Green,2016-04-03,0.1024,0.0926,0.0982,0.1021,0.1066,0.1132,true
Green,2016-04-10,0.1033,0.0928,0.099,0.1032,0.1076,0.1147,true
Green,2016-04-17,0.1028,0.0924,0.0982,0.1027,0.1071,0.1141,true
Green,2016-04-24,0.102,0.0915,0.0971,0.1018,0.1061,0.1136,true
Green,2016-05-01,0.1014,0.0914,0.097,0.1014,0.1055,0.1113,true
Green,2016-05-08,0.1006,0.0904,0.0965,0.1003,0.1049,0.1109,true
Green,2016-05-15,0.1008,0.0911,0.0968,0.1007,0.1048,0.1101,true
Green,2016-05-22,0.1017,0.0919,0.0973,0.1016,0.1063,0.1122,true
Green,2016-05-29,0.1023,0.0927,0.098,0.102,0.1065,0.1126,true
Green,2016-06-05,0.1025,0.0924,0.0982,0.1025,0.1067,0.1134,true
Green,2016-06-12,0.1026,0.0926,0.0985,0.1026,0.1065,0.1128,true
Green,2016-06-19,0.1021,0.092,0.098,0.102,0.1059,0.1129,true
Green,2016-06-26,0.1016,0.0911,0.0976,0.1014,0.1057,0.1128,true
Green,2016-07-03,0.1014,0.0908,0.0969,0.1012,0.1058,0.1132,true
Green,2016-07-10,0.101,0.0908,0.0966,0.1009,0.105,0.1114,true
Green,2016-07-17,0.1005,0.0909,0.0963,0.1002,0.1048,0.1109,true
Green,2016-07-24,0.1004,0.0907,0.096,0.1003,0.1044,0.1106,true
Green,2016-07-31,0.1012,0.0913,0.0969,0.1015,0.1056,0.1114,true
Green,2016-08-07,0.1022,0.0921,0.098,0.1022,0.1064,0.1128,true
Green,2016-08-14,0.1031,0.093,0.0986,0.1032,0.1072,0.1137,true
Green,2016-08-21,0.103,0.0924,0.0986,0.1028,0.1074,0.1141,true
Green,2016-08-28,0.1026,0.0916,0.098,0.1025,0.1071,0.1138,true
Green,2016-09-04,0.1023,0.0915,0.0978,0.1027,0.1067,0.1127,true
Green,2016-09-11,0.0999,0.0889,0.0953,0.0999,0.1042,0.1109,true
Green,2016-09-18,0.1002,0.0881,0.0956,0.1002,0.1052,0.1107,true
Green,2016-09-25,0.1006,0.0886,0.0959,0.1006,0.1056,0.1114,true
Green,2016-10-02,0.101,0.09,0.0963,0.1007,0.106,0.1119,true
Green,2016-10-09,0.1012,0.09,0.0966,0.1014,0.1061,0.1122,true
Green,2016-10-16,0.1016,0.0907,0.097,0.1015,0.106,0.1128,true
Green,2016-10-23,0.1025,0.0921,0.0979,0.102,0.1071,0.114,true
Green,2016-10-30,0.1033,0.0928,0.0984,0.1031,0.1084,0.1154,true
Green,2016-11-06,0.1044,0.0938,0.0997,0.1043,0.109,0.1155,true
Green,2016-11-13,0.1039,0.0926,0.0995,0.1037,0.1084,0.1152,true
Green,2016-11-20,0.1038,0.0925,0.0994,0.1033,0.1084,0.1157,true
Green,2016-11-27,0.1036,0.0921,0.099,0.1032,0.1083,0.1154,true
Green,2016-12-04,0.1033,0.0916,0.099,0.1031,0.1077,0.1148,true
Green,2016-12-11,0.103,0.0921,0.098,0.1023,0.108,0.115,true
Green,2016-12-18,0.1028,0.0916,0.098,0.1027,0.1075,0.115,true
Green,2016-12-25,0.1026,0.0911,0.0979,0.1025,0.1073,0.1146,true
Green,2017-01-01,0.1024,0.0909,0.0976,0.102,0.1071,0.1138,true
Green,2017-01-08,0.1024,0.0914,0.0976,0.102,0.1073,0.114,true
Green,2017-01-15,0.1022,0.0909,0.0974,0.102,0.1068,0.1133,true
Green,2017-01-22,0.1021,0.091,0.0979,0.1021,0.1068,0.1136,true
Green,2017-01-29,0.1023,0.0911,0.0977,0.1023,0.1068,0.113,true
Green,2017-02-05,0.1023,0.0914,0.0979,0.1024,0.1067,0.1128,true
Green,2017-02-12,0.1022,0.092,0.0979,0.1023,0.1064,0.1124,true
Green,2017-02-19,0.102,0.0915,0.0975,0.1022,0.106,0.1127,true
Green,2017-02-26,0.1017,0.0912,0.0972,0.1017,0.1062,0.1126,true
Green,2017-03-05,0.1014,0.0904,0.0971,0.1013,0.1057,0.1118,true
Green,2017-03-12,0.1009,0.0907,0.0965,0.1007,0.1053,0.1111,true
Green,2017-03-19,0.1008,0.0897,0.096,0.1006,0.1054,0.1118,true
Green,2017-03-26,0.1013,0.0904,0.0968,0.1011,0.1061,0.1128,true
Green,2017-04-02,0.1017,0.0907,0.0971,0.1015,0.1062,0.113,true
Green,2017-04-09,0.1022,0.0913,0.0975,0.1019,0.1068,0.1132,true
Green,2017-04-16,0.1028,0.0917,0.0982,0.103,0.1076,0.1141,true
Green,2017-04-23,0.1033,0.0922,0.0987,0.1032,0.1082,0.1143,true
Green,2017-04-30,0.1037,0.0928,0.0991,0.1035,0.1084,0.115,true
Green,2017-05-07,0.1043,0.0937,0.0998,0.1042,0.1086,0.1156,true
Green,2017-05-14,0.1048,0.0938,0.1003,0.1048,0.1092,0.1161,true
Green,2017-05-21,0.1055,0.0948,0.1008,0.1054,0.1098,0.1167,true
Green,2017-05-28,0.1063,0.095,0.1016,0.1061,0.1109,0.1179,true
Green,2017-06-04,0.1073,0.0965,0.1029,0.1071,0.1113,0.1186,true
Green,2017-06-11,0.1077,0.0963,0.1033,0.1073,0.112,0.1196,true
Green,2017-06-18,0.107,0.0959,0.1024,0.1067,0.1111,0.1194,true
Green,2017-06-25,0.1064,0.0959,0.1017,0.106,0.1107,0.1191,true
Green,2017-07-02,0.1058,0.0952,0.1012,0.105,0.1101,0.1181,true
Green,2017-07-09,0.1069,0.0956,0.1018,0.1066,0.1113,0.1196,true
Green,2017-07-16,0.1081,0.0961,0.1025,0.1077,0.1131,0.1216,true
Green,2017-07-23,0.1092,0.0965,0.1033,0.1087,0.1141,0.1233,true
Green,2017-07-30,0.0865,0.0731,0.0814,0.0867,0.0915,0.0989,true
Green,2017-08-06,0.0766,0.0658,0.0721,0.0766,0.0809,0.0875,true
Green,2017-08-13,0.0677,0.0585,0.0638,0.0678,0.0711,0.0771,true
Green,2017-08-20,0.0621,0.0546,0.059,0.0621,0.0651,0.0698,true
Green,2017-08-27,0.0596,0.0526,0.057,0.0596,0.0623,0.0665,true
Green,2017-09-03,0.0584,0.0526,0.0562,0.0584,0.0607,0.0636,true
Green,2017-09-10,0.0601,0.0557,0.0583,0.0601,0.062,0.0643,true
Green,2017-09-17,0.0627,0.0627,0.0627,0.0627,0.0627,0.0627,true
Green,2017-09-24,0.0632,0.0601,0.062,0.0632,0.0643,0.0662,true
Green,2017-10-01,0.0637,0.0592,0.0621,0.0636,0.0652,0.0683,true
Green,2017-10-08,0.0641,0.0592,0.0622,0.0639,0.0661,0.0695,true
Green,2017-10-15,0.0634,0.0578,0.0611,0.0631,0.0657,0.0696,true
Green,2017-10-22,0.0627,0.0565,0.06,0.0625,0.0653,0.0693,true
Green,2017-10-29,0.0619,0.0553,0.0591,0.0618,0.0645,0.0689,true
Green,2017-11-05,0.0612,0.0545,0.0585,0.0609,0.0638,0.0686,true
Green,2017-11-12,0.0613,0.0542,0.0585,0.0613,0.0641,0.0687,true
Green,2017-11-19,0.0614,0.0538,0.0584,0.0614,0.0641,0.0696,true
Green,2017-11-26,0.0615,0.0543,0.0585,0.0615,0.0641,0.0692,true
Green,2017-12-03,0.0617,0.0544,0.0588,0.0616,0.0646,0.0691,true
Green,2017-12-10,0.061,0.0535,0.0578,0.0609,0.0641,0.069,true
Green,2017-12-17,0.0603,0.0529,0.057,0.0601,0.0636,0.0684,true
Green,2017-12-24,0.0595,0.0515,0.0562,0.0594,0.0628,0.0675,true
Green,2017-12-31,0.0588,0.0503,0.0553,0.0588,0.0621,0.067,true
Green,2018-01-07,0.0581,0.0499,0.0549,0.0582,0.0613,0.066,true
Green,2018-01-14,0.0574,0.0499,0.0543,0.0576,0.0605,0.0649,true
Green,2018-01-21,0.0571,0.0498,0.0538,0.057,0.0604,0.0647,true
Green,2018-01-28,0.0559,0.048,0.0528,0.0558,0.0594,0.064,true
Green,2018-02-04,0.0548,0.0466,0.0514,0.0547,0.0581,0.063,true
Green,2018-02-11,0.0533,0.0453,0.05,0.0532,0.0565,0.0615,true
Green,2018-02-18,0.0537,0.0454,0.0502,0.0536,0.0568,0.0619,true
Green,2018-02-25,0.0538,0.0453,0.0503,0.0538,0.0573,0.0621,true
Green,2018-03-04,0.0542,0.046,0.0506,0.0541,0.0576,0.0628,true
Green,2018-03-11,0.0545,0.0461,0.051,0.0546,0.0579,0.063,true
Green,2018-03-18,0.0549,0.047,0.0514,0.0548,0.0585,0.0635,true
Green,2018-03-25,0.0552,0.0471,0.052,0.0552,0.0586,0.0631,true
Green,2018-04-01,0.0556,0.0473,0.0522,0.0556,0.0591,0.0639,true
Green,2018-04-08,0.0559,0.0472,0.0525,0.0561,0.0593,0.0641,true
Green,2018-04-15,0.0563,0.0476,0.0526,0.0564,0.0599,0.0645,true
Green,2018-04-22,0.0566,0.048,0.053,0.0564,0.0601,0.0648,true
Green,2018-04-29,0.0569,0.0483,0.0535,0.057,0.0603,0.0659,true
Green,2018-05-06,0.0572,0.0487,0.0538,0.0571,0.0606,0.0658,true
Green,2018-05-13,0.0576,0.049,0.0538,0.0574,0.0612,0.0662,true
Green,2018-05-20,0.058,0.0501,0.0545,0.0578,0.0616,0.0665,true
Green,2018-05-27,0.0582,0.0499,0.0546,0.0581,0.0617,0.067,true
Green,2018-06-03,0.0584,0.05,0.0546,0.0582,0.062,0.0671,true
Green,2018-06-10,0.0585,0.0495,0.0545,0.0581,0.0625,0.0676,true
Green,2018-06-17,0.0587,0.0493,0.0546,0.0583,0.0626,0.068,true
Green,2018-06-24,0.0589,0.0496,0.0547,0.059,0.0627,0.0685,true
Green,2018-07-01,0.0591,0.0495,0.055,0.0593,0.063,0.0688,true
Green,2018-07-08,0.0593,0.0497,0.0552,0.0593,0.0633,0.0689,true
Green,2018-07-15,0.0595,0.0501,0.0556,0.0593,0.0633,0.0694,true
Green,2018-07-22,0.0597,0.0501,0.0559,0.0593,0.0636,0.0697,true
Green,2018-07-29,0.0599,0.0503,0.0562,0.0596,0.0636,0.0696,true
Green,2018-08-05,0.0598,0.0503,0.056,0.0597,0.0637,0.0693,true
Green,2018-08-12,0.0598,0.0503,0.0555,0.0597,0.0639,0.0696,true
Green,2018-08-19,0.0598,0.05,0.0556,0.0597,0.0638,0.0699,true
Green,2018-08-26,0.0597,0.0503,0.0556,0.0595,0.0638,0.0699,true
Green,2018-09-02,0.0598,0.0498,0.0555,0.0598,0.0638,0.0703,true
Green,2018-09-09,0.0597,0.0494,0.0555,0.0596,0.0639,0.0699,true
Green,2018-09-16,0.0596,0.0489,0.0554,0.0596,0.0638,0.0702,true
Green,2018-09-23,0.0596,0.0494,0.0555,0.0594,0.0638,0.07,true
Green,2018-09-30,0.0596,0.05,0.0559,0.0595,0.0636,0.0694,true
Green,2018-10-07,0.0595,0.0493,0.0558,0.0593,0.0633,0.0697,true
Green,2018-10-14,0.0594,0.0504,0.0558,0.0594,0.0629,0.069,true
Green,2018-10-21,0.0593,0.0503,0.0556,0.0591,0.0627,0.069,true
Green,2018-10-28,0.0591,0.0504,0.0553,0.0588,0.0629,0.0689,true
Green,2018-11-04,0.0589,0.05,0.0549,0.0585,0.0628,0.0685,true
Green,2018-11-11,0.059,0.0503,0.0549,0.0587,0.0626,0.0688,true
Green,2018-11-18,0.0589,0.05,0.0551,0.0588,0.0624,0.0684,true
Green,2018-11-25,0.0589,0.0497,0.055,0.0588,0.0625,0.0685,true
Green,2018-12-02,0.0587,0.0497,0.0549,0.0587,0.0624,0.0685,true
Green,2018-12-09,0.0587,0.0496,0.0545,0.0584,0.0626,0.0687,true
Green,2018-12-16,0.0586,0.0493,0.0544,0.0584,0.0624,0.0685,true
Green,2018-12-23,0.0585,0.0489,0.0545,0.0585,0.0623,0.0687,true
Green,2018-12-30,0.0584,0.049,0.0544,0.0584,0.0619,0.0687,true
Green,2019-01-06,0.0586,0.0493,0.0545,0.0584,0.0622,0.0683,true
Green,2019-01-13,0.0585,0.0495,0.0546,0.0582,0.0622,0.0687,true
Green,2019-01-20,0.0584,0.0491,0.0547,0.0583,0.0618,0.0682,true
Green,2019-01-27,0.0583,0.0494,0.0547,0.0582,0.0619,0.0679,true
Green,2019-02-03,0.0585,0.0498,0.0547,0.0584,0.0618,0.0683,true
Green,2019-02-10,0.0586,0.0501,0.0547,0.0585,0.0621,0.0683,true
Green,2019-02-17,0.0587,0.05,0.0548,0.0584,0.0624,0.0691,true
Green,2019-02-24,0.0587,0.0496,0.055,0.0583,0.0623,0.0686,true
Green,2019-03-03,0.0587,0.0495,0.0551,0.0586,0.0628,0.0685,true
Green,2019-03-10,0.0589,0.0496,0.0548,0.0588,0.0627,0.0689,true
Green,2019-03-17,0.059,0.0497,0.055,0.0589,0.0627,0.069,true
Green,2019-03-24,0.059,0.0501,0.0549,0.0587,0.0626,0.0687,true
Green,2019-03-31,0.059,0.0505,0.0548,0.0588,0.0629,0.0689,true
Green,2019-04-07,0.0591,0.051,0.055,0.059,0.0627,0.0685,true
Green,2019-04-14,0.0596,0.0503,0.0555,0.0594,0.0632,0.0695,true
Green,2019-04-21,0.06,0.0505,0.0559,0.0599,0.0636,0.0701,true
Green,2019-04-28,0.0603,0.0511,0.0563,0.0601,0.064,0.0705,true
Green,2019-05-05,0.0606,0.0514,0.0567,0.0603,0.0644,0.0708,true
Green,2019-05-12,0.061,0.0517,0.0568,0.0608,0.0648,0.071,true
Green,2019-05-19,0.0614,0.0527,0.0576,0.061,0.0651,0.0707,true
Green,2019-05-26,0.0618,0.0532,0.058,0.0616,0.0654,0.071,true
Green,2019-06-02,0.0621,0.0542,0.0583,0.062,0.0653,0.071,true
Green,2019-06-09,0.0624,0.0543,0.0586,0.0623,0.0658,0.0715,true
Green,2019-06-16,0.0628,0.0539,0.0591,0.0626,0.0665,0.0719,true
Green,2019-06-23,0.063,0.0533,0.0591,0.063,0.0671,0.0722,true
Green,2019-06-30,0.0633,0.054,0.0592,0.0634,0.0673,0.0724,true
Green,2019-07-07,0.0637,0.0546,0.0595,0.0638,0.0677,0.0736,true
Green,2019-07-14,0.064,0.0545,0.0601,0.0641,0.068,0.0732,true
Green,2019-07-21,0.0646,0.055,0.0608,0.0648,0.0686,0.0733,true
Green,2019-07-28,0.065,0.0555,0.0613,0.0651,0.0689,0.075,true
Green,2019-08-04,0.0658,0.0562,0.0616,0.0658,0.0697,0.0755,true
Green,2019-08-11,0.0663,0.0562,0.0619,0.0666,0.0705,0.0766,true
Green,2019-08-18,0.0668,0.0569,0.0619,0.0672,0.071,0.0769,true
Green,2019-08-25,0.0674,0.0573,0.063,0.0675,0.0715,0.0774,true
Green,2019-09-01,0.068,0.0585,0.0638,0.0682,0.072,0.0779,true
Green,2019-09-08,0.0686,0.0592,0.0646,0.0689,0.0724,0.0785,true
Green,2019-09-15,0.0692,0.0591,0.0652,0.0693,0.0729,0.0789,true
Green,2019-09-22,0.0699,0.0605,0.0659,0.0702,0.0736,0.0792,true
Green,2019-09-29,0.0706,0.0612,0.067,0.0706,0.0742,0.0795,true
Green,2019-10-06,0.0708,0.0618,0.0669,0.0707,0.0748,0.0806,true
Green,2019-10-13,0.0711,0.0614,0.0672,0.0711,0.0751,0.0805,true
Green,2019-10-20,0.0713,0.0616,0.0672,0.0709,0.0755,0.0816,true
Green,2019-10-27,0.0715,0.0615,0.0673,0.0712,0.0755,0.0825,true
Green,2019-11-03,0.0718,0.062,0.0678,0.0714,0.076,0.0826,true
Green,2019-11-10,0.0719,0.0619,0.0678,0.0717,0.0759,0.0823,true
Green,2019-11-17,0.0722,0.0628,0.0681,0.0721,0.0763,0.0827,true
Green,2019-11-24,0.0723,0.0637,0.0681,0.0722,0.0764,0.0821,true
Green,2019-12-01,0.0721,0.0628,0.0679,0.0719,0.076,0.0827,true
Green,2019-12-08,0.0719,0.062,0.068,0.0714,0.0759,0.0822,true
Green,2019-12-15,0.0718,0.0621,0.0676,0.0715,0.0757,0.0822,true
Green,2019-12-22,0.0718,0.0625,0.0676,0.0714,0.0757,0.0825,true
Green,2019-12-29,0.0716,0.0625,0.0678,0.0712,0.0751,0.0827,true
Green,2020-01-05,0.0716,0.0626,0.0679,0.0711,0.075,0.0818,true
Green,2020-01-12,0.0714,0.0633,0.0678,0.0711,0.0746,0.081,true
Green,2020-01-19,0.0712,0.0628,0.0677,0.0709,0.0744,0.0801,true
Green,2020-01-26,0.071,0.0632,0.0678,0.071,0.074,0.0804,true
Green,2020-02-02,0.0708,0.0624,0.0673,0.0708,0.0742,0.0792,true
Green,2020-02-09,0.0707,0.0627,0.0674,0.0706,0.0742,0.0784,true
Green,2020-02-16,0.0702,0.0614,0.0664,0.0701,0.0738,0.0788,true
Green,2020-02-23,0.0696,0.0606,0.0656,0.0694,0.0734,0.079,true
Green,2020-03-01,0.0692,0.0602,0.0654,0.0691,0.0728,0.0788,true
Green,2020-03-08,0.0686,0.0596,0.0649,0.0685,0.0723,0.0782,true
Green,2020-03-15,0.0681,0.0593,0.0643,0.068,0.0717,0.0773,true
Green,2020-03-22,0.065,0.0549,0.0606,0.0648,0.0692,0.0756,true
Green,2020-03-29,0.0618,0.0516,0.0573,0.0614,0.0657,0.0738,true
Green,2020-04-05,0.0583,0.0495,0.054,0.0575,0.0612,0.0699,true
Green,2020-04-12,0.0552,0.048,0.0519,0.0551,0.0583,0.0634,true
Green,2020-04-19,0.0546,0.0471,0.0511,0.0547,0.0577,0.0632,true
Green,2020-04-26,0.0542,0.0471,0.0508,0.0539,0.0573,0.0624,true
Green,2020-05-03,0.0538,0.0466,0.0504,0.0538,0.057,0.0613,true
Green,2020-05-10,0.0533,0.0466,0.0502,0.053,0.0564,0.0607,true
Green,2020-05-17,0.0528,0.046,0.0497,0.0526,0.0557,0.0607,true
Green,2020-05-24,0.0539,0.047,0.0507,0.0536,0.0568,0.0622,true
Green,2020-05-31,0.0551,0.048,0.0518,0.0548,0.0581,0.064,true
Green,2020-06-07,0.0563,0.0486,0.053,0.0562,0.0592,0.0646,true
Green,2020-06-14,0.0574,0.0503,0.0545,0.0572,0.0601,0.0652,true
Green,2020-06-21,0.0591,0.0516,0.056,0.0588,0.0622,0.0671,true
Green,2020-06-28,0.059,0.0516,0.0557,0.0588,0.0621,0.0672,true
Green,2020-07-05,0.0588,0.0512,0.0555,0.0587,0.0618,0.0668,true
Green,2020-07-12,0.0585,0.0512,0.0552,0.0584,0.0615,0.0664,true
Green,2020-07-19,0.0581,0.0508,0.055,0.0581,0.0611,0.0657,true
Green,2020-07-26,0.0604,0.0524,0.057,0.0606,0.0639,0.0685,true
Green,2020-08-02,0.0625,0.0541,0.059,0.0626,0.066,0.071,true
Green,2020-08-09,0.0646,0.0551,0.061,0.0645,0.068,0.0737,true
Green,2020-08-16,0.0668,0.0581,0.0631,0.0668,0.0703,0.0764,true
Green,2020-08-23,0.0675,0.0577,0.063,0.0677,0.0717,0.0774,true
Green,2020-08-30,0.0685,0.0586,0.0643,0.0684,0.0722,0.0787,true
Green,2020-09-06,0.0694,0.0597,0.0658,0.0691,0.0735,0.0788,true
Green,2020-09-13,0.0702,0.063,0.0671,0.0703,0.0734,0.0777,true
Green,2020-09-20,0.0723,0.0648,0.069,0.0723,0.0753,0.08,true
Green,2020-09-27,0.074,0.0658,0.0708,0.0742,0.0768,0.0818,true
Green,2020-10-04,0.0756,0.0694,0.0734,0.0758,0.0781,0.0814,true
Green,2020-10-11,0.0786,0.0786,0.0786,0.0786,0.0786,0.0786,true
Green,2020-10-18,0.0786,0.0744,0.0772,0.0787,0.0802,0.0827,true
Green,2020-10-25,0.0789,0.0736,0.0769,0.0788,0.081,0.0844,true
Green,2020-11-01,0.079,0.0731,0.0764,0.0789,0.0815,0.0852,true
Green,2020-11-08,0.079,0.0722,0.0762,0.079,0.0819,0.086,true
Green,2020-11-15,0.0784,0.0708,0.0755,0.0783,0.0817,0.086,true
Green,2020-11-22,0.0778,0.0698,0.0746,0.0777,0.0812,0.0863,true
Green,2020-11-29,0.0771,0.0689,0.0739,0.0771,0.0803,0.0853,true
Green,2020-12-06,0.0773,0.068,0.0737,0.0775,0.0807,0.0859,true
Green,2020-12-13,0.0772,0.068,0.0734,0.0769,0.0811,0.0866,true
Green,2020-12-20,0.0774,0.0678,0.0737,0.0774,0.0812,0.0871,true
Green,2020-12-27,0.0776,0.0678,0.0739,0.0775,0.0814,0.0874,true
Green,2021-01-03,0.078,0.0688,0.074,0.0777,0.0818,0.0878,true
Green,2021-01-10,0.0781,0.0681,0.0744,0.0781,0.0818,0.087,true
Green,2021-01-17,0.0788,0.0691,0.0747,0.0788,0.083,0.0879,true
Green,2021-01-24,0.0796,0.0698,0.0755,0.0797,0.0838,0.09,true
Green,2021-01-31,0.0805,0.0703,0.0762,0.0805,0.0849,0.091,true
Green,2021-02-07,0.0814,0.0715,0.0772,0.0813,0.0853,0.092,true
Green,2021-02-14,0.0814,0.0717,0.0774,0.0812,0.0854,0.0923,true
Green,2021-02-21,0.0814,0.0711,0.0768,0.0815,0.0853,0.0921,true
Green,2021-02-28,0.0813,0.0721,0.077,0.0812,0.0852,0.0917,true
Green,2021-03-07,0.081,0.0721,0.0771,0.0808,0.085,0.0911,true
Green,2021-03-14,0.0809,0.0713,0.0768,0.0806,0.0846,0.091,true
Green,2021-03-21,0.0808,0.0713,0.077,0.0806,0.0849,0.0908,true
Green,2021-03-28,0.0811,0.0717,0.0771,0.0811,0.0853,0.0909,true
Green,2021-04-04,0.0813,0.0713,0.0774,0.0811,0.0853,0.091,true
Green,2021-04-11,0.0817,0.0717,0.0777,0.0815,0.0857,0.0919,true
Green,2021-04-18,0.0806,0.0707,0.0765,0.0803,0.0847,0.0907,true
Green,2021-04-25,0.0793,0.0692,0.0754,0.0792,0.0832,0.0898,true
Green,2021-05-02,0.0781,0.0686,0.0741,0.0779,0.0822,0.0881,true
Green,2021-05-09,0.0766,0.067,0.073,0.0766,0.0803,0.0855,true
Green,2021-05-16,0.0776,0.0678,0.0738,0.0774,0.0813,0.0866,true
Green,2021-05-23,0.0786,0.0692,0.0748,0.0785,0.0823,0.0881,true
Green,2021-05-30,0.0794,0.0697,0.0755,0.0793,0.0833,0.089,true
Green,2021-06-06,0.0801,0.0705,0.0765,0.0801,0.0837,0.0892,true
Green,2021-06-13,0.081,0.0719,0.0775,0.081,0.0846,0.0906,true
Green,2021-06-20,0.0808,0.0714,0.0769,0.0805,0.0847,0.0908,true
Green,2021-06-27,0.0804,0.0706,0.0763,0.0801,0.0841,0.0906,true
Green,2021-07-04,0.08,0.0705,0.0761,0.0795,0.084,0.0904,true
Green,2021-07-11,0.0797,0.0703,0.076,0.0794,0.0835,0.0898,true
Green,2021-07-18,0.0801,0.0711,0.0762,0.08,0.084,0.0898,true
Green,2021-07-25,0.0804,0.0712,0.0766,0.0804,0.084,0.0899,true
Green,2021-08-01,0.0795,0.0701,0.0755,0.0796,0.0833,0.0884,true
Green,2021-08-08,0.0786,0.0692,0.0748,0.0788,0.0824,0.088,true
Green,2021-08-15,0.0771,0.0671,0.0727,0.0773,0.0811,0.0873,true
Green,2021-08-22,0.0756,0.0656,0.0717,0.0757,0.0794,0.0857,true
Green,2021-08-29,0.0743,0.0649,0.0705,0.0742,0.0782,0.0837,true
Green,2021-09-05,0.0729,0.0641,0.0693,0.0727,0.0766,0.0816,true
Green,2021-09-12,0.0715,0.0633,0.0679,0.0716,0.0749,0.0797,true
Green,2021-09-19,0.0725,0.0645,0.0685,0.0726,0.0761,0.0806,true
Green,2021-09-26,0.0726,0.0643,0.0686,0.0725,0.0765,0.0809,true
Green,2021-10-03,0.0728,0.0645,0.0689,0.0727,0.0764,0.0819,true
Green,2021-10-10,0.0735,0.0652,0.0699,0.0733,0.0771,0.0822,true
Green,2021-10-17,0.0742,0.0661,0.0708,0.074,0.0779,0.0827,true
Green,2021-10-24,0.0748,0.0669,0.0712,0.0748,0.0783,0.0833,true
Green,2021-10-31,0.0756,0.0675,0.0721,0.0754,0.079,0.0836,true
Green,2021-11-07,0.0758,0.0678,0.0723,0.0759,0.0793,0.0837,true
Green,2021-11-14,0.0764,0.0684,0.0725,0.0764,0.0799,0.085,true
Green,2021-11-21,0.0771,0.0683,0.0731,0.0773,0.0806,0.0859,true
Green,2021-11-28,0.0776,0.0683,0.0739,0.0776,0.0814,0.0861,true
Green,2021-12-05,0.0773,0.0686,0.0736,0.0773,0.0811,0.0864,true
Green,2021-12-12,0.0776,0.0688,0.0736,0.0776,0.0812,0.0868,true
Green,2021-12-19,0.078,0.0692,0.0742,0.0779,0.0819,0.0876,true
Green,2021-12-26,0.0782,0.0693,0.0745,0.0783,0.0817,0.0877,true
Green,2022-01-02,0.0786,0.0692,0.0749,0.0786,0.0819,0.0883,true
Green,2022-01-09,0.0788,0.0707,0.0754,0.0787,0.0821,0.0876,true
Green,2022-01-16,0.079,0.0708,0.0757,0.0787,0.0824,0.087,true
Green,2022-01-23,0.0783,0.0705,0.0752,0.0783,0.0811,0.0866,true
Green,2022-01-30,0.0786,0.0704,0.0754,0.0786,0.0816,0.0878,true
Green,2022-02-06,0.0799,0.072,0.0762,0.0798,0.0832,0.0886,true
Green,2022-02-13,0.0813,0.0728,0.0779,0.0811,0.0844,0.0908,true
Green,2022-02-20,0.0819,0.0735,0.0783,0.0816,0.0849,0.091,true
Green,2022-02-27,0.0823,0.0743,0.0788,0.0821,0.0856,0.0916,true
Green,2022-03-06,0.0827,0.0746,0.0796,0.0825,0.0857,0.0915,true
Green,2022-03-13,0.0826,0.0745,0.0793,0.0825,0.0856,0.0914,true
Green,2022-03-20,0.0818,0.074,0.0785,0.0818,0.085,0.0902,true
Green,2022-03-27,0.0814,0.0738,0.0779,0.0814,0.0844,0.0898,true
Green,2022-04-03,0.0809,0.073,0.0778,0.081,0.084,0.089,true
Green,2022-04-10,0.0804,0.0725,0.0775,0.0807,0.0833,0.0879,true
Green,2022-04-17,0.0803,0.0723,0.0774,0.0802,0.0834,0.0878,true
Green,2022-04-24,0.0808,0.0728,0.0776,0.0809,0.0842,0.0882,true
Green,2022-05-01,0.0815,0.0736,0.0784,0.0814,0.0845,0.089,true
Green,2022-05-08,0.082,0.0742,0.0788,0.082,0.085,0.0895,true
Green,2022-05-15,0.0822,0.0745,0.079,0.0823,0.0854,0.0898,true
Green,2022-05-22,0.0822,0.0745,0.079,0.082,0.0856,0.0906,true
Green,2022-05-29,0.0817,0.0741,0.0786,0.0818,0.0848,0.0898,true
Green,2022-06-05,0.0813,0.0736,0.0779,0.0815,0.0844,0.0891,true
Green,2022-06-12,0.0801,0.072,0.0769,0.0801,0.0832,0.0882,true
Green,2022-06-19,0.0795,0.0716,0.0762,0.0797,0.0826,0.0877,true
Green,2022-06-26,0.079,0.0716,0.0759,0.079,0.0823,0.0865,true
Green,2022-07-03,0.0786,0.0714,0.0755,0.0784,0.0817,0.0863,true
Green,2022-07-10,0.078,0.0709,0.0751,0.0781,0.081,0.0854,true
Green,2022-07-17,0.0785,0.0708,0.0754,0.0787,0.0813,0.0859,true
Green,2022-07-24,0.0789,0.0715,0.0759,0.0793,0.0818,0.0861,true
Green,2022-07-31,0.0794,0.0723,0.0764,0.0794,0.0821,0.0867,true
Green,2022-08-07,0.0783,0.0711,0.0753,0.0783,0.0812,0.0856,true
Green,2022-08-14,0.0795,0.0717,0.0765,0.0794,0.0825,0.0873,true
Green,2022-08-21,0.0806,0.0728,0.0773,0.0805,0.0839,0.0883,true
Green,2022-08-28,0.0817,0.0742,0.0784,0.0816,0.0851,0.0896,true
Green,2022-09-04,0.0829,0.0755,0.0795,0.0831,0.0861,0.091,true
Green,2022-09-11,0.084,0.0763,0.081,0.084,0.0871,0.0922,true
Green,2022-09-18,0.0849,0.0774,0.0816,0.0848,0.0882,0.0927,true
Green,2022-09-25,0.0859,0.0776,0.0827,0.0858,0.0893,0.094,true
Green,2022-10-02,0.0869,0.0785,0.0835,0.087,0.0903,0.0951,true
Green,2022-10-09,0.0888,0.0809,0.0855,0.0886,0.0919,0.0971,true
Green,2022-10-16,0.089,0.0811,0.0856,0.0891,0.0923,0.0971,true
Green,2022-10-23,0.0881,0.0807,0.0848,0.088,0.0912,0.0956,true
Green,2022-10-30,0.0869,0.08,0.0838,0.0866,0.0899,0.0948,true
Green,2022-11-06,0.0869,0.0792,0.0839,0.0869,0.09,0.0951,true
Green,2022-11-13,0.0871,0.0798,0.084,0.0868,0.09,0.0953,true
Green,2022-11-20,0.0861,0.0788,0.0831,0.0859,0.0892,0.094,true
Green,2022-11-27,0.0852,0.0778,0.0821,0.0854,0.0882,0.0932,true
Green,2022-12-04,0.085,0.0775,0.0818,0.085,0.0884,0.0924,true
Green,2022-12-11,0.0848,0.0771,0.0818,0.0848,0.0878,0.092,true
Green,2022-12-18,0.0843,0.0768,0.0811,0.084,0.0875,0.092,true
Green,2022-12-25,0.084,0.0765,0.0807,0.0837,0.0872,0.0917,true
Green,2023-01-01,0.0838,0.0758,0.0807,0.0836,0.0869,0.092,true
Green,2023-01-08,0.0834,0.0754,0.0804,0.083,0.0865,0.0914,true
Green,2023-01-15,0.0822,0.0746,0.0793,0.082,0.085,0.0892,true
Green,2023-01-22,0.0806,0.0736,0.0778,0.0805,0.0833,0.0872,true
Green,2023-01-29,0.0803,0.0732,0.0775,0.0802,0.0833,0.0874,true
Green,2023-02-05,0.0802,0.073,0.0775,0.0803,0.0829,0.0875,true
Green,2023-02-12,0.0799,0.0728,0.077,0.0799,0.0826,0.0872,true
Green,2023-02-19,0.0799,0.0726,0.0767,0.0801,0.0829,0.0873,true
Green,2023-02-26,0.0797,0.0725,0.0767,0.0798,0.0825,0.0873,true
Green,2023-03-05,0.0793,0.0722,0.0764,0.0791,0.0822,0.0866,true
Green,2023-03-12,0.0792,0.0717,0.0763,0.079,0.0823,0.0868,true
Green,2023-03-19,0.0793,0.0719,0.0763,0.0792,0.0824,0.0866,true
Green,2023-03-26,0.0796,0.0723,0.0766,0.0796,0.0825,0.0874,true
Green,2023-04-02,0.0798,0.0729,0.0769,0.0797,0.0826,0.0872,true
Green,2023-04-09,0.0801,0.0732,0.0772,0.08,0.083,0.0874,true
Green,2023-04-16,0.0797,0.0728,0.0769,0.0796,0.0827,0.0872,true
Green,2023-04-23,0.0794,0.0722,0.0763,0.0794,0.0823,0.0869,true
Green,2023-04-30,0.079,0.0724,0.0759,0.0788,0.082,0.0862,true
Green,2023-05-07,0.078,0.0713,0.075,0.0779,0.0807,0.0853,true
Green,2023-05-14,0.0774,0.0701,0.0745,0.0774,0.0802,0.0847,true
Green,2023-05-21,0.0769,0.0698,0.0738,0.0769,0.0795,0.0842,true
Green,2023-05-28,0.0768,0.0698,0.0735,0.0769,0.0798,0.0846,true
Green,2023-06-04,0.077,0.0695,0.0738,0.077,0.08,0.0849,true
Green,2023-06-11,0.0772,0.0693,0.0737,0.077,0.0803,0.0858,true
Green,2023-06-18,0.079,0.0703,0.0756,0.0788,0.0824,0.0873,true
Green,2023-06-25,0.0809,0.0723,0.0774,0.0809,0.0844,0.09,true
Green,2023-07-02,0.0822,0.0736,0.0789,0.0823,0.0855,0.0909,true
Green,2023-07-09,0.0838,0.0756,0.0806,0.0839,0.0872,0.0923,true
Green,2023-07-16,0.0867,0.0777,0.0831,0.0868,0.0901,0.0956,true
Green,2023-07-23,0.0898,0.0808,0.0862,0.0896,0.0932,0.0989,true
Green,2023-07-30,0.0936,0.0852,0.0899,0.0937,0.0973,0.1022,true
Green,2023-08-06,0.095,0.0859,0.091,0.0951,0.0983,0.1045,true
Green,2023-08-13,0.0966,0.0874,0.0926,0.0966,0.1003,0.1058,true
Green,2023-08-20,0.0998,0.0898,0.0957,0.0997,0.1038,0.1098,true
Green,2023-08-27,0.1059,0.0964,0.1019,0.1059,0.1098,0.1153,true
Green,2023-09-03,0.11,0.1005,0.106,0.1103,0.1137,0.1193,true
Green,2023-09-10,0.1109,0.1007,0.1071,0.1111,0.1149,0.1201,true
Green,2023-09-17,0.1145,0.1057,0.1111,0.1149,0.118,0.1227,true
Green,2023-09-24,0.1168,0.1086,0.1132,0.1168,0.12,0.1257,true
Green,2023-10-01,0.1177,0.1102,0.1152,0.1176,0.1203,0.1248,true
Green,2023-10-08,0.1161,0.1161,0.1161,0.1161,0.1161,0.1161,true
Green,2023-10-15,0.1161,0.1111,0.1143,0.116,0.1177,0.1211,true
Green,2023-10-22,0.1158,0.1089,0.1131,0.1157,0.1181,0.1227,true
Green,2023-10-29,0.1157,0.1077,0.1126,0.1157,0.1191,0.1234,true
Green,2023-11-05,0.1155,0.1063,0.1121,0.1155,0.119,0.1245,true
Green,2023-11-12,0.1157,0.1062,0.1119,0.1157,0.1194,0.1254,true
Green,2023-11-19,0.1156,0.1057,0.1115,0.1155,0.1197,0.1264,true
Green,2023-11-26,0.1152,0.105,0.1107,0.115,0.1195,0.1267,true
Green,2023-12-03,0.1148,0.1043,0.1103,0.1146,0.1189,0.1258,true
Green,2023-12-10,0.1148,0.1038,0.1104,0.1145,0.1192,0.1263,true
Green,2023-12-17,0.1147,0.1035,0.1099,0.114,0.1193,0.1266,true
Green,2023-12-24,0.1145,0.1033,0.1098,0.1141,0.1191,0.1267,true
Green,2023-12-31,0.1144,0.1036,0.1094,0.1141,0.1191,0.1268,true
Green,2024-01-07,0.1144,0.1035,0.1096,0.1141,0.1189,0.1266,true
Green,2024-01-14,0.1152,0.1044,0.1106,0.1146,0.1196,0.1278,true
Green,2024-01-21,0.115,0.1041,0.1102,0.1142,0.1195,0.1283,true
Green,2024-01-28,0.1147,0.1039,0.1098,0.1139,0.12,0.1273,true
Green,2024-02-04,0.1147,0.1036,0.1099,0.1143,0.1191,0.1263,true
Green,2024-02-11,0.1162,0.1057,0.1114,0.116,0.1209,0.1279,true
Green,2024-02-18,0.1168,0.1056,0.1118,0.1165,0.1213,0.1294,true
Green,2024-02-25,0.1173,0.1051,0.1127,0.117,0.1216,0.1297,true
Green,2024-03-03,0.1182,0.1065,0.1134,0.1178,0.1225,0.1306,true
Green,2024-03-10,0.1175,0.1058,0.1127,0.1171,0.1221,0.1299,true
Green,2024-03-17,0.1172,0.1053,0.1124,0.1168,0.1221,0.1295,true
Green,2024-03-24,0.1169,0.1051,0.1119,0.1165,0.1217,0.1295,true
Green,2024-03-31,0.1165,0.105,0.1113,0.1163,0.1217,0.1286,true
Green,2024-04-07,0.1149,0.1033,0.1098,0.1143,0.12,0.1265,true
Green,2024-04-14,0.1142,0.1024,0.1089,0.114,0.1192,0.1259,true
Green,2024-04-21,0.1139,0.1021,0.1085,0.1133,0.1191,0.1268,true
Green,2024-04-28,0.1129,0.1012,0.1076,0.1126,0.1179,0.1254,true
Green,2024-05-05,0.112,0.1003,0.107,0.1118,0.1169,0.1245,true
Green,2024-05-12,0.1124,0.1003,0.1071,0.1121,0.1176,0.1256,true
Green,2024-05-19,0.1126,0.1007,0.1075,0.1126,0.1177,0.1245,true
Green,2024-05-26,0.1127,0.1001,0.1075,0.1125,0.118,0.1252,true
Green,2024-06-02,0.1131,0.1014,0.108,0.1131,0.1178,0.126,true
Green,2024-06-09,0.1134,0.1019,0.1083,0.1132,0.1177,0.1258,true
Green,2024-06-16,0.1135,0.1019,0.1089,0.1133,0.1182,0.1261,true
Green,2024-06-23,0.1135,0.1013,0.1089,0.1133,0.1184,0.1259,true
Green,2024-06-30,0.1136,0.1023,0.1083,0.1134,0.1182,0.1269,true
Green,2024-07-07,0.1124,0.1008,0.1073,0.1121,0.1171,0.1265,true
Green,2024-07-14,0.1114,0.0994,0.1059,0.1112,0.1164,0.1248,true
Green,2024-07-21,0.1106,0.0981,0.1052,0.1106,0.1153,0.1234,true
Green,2024-07-28,0.1098,0.0974,0.1045,0.1098,0.1151,0.1225,true
Green,2024-08-04,0.1093,0.0966,0.1042,0.1092,0.1142,0.1217,true
Green,2024-08-11,0.1084,0.0973,0.1038,0.1083,0.1133,0.1202,true
Green,2024-08-18,0.1082,0.0968,0.1032,0.1081,0.113,0.1205,true
Green,2024-08-25,0.1081,0.0968,0.1031,0.1076,0.1125,0.1202,true
Green,2024-09-01,0.1079,0.0966,0.1031,0.1076,0.1125,0.1197,true
Green,2024-09-08,0.1089,0.0975,0.1042,0.1087,0.1135,0.1211,true
Green,2024-09-15,0.108,0.0964,0.1032,0.1079,0.1126,0.12,true
Green,2024-09-22,0.1073,0.0962,0.1024,0.1072,0.1117,0.1194,true
Green,2024-09-29,0.1066,0.0957,0.1018,0.1067,0.1106,0.1186,true
Green,2024-10-06,0.1061,0.0951,0.1013,0.1056,0.1106,0.1181,true
Green,2024-10-13,0.1054,0.094,0.1007,0.1052,0.1106,0.1163,true
Green,2024-10-20,0.1044,0.0927,0.1001,0.1043,0.1089,0.1159,true
Green,2024-10-27,0.1036,0.0924,0.0993,0.1035,0.108,0.1149,true
Green,2024-11-03,0.103,0.0921,0.0985,0.1027,0.1075,0.1151,true
Green,2024-11-10,0.1023,0.0918,0.0976,0.1019,0.1067,0.1144,true
Green,2024-11-17,0.1035,0.093,0.0988,0.1033,0.1078,0.1161,true
Green,2024-11-24,0.1043,0.0937,0.0995,0.1041,0.1085,0.1164,true
Green,2024-12-01,0.1038,0.0927,0.0987,0.1033,0.1086,0.1164,true
Green,2024-12-08,0.1036,0.0921,0.0987,0.1032,0.1086,0.1164,true
Green,2024-12-15,0.1035,0.0926,0.0985,0.1032,0.1085,0.1157,true
Green,2024-12-22,0.1033,0.0925,0.0985,0.103,0.1079,0.116,true
Green,2024-12-29,0.1032,0.0918,0.0982,0.1029,0.108,0.1152,true
Green,2025-01-05,0.103,0.0916,0.0981,0.1028,0.1079,0.1147,true
Green,2025-01-12,0.103,0.0915,0.0983,0.1029,0.1074,0.1148,true
Green,2025-01-19,0.1034,0.0923,0.0986,0.1035,0.1078,0.1149,true
Green,2025-01-26,0.1038,0.0924,0.0989,0.1038,0.1085,0.1154,true
Green,2025-02-02,0.1042,0.093,0.0995,0.1041,0.1089,0.1157,true
Green,2025-02-09,0.1046,0.0933,0.0997,0.1046,0.1091,0.1159,true
Green,2025-02-16,0.1039,0.0929,0.099,0.1039,0.1085,0.1155,true
Green,2025-02-23,0.1032,0.0921,0.0987,0.1029,0.108,0.1147,true
Green,2025-03-02,0.1026,0.0918,0.0982,0.1021,0.1069,0.1146,true
Green,2025-03-09,0.1035,0.0928,0.0988,0.103,0.1078,0.1155,true
Green,2025-03-16,0.1032,0.0922,0.0983,0.1028,0.1076,0.1159,true
Green,2025-03-23,0.1031,0.0919,0.0982,0.1026,0.1076,0.115,true
Green,2025-03-30,0.1028,0.0915,0.0979,0.1028,0.1071,0.1147,true
Green,2025-04-06,0.1028,0.0915,0.098,0.1028,0.1071,0.1148,true
Green,2025-04-13,0.1021,0.0902,0.0969,0.1021,0.1068,0.1142,true
Green,2025-04-20,0.1012,0.0905,0.0961,0.101,0.1062,0.1125,true
Green,2025-04-27,0.1008,0.0898,0.0961,0.1007,0.1054,0.1122,true
Green,2025-05-04,0.1007,0.0894,0.0956,0.1009,0.1053,0.1124,true
Green,2025-05-11,0.1009,0.0899,0.096,0.1009,0.1054,0.1123,true
Green,2025-05-18,0.1019,0.0905,0.097,0.1022,0.1065,0.1144,true
Green,2025-05-25,0.1028,0.0915,0.0978,0.1026,0.1075,0.1142,true
Green,2025-06-01,0.1015,0.0904,0.0965,0.1013,0.1064,0.1131,true
Green,2025-06-08,0.1003,0.0888,0.0957,0.1,0.1049,0.1116,true
Green,2025-06-15,0.1003,0.0888,0.0958,0.1,0.1051,0.1126,true
Green,2025-06-22,0.1006,0.0891,0.0959,0.1004,0.1054,0.1122,true
Green,2025-06-29,0.1006,0.0893,0.0958,0.1003,0.1054,0.1124,true
Green,2025-07-06,0.1001,0.0886,0.0951,0.0998,0.1045,0.1122,true
Green,2025-07-13,0.0992,0.0882,0.0943,0.0992,0.1041,0.1118,true
Green,2025-07-20,0.0993,0.0875,0.0944,0.099,0.1043,0.112,true
Green,2025-07-27,0.0996,0.0878,0.0945,0.0994,0.1042,0.1124,true
Green,2025-08-03,0.0996,0.088,0.0947,0.0993,0.104,0.1122,true
Green,2025-08-10,0.0986,0.0867,0.0937,0.0986,0.1037,0.1111,true
Green,2025-08-17,0.0989,0.087,0.0937,0.0984,0.1035,0.1116,true
Green,2025-08-24,0.0992,0.0877,0.0942,0.0987,0.1041,0.1118,true
Green,2025-08-31,0.0994,0.0882,0.0947,0.0994,0.104,0.1119,true
Green,2025-09-07,0.0999,0.0885,0.0948,0.0996,0.1047,0.1127,true
Green,2025-09-14,0.0999,0.0883,0.0948,0.0995,0.1048,0.1127,true
Green,2025-09-21,0.0998,0.0885,0.0946,0.0994,0.1047,0.1126,true
Green,2025-09-28,0.0999,0.0885,0.0947,0.0992,0.1046,0.1126,true
Green,2025-10-05,0.0989,0.0877,0.0939,0.0984,0.1036,0.1115,true
Green,2025-10-12,0.0979,0.0862,0.0933,0.0974,0.1027,0.1108,true
Green,2025-10-19,0.0973,0.086,0.0921,0.0968,0.102,0.1099,true
Green,2025-10-26,0.0966,0.0851,0.0918,0.0961,0.1011,0.1086,true
Green,2025-11-02,0.0959,0.0844,0.0914,0.0955,0.1002,0.1082,true
Green,2025-11-09,0.0967,0.0844,0.092,0.0962,0.101,0.1099,true
Green,2025-11-16,0.0957,0.0837,0.0909,0.0953,0.1006,0.1081,true
Green,2025-11-23,0.0946,0.0831,0.0898,0.0945,0.0992,0.1072,true
Green,2025-11-30,0.0935,0.082,0.0888,0.0932,0.0981,0.1054,true
Green,2025-12-07,0.0925,0.0811,0.0879,0.0921,0.0969,0.1044,true
Green,2025-12-14,0.0927,0.0812,0.088,0.0924,0.0975,0.1047,true
Green,2025-12-21,0.093,0.0817,0.088,0.0929,0.0983,0.1053,true
Green,2025-12-28,0.0934,0.0817,0.0884,0.0929,0.0984,0.1057,true
Green,2026-01-04,0.0938,0.0815,0.0891,0.0935,0.0988,0.1066,true
Green,2026-01-11,0.0941,0.0821,0.0894,0.0937,0.0988,0.1064,true
Green,2026-01-18,0.0954,0.0838,0.0904,0.0947,0.1002,0.1081,true
Green,2026-01-25,0.0963,0.0845,0.091,0.0957,0.1015,0.1093,true
Green,2026-02-01,0.0971,0.0853,0.0917,0.0963,0.1018,0.1106,true
Green,2026-02-08,0.0979,0.0859,0.0925,0.097,0.1027,0.1109,true
Green,2026-02-15,0.0974,0.0855,0.0922,0.0969,0.1021,0.1114,true
Green,2026-02-22,0.0972,0.085,0.0918,0.0966,0.1022,0.1105,true
Green,2026-03-01,0.0968,0.0851,0.0919,0.0964,0.1013,0.1105,true
Green,2026-03-08,0.0946,0.0827,0.0893,0.0939,0.0996,0.1081,true
Green,2026-03-15,0.0945,0.0831,0.089,0.0939,0.0993,0.1081,true
Green,2026-03-22,0.0941,0.0819,0.089,0.0935,0.0989,0.1083,true
Green,2026-03-29,0.0936,0.0812,0.0882,0.093,0.0984,0.1092,true
Green,2026-04-05,0.0932,0.0812,0.0877,0.0925,0.0982,0.108,true
Green,2026-04-12,0.0925,0.0803,0.0873,0.0922,0.0971,0.1071,true
Green,2026-04-19,0.0941,0.0819,0.0886,0.0939,0.0991,0.1087,true
Green,2026-04-26,0.0958,0.0831,0.0903,0.0955,0.1012,0.1105,true
Green,2026-05-03,0.0975,0.0843,0.0918,0.0967,0.1026,0.1128,true
Green,2026-05-10,0.0999,0.0871,0.094,0.0989,0.1046,0.1161,true
Green,2026-05-17,0.1011,0.0884,0.0951,0.1001,0.1059,0.1173,true
Green,2026-05-24,0.1023,0.0892,0.0963,0.1015,0.1075,0.119,true
Green,2026-05-31,0.1037,0.0918,0.0976,0.1027,0.1087,0.1193,true
Green,2026-06-07,0.1041,0.0915,0.0978,0.1034,0.1092,0.1197,true
Green,2026-06-14,0.1047,0.0926,0.0987,0.1039,0.1095,0.1211,true
Green,2026-06-21,0.1044,0.0917,0.0983,0.1036,0.1098,0.1203,true
Green,2026-06-28,0.1041,0.0911,0.098,0.1034,0.1089,0.1204,true
Green,2026-07-05,0.1037,0.0905,0.0982,0.1031,0.1084,0.1197,true
Green,2026-07-12,0.1042,0.0903,0.0985,0.1034,0.109,0.1204,true
Green,2026-07-19,0.105,0.091,0.0992,0.1041,0.1098,0.1221,true
Green,2026-07-26,0.1056,0.0916,0.0997,0.1049,0.1114,0.1228,true
Green,2026-08-02,0.1063,0.0931,0.1003,0.1054,0.1115,0.1232,true
Green,2026-08-09,0.1085,0.0954,0.1023,0.1075,0.1135,0.1256,true
Green,2026-08-16,0.1094,0.0949,0.1035,0.1083,0.1147,0.1265,true
Green,2026-08-23,0.1119,0.0976,0.1056,0.1112,0.1174,0.1299,true
Green,2026-08-30,0.1146,0.0991,0.1077,0.1138,0.12,0.1333,true
Green,2026-09-06,0.1158,0.0991,0.1089,0.1151,0.1215,0.134,true
Green,2026-09-13,0.1155,0.097,0.1073,0.1144,0.123,0.1369,false
Green,2026-09-20,0.1155,0.0952,0.1067,0.1138,0.1235,0.1405,false
Green,2026-09-27,0.1153,0.0929,0.1054,0.1136,0.1248,0.1426,false
Green,2026-10-04,0.1151,0.0908,0.1043,0.114,0.1244,0.143,false
Green,2026-10-11,0.1147,0.0908,0.1031,0.1128,0.1256,0.145,false
Green,2026-10-18,0.1142,0.0895,0.1018,0.1133,0.1248,0.1456,false
Green,2026-10-25,0.1137,0.0869,0.101,0.1128,0.1249,0.1458,false
Green,2026-11-01,0.1138,0.0849,0.1008,0.1128,0.1256,0.1474,false
ACT,2011-11-20,0.0107,0.0107,0.0107,0.0107,0.0107,0.0107,true
ACT,2011-11-27,0.0102,0.009,0.0099,0.0103,0.0107,0.0113,true
ACT,2011-12-04,0.0098,0.0081,0.0093,0.0099,0.0105,0.0112,true
ACT,2011-12-11,0.0094,0.0074,0.0088,0.0094,0.0101,0.0112,true
ACT,2011-12-18,0.0089,0.0067,0.0082,0.009,0.0097,0.0108,true
ACT,2011-12-25,0.0085,0.0062,0.0077,0.0085,0.0093,0.0105,true
ACT,2012-01-01,0.0081,0.0058,0.0072,0.0081,0.0089,0.0102,true
ACT,2012-01-08,0.0077,0.0055,0.0069,0.0077,0.0085,0.0098,true
ACT,2012-01-15,0.0074,0.0053,0.0065,0.0074,0.0082,0.0097,true
ACT,2012-01-22,0.0072,0.0052,0.0063,0.0071,0.0079,0.0094,true
ACT,2012-01-29,0.007,0.005,0.0062,0.007,0.0078,0.0091,true
ACT,2012-02-05,0.0069,0.0049,0.0061,0.0068,0.0077,0.009,true
ACT,2012-02-12,0.0067,0.0049,0.0059,0.0066,0.0074,0.0088,true
ACT,2012-02-19,0.0065,0.0048,0.0057,0.0064,0.0072,0.0086,true
ACT,2012-02-26,0.0064,0.0046,0.0055,0.0063,0.0071,0.0086,true
ACT,2012-03-04,0.0062,0.0045,0.0053,0.006,0.0069,0.0082,true
ACT,2012-03-11,0.0061,0.0044,0.0052,0.0059,0.0068,0.0083,true
ACT,2012-03-18,0.006,0.0043,0.0052,0.0059,0.0068,0.0081,true
ACT,2012-03-25,0.0059,0.0042,0.0051,0.0058,0.0067,0.008,true
ACT,2012-04-01,0.0058,0.0042,0.005,0.0057,0.0066,0.0081,true
ACT,2012-04-08,0.0058,0.0041,0.005,0.0056,0.0065,0.0079,true
ACT,2012-04-15,0.0057,0.0041,0.0049,0.0055,0.0065,0.0079,true
ACT,2012-04-22,0.0057,0.004,0.0048,0.0055,0.0064,0.0077,true
ACT,2012-04-29,0.0057,0.0041,0.0048,0.0056,0.0065,0.008,true
ACT,2012-05-06,0.0058,0.0042,0.0049,0.0056,0.0065,0.0081,true
ACT,2012-05-13,0.0058,0.0042,0.0049,0.0057,0.0065,0.008,true
ACT,2012-05-20,0.0059,0.0042,0.005,0.0057,0.0066,0.0081,true
ACT,2012-05-27,0.0058,0.0042,0.0049,0.0056,0.0064,0.008,true
ACT,2012-06-03,0.0057,0.0041,0.0049,0.0056,0.0064,0.0079,true
ACT,2012-06-10,0.0056,0.0041,0.0048,0.0055,0.0062,0.0079,true
ACT,2012-06-17,0.0057,0.0041,0.0049,0.0055,0.0063,0.0078,true
ACT,2012-06-24,0.0057,0.0042,0.0049,0.0055,0.0063,0.0078,true
ACT,2012-07-01,0.0057,0.0042,0.0049,0.0055,0.0063,0.0078,true
ACT,2012-07-08,0.0057,0.0042,0.005,0.0055,0.0063,0.0077,true
ACT,2012-07-15,0.0058,0.0042,0.005,0.0056,0.0064,0.0078,true
ACT,2012-07-22,0.0056,0.0042,0.0049,0.0055,0.0063,0.0076,true
ACT,2012-07-29,0.0056,0.0041,0.0048,0.0054,0.0062,0.0076,true
ACT,2012-08-05,0.0055,0.004,0.0047,0.0053,0.0061,0.0074,true
ACT,2012-08-12,0.0055,0.004,0.0047,0.0053,0.0061,0.0075,true
ACT,2012-08-19,0.0055,0.004,0.0047,0.0054,0.0062,0.0073,true
ACT,2012-08-26,0.0055,0.0041,0.0048,0.0054,0.0062,0.0074,true
ACT,2012-09-02,0.0055,0.0041,0.0047,0.0054,0.0061,0.0074,true
ACT,2012-09-09,0.0056,0.0041,0.0048,0.0054,0.0062,0.0075,true
ACT,2012-09-16,0.0056,0.0041,0.0049,0.0055,0.0062,0.0076,true
ACT,2012-09-23,0.0056,0.0041,0.0048,0.0054,0.0061,0.0075,true
ACT,2012-09-30,0.0055,0.004,0.0048,0.0054,0.006,0.0073,true
ACT,2012-10-07,0.0055,0.004,0.0047,0.0053,0.006,0.0074,true
ACT,2012-10-14,0.0054,0.004,0.0046,0.0052,0.0059,0.0071,true
ACT,2012-10-21,0.0053,0.0039,0.0046,0.0053,0.0059,0.007,true
ACT,2012-10-28,0.0053,0.0039,0.0046,0.0052,0.0058,0.007,true
ACT,2012-11-04,0.0052,0.0038,0.0045,0.0051,0.0057,0.0068,true
ACT,2012-11-11,0.0051,0.0037,0.0044,0.005,0.0056,0.0066,true
ACT,2012-11-18,0.005,0.0036,0.0043,0.0049,0.0055,0.0065,true
ACT,2012-11-25,0.0049,0.0036,0.0042,0.0048,0.0054,0.0066,true
ACT,2012-12-02,0.0048,0.0035,0.0041,0.0046,0.0053,0.0062,true
ACT,2012-12-09,0.0047,0.0035,0.0041,0.0046,0.0053,0.0062,true
ACT,2012-12-16,0.0046,0.0034,0.004,0.0046,0.0052,0.0061,true
ACT,2012-12-23,0.0046,0.0034,0.004,0.0045,0.0051,0.006,true
ACT,2012-12-30,0.0045,0.0033,0.0039,0.0044,0.005,0.006,true
ACT,2013-01-06,0.0045,0.0033,0.0038,0.0044,0.005,0.0061,true
ACT,2013-01-13,0.0044,0.0032,0.0038,0.0044,0.005,0.0059,true
ACT,2013-01-20,0.0044,0.0032,0.0038,0.0043,0.0049,0.006,true
ACT,2013-01-27,0.0044,0.0032,0.0038,0.0043,0.0048,0.0059,true
ACT,2013-02-03,0.0043,0.0032,0.0037,0.0043,0.0048,0.0057,true
ACT,2013-02-10,0.0043,0.0032,0.0037,0.0043,0.0047,0.0057,true
ACT,2013-02-17,0.0043,0.0031,0.0037,0.0042,0.0047,0.0057,true
ACT,2013-02-24,0.0042,0.003,0.0036,0.0042,0.0046,0.0058,true
ACT,2013-03-03,0.0043,0.0032,0.0037,0.0042,0.0048,0.0058,true
ACT,2013-03-10,0.0043,0.0032,0.0037,0.0043,0.0048,0.0058,true
ACT,2013-03-17,0.0044,0.0032,0.0038,0.0044,0.0049,0.0059,true
ACT,2013-03-24,0.0045,0.0033,0.0039,0.0044,0.005,0.0061,true
ACT,2013-03-31,0.0046,0.0034,0.004,0.0045,0.0051,0.0061,true
ACT,2013-04-07,0.0047,0.0036,0.0041,0.0047,0.0053,0.0061,true
ACT,2013-04-14,0.0048,0.0035,0.0042,0.0047,0.0053,0.0062,true
ACT,2013-04-21,0.0048,0.0036,0.0043,0.0047,0.0053,0.0063,true
ACT,2013-04-28,0.0049,0.0036,0.0043,0.0048,0.0054,0.0064,true
ACT,2013-05-05,0.005,0.0037,0.0044,0.0048,0.0055,0.0065,true
ACT,2013-05-12,0.0049,0.0036,0.0043,0.0048,0.0054,0.0064,true
ACT,2013-05-19,0.0049,0.0036,0.0043,0.0048,0.0054,0.0064,true
ACT,2013-05-26,0.0049,0.0036,0.0043,0.0047,0.0054,0.0064,true
ACT,2013-06-02,0.0049,0.0036,0.0042,0.0047,0.0054,0.0065,true
ACT,2013-06-09,0.0048,0.0036,0.0042,0.0047,0.0054,0.0064,true
ACT,2013-06-16,0.0048,0.0036,0.0042,0.0047,0.0054,0.0063,true
ACT,2013-06-23,0.0048,0.0036,0.0042,0.0047,0.0053,0.0062,true
ACT,2013-06-30,0.0047,0.0036,0.0041,0.0046,0.0052,0.0061,true
ACT,2013-07-07,0.0047,0.0035,0.0041,0.0046,0.0051,0.006,true
ACT,2013-07-14,0.0047,0.0036,0.0041,0.0046,0.0052,0.0061,true
ACT,2013-07-21,0.0048,0.0036,0.0041,0.0047,0.0053,0.0062,true
ACT,2013-07-28,0.0049,0.0037,0.0043,0.0048,0.0054,0.0063,true
ACT,2013-08-04,0.0049,0.0037,0.0043,0.0049,0.0055,0.0064,true
ACT,2013-08-11,0.005,0.0037,0.0044,0.005,0.0056,0.0065,true
ACT,2013-08-18,0.0051,0.0038,0.0044,0.005,0.0056,0.0066,true
ACT,2013-08-25,0.0051,0.0038,0.0045,0.005,0.0057,0.0067,true
ACT,2013-09-01,0.0052,0.0039,0.0046,0.0051,0.0057,0.0067,true
ACT,2013-09-08,0.0051,0.0038,0.0045,0.0051,0.0057,0.0066,true
ACT,2013-09-15,0.0051,0.0038,0.0045,0.005,0.0056,0.0066,true
ACT,2013-09-22,0.0051,0.0038,0.0045,0.0051,0.0056,0.0067,true
ACT,2013-09-29,0.0051,0.0038,0.0046,0.0051,0.0056,0.0067,true
ACT,2013-10-06,0.0052,0.0038,0.0046,0.0051,0.0057,0.0067,true
ACT,2013-10-13,0.0052,0.0039,0.0046,0.0052,0.0057,0.0067,true
ACT,2013-10-20,0.0053,0.004,0.0047,0.0052,0.0058,0.0068,true
ACT,2013-10-27,0.0054,0.004,0.0048,0.0053,0.0059,0.007,true
ACT,2013-11-03,0.0054,0.0041,0.0048,0.0054,0.0059,0.0071,true
ACT,2013-11-10,0.0054,0.0041,0.0048,0.0053,0.006,0.007,true
ACT,2013-11-17,0.0055,0.0041,0.0049,0.0054,0.0061,0.007,true
ACT,2013-11-24,0.0055,0.0041,0.0048,0.0053,0.006,0.0072,true
ACT,2013-12-01,0.0054,0.004,0.0048,0.0053,0.006,0.0071,true
ACT,2013-12-08,0.0054,0.004,0.0047,0.0054,0.006,0.0071,true
ACT,2013-12-15,0.0055,0.004,0.0048,0.0054,0.0061,0.0071,true
ACT,2013-12-22,0.0055,0.0041,0.0048,0.0054,0.0061,0.0072,true
ACT,2013-12-29,0.0055,0.0041,0.0049,0.0054,0.0061,0.0071,true
ACT,2014-01-05,0.0056,0.0041,0.0049,0.0055,0.0061,0.0072,true
ACT,2014-01-12,0.0056,0.0042,0.005,0.0054,0.0061,0.0073,true
ACT,2014-01-19,0.0056,0.0042,0.0049,0.0054,0.0061,0.0072,true
ACT,2014-01-26,0.0055,0.0042,0.0049,0.0055,0.0061,0.0072,true
ACT,2014-02-02,0.0056,0.0043,0.005,0.0055,0.0061,0.0072,true
ACT,2014-02-09,0.0056,0.0042,0.005,0.0055,0.0061,0.0072,true
ACT,2014-02-16,0.0056,0.0043,0.005,0.0055,0.0061,0.0073,true
ACT,2014-02-23,0.0057,0.0044,0.0051,0.0056,0.0062,0.0073,true
ACT,2014-03-02,0.0058,0.0046,0.0052,0.0057,0.0063,0.0076,true
ACT,2014-03-09,0.006,0.0047,0.0053,0.0059,0.0064,0.0079,true
ACT,2014-03-16,0.0061,0.0047,0.0054,0.006,0.0067,0.008,true
ACT,2014-03-23,0.0063,0.0049,0.0056,0.0062,0.0068,0.0082,true
ACT,2014-03-30,0.0063,0.005,0.0057,0.0062,0.0069,0.0081,true
ACT,2014-04-06,0.0063,0.005,0.0056,0.0061,0.0069,0.008,true
ACT,2014-04-13,0.0063,0.0049,0.0055,0.0062,0.0068,0.008,true
ACT,2014-04-20,0.0063,0.0048,0.0056,0.0062,0.0069,0.0079,true
ACT,2014-04-27,0.0063,0.0049,0.0056,0.0062,0.0069,0.008,true
ACT,2014-05-04,0.0062,0.0048,0.0056,0.0062,0.0068,0.0079,true
ACT,2014-05-11,0.0061,0.0049,0.0055,0.0061,0.0067,0.0078,true
ACT,2014-05-18,0.0059,0.0045,0.0053,0.0058,0.0064,0.0074,true
ACT,2014-05-25,0.0057,0.0043,0.0052,0.0056,0.0062,0.0073,true
ACT,2014-06-01,0.0056,0.0044,0.0051,0.0056,0.0061,0.0072,true
ACT,2014-06-08,0.0056,0.0044,0.005,0.0055,0.0061,0.007,true
ACT,2014-06-15,0.0055,0.0044,0.005,0.0054,0.006,0.007,true
ACT,2014-06-22,0.0055,0.0043,0.0049,0.0054,0.006,0.0069,true
ACT,2014-06-29,0.0054,0.0042,0.0048,0.0053,0.0059,0.0067,true
ACT,2014-07-06,0.0053,0.0041,0.0047,0.0052,0.0058,0.0067,true
ACT,2014-07-13,0.0052,0.0041,0.0046,0.0051,0.0056,0.0065,true
ACT,2014-07-20,0.0052,0.0041,0.0046,0.0052,0.0057,0.0066,true
ACT,2014-07-27,0.0052,0.004,0.0046,0.0052,0.0057,0.0067,true
ACT,2014-08-03,0.0052,0.004,0.0047,0.0051,0.0057,0.0066,true
ACT,2014-08-10,0.0052,0.0041,0.0047,0.0052,0.0057,0.0065,true
ACT,2014-08-17,0.0056,0.0044,0.0051,0.0056,0.0061,0.007,true
ACT,2014-08-24,0.0057,0.0046,0.0052,0.0057,0.0062,0.007,true
ACT,2014-08-31,0.0057,0.0046,0.0052,0.0057,0.0062,0.007,true
ACT,2014-09-07,0.0063,0.0054,0.0059,0.0063,0.0067,0.0073,true
ACT,2014-09-14,0.0069,0.0069,0.0069,0.0069,0.0069,0.0069,true
ACT,2014-09-21,0.0069,0.0063,0.0067,0.0069,0.0071,0.0074,true
ACT,2014-09-28,0.0069,0.0061,0.0065,0.0068,0.0072,0.0076,true
ACT,2014-10-05,0.0068,0.0059,0.0064,0.0068,0.0072,0.0078,true
ACT,2014-10-12,0.0067,0.0056,0.0063,0.0067,0.0071,0.0078,true
ACT,2014-10-19,0.0066,0.0055,0.0061,0.0066,0.007,0.0077,true
ACT,2014-10-26,0.0064,0.0053,0.0059,0.0064,0.0069,0.0077,true
ACT,2014-11-02,0.0063,0.0051,0.0058,0.0063,0.0068,0.0077,true
ACT,2014-11-09,0.0064,0.0051,0.0058,0.0063,0.0069,0.0079,true
ACT,2014-11-16,0.0064,0.005,0.0057,0.0063,0.0069,0.0079,true
ACT,2014-11-23,0.0064,0.005,0.0057,0.0063,0.0069,0.008,true
ACT,2014-11-30,0.0064,0.005,0.0057,0.0063,0.0069,0.008,true
ACT,2014-12-07,0.0062,0.0049,0.0055,0.0061,0.0068,0.0079,true
ACT,2014-12-14,0.0061,0.0048,0.0054,0.006,0.0067,0.0078,true
ACT,2014-12-21,0.006,0.0046,0.0053,0.0059,0.0065,0.0077,true
ACT,2014-12-28,0.0058,0.0045,0.0052,0.0057,0.0064,0.0075,true
ACT,2015-01-04,0.0057,0.0043,0.005,0.0056,0.0063,0.0073,true
ACT,2015-01-11,0.0056,0.0043,0.0049,0.0055,0.0062,0.0072,true
ACT,2015-01-18,0.0055,0.0041,0.0048,0.0054,0.0062,0.007,true
ACT,2015-01-25,0.0055,0.0041,0.0048,0.0054,0.0061,0.007,true
ACT,2015-02-01,0.0054,0.0041,0.0048,0.0053,0.006,0.007,true
ACT,2015-02-08,0.0054,0.004,0.0047,0.0053,0.006,0.0069,true
ACT,2015-02-15,0.0054,0.0041,0.0048,0.0053,0.006,0.007,true
ACT,2015-02-22,0.0055,0.0041,0.0048,0.0054,0.006,0.0071,true
ACT,2015-03-01,0.0055,0.0042,0.0049,0.0055,0.0061,0.0072,true
ACT,2015-03-08,0.0056,0.0042,0.0049,0.0055,0.0062,0.0074,true
ACT,2015-03-15,0.0056,0.0042,0.005,0.0055,0.0062,0.0074,true
ACT,2015-03-22,0.0056,0.0042,0.005,0.0056,0.0062,0.0074,true
ACT,2015-03-29,0.0057,0.0043,0.005,0.0056,0.0062,0.0074,true
ACT,2015-04-05,0.0057,0.0043,0.005,0.0056,0.0063,0.0072,true
ACT,2015-04-12,0.0057,0.0043,0.0051,0.0056,0.0063,0.0073,true
ACT,2015-04-19,0.0056,0.0043,0.005,0.0055,0.0062,0.0073,true
ACT,2015-04-26,0.0055,0.0042,0.0049,0.0055,0.0061,0.007,true
ACT,2015-05-03,0.0055,0.0041,0.0048,0.0054,0.006,0.0071,true
ACT,2015-05-10,0.0054,0.0041,0.0047,0.0053,0.0059,0.0069,true
ACT,2015-05-17,0.0054,0.0042,0.0047,0.0054,0.006,0.0069,true
ACT,2015-05-24,0.0054,0.0042,0.0048,0.0053,0.0059,0.0069,true
ACT,2015-05-31,0.0054,0.0041,0.0047,0.0053,0.0059,0.0069,true
ACT,2015-06-07,0.0054,0.004,0.0047,0.0053,0.0059,0.007,true
ACT,2015-06-14,0.0053,0.0041,0.0047,0.0053,0.0059,0.0069,true
ACT,2015-06-21,0.0053,0.004,0.0046,0.0052,0.0059,0.0068,true
ACT,2015-06-28,0.0052,0.0039,0.0046,0.0051,0.0058,0.0067,true
ACT,2015-07-05,0.0051,0.0039,0.0046,0.0051,0.0057,0.0066,true
ACT,2015-07-12,0.005,0.0037,0.0044,0.0049,0.0056,0.0065,true
ACT,2015-07-19,0.0049,0.0036,0.0043,0.0048,0.0055,0.0065,true
ACT,2015-07-26,0.0049,0.0036,0.0042,0.0047,0.0054,0.0064,true
ACT,2015-08-02,0.0048,0.0036,0.0041,0.0047,0.0053,0.0062,true
ACT,2015-08-09,0.0047,0.0036,0.0041,0.0046,0.0052,0.0061,true
ACT,2015-08-16,0.0047,0.0035,0.0041,0.0046,0.0053,0.0061,true
ACT,2015-08-23,0.0047,0.0035,0.0041,0.0046,0.0052,0.0063,true
ACT,2015-08-30,0.0047,0.0035,0.0042,0.0046,0.0053,0.0061,true
ACT,2015-09-06,0.0047,0.0035,0.0042,0.0047,0.0052,0.0062,true
ACT,2015-09-13,0.0047,0.0035,0.0041,0.0046,0.0053,0.0063,true
ACT,2015-09-20,0.0047,0.0035,0.0042,0.0046,0.0053,0.0063,true
ACT,2015-09-27,0.0047,0.0035,0.0041,0.0046,0.0053,0.0062,true
ACT,2015-10-04,0.0047,0.0035,0.0042,0.0047,0.0053,0.0062,true
ACT,2015-10-11,0.0048,0.0036,0.0042,0.0047,0.0054,0.0063,true
ACT,2015-10-18,0.0048,0.0036,0.0042,0.0047,0.0054,0.0063,true
ACT,2015-10-25,0.0049,0.0036,0.0042,0.0048,0.0054,0.0063,true
ACT,2015-11-01,0.0049,0.0037,0.0043,0.0048,0.0054,0.0063,true
ACT,2015-11-08,0.005,0.0037,0.0044,0.0049,0.0056,0.0065,true
ACT,2015-11-15,0.005,0.0038,0.0045,0.0049,0.0056,0.0065,true
ACT,2015-11-22,0.0051,0.0038,0.0045,0.005,0.0056,0.0066,true
ACT,2015-11-29,0.0051,0.0038,0.0045,0.005,0.0056,0.0066,true
ACT,2015-12-06,0.0051,0.0039,0.0045,0.005,0.0057,0.0068,true
ACT,2015-12-13,0.0052,0.0039,0.0046,0.0051,0.0058,0.0069,true
ACT,2015-12-20,0.0053,0.004,0.0046,0.0052,0.0059,0.0069,true
ACT,2015-12-27,0.0053,0.004,0.0047,0.0052,0.0059,0.007,true
ACT,2016-01-03,0.0054,0.004,0.0047,0.0053,0.006,0.0072,true
ACT,2016-01-10,0.0054,0.004,0.0048,0.0053,0.006,0.0071,true
ACT,2016-01-17,0.0055,0.004,0.0048,0.0053,0.0061,0.0073,true
ACT,2016-01-24,0.0055,0.0041,0.0049,0.0054,0.0061,0.0073,true
ACT,2016-01-31,0.0056,0.0041,0.005,0.0055,0.0062,0.0074,true
ACT,2016-02-07,0.0056,0.0042,0.005,0.0055,0.0062,0.0074,true
ACT,2016-02-14,0.0057,0.0042,0.005,0.0056,0.0062,0.0075,true
ACT,2016-02-21,0.0058,0.0043,0.0051,0.0056,0.0063,0.0076,true
ACT,2016-02-28,0.0058,0.0043,0.0051,0.0057,0.0065,0.0075,true
ACT,2016-03-06,0.0059,0.0044,0.0052,0.0058,0.0065,0.0077,true
ACT,2016-03-13,0.0059,0.0044,0.0052,0.0058,0.0066,0.0078,true
ACT,2016-03-20,0.006,0.0045,0.0052,0.0059,0.0066,0.0078,true
ACT,2016-03-27,0.006,0.0045,0.0053,0.006,0.0066,0.0079,true
ACT,2016-04-03,0.0061,0.0044,0.0054,0.006,0.0067,0.008,true
ACT,2016-04-10,0.0062,0.0045,0.0054,0.0061,0.0069,0.0081,true
ACT,2016-04-17,0.0061,0.0044,0.0053,0.0061,0.0068,0.0079,true
ACT,2016-04-24,0.006,0.0044,0.0053,0.0059,0.0067,0.0079,true
ACT,2016-05-01,0.0059,0.0043,0.0052,0.0059,0.0066,0.0077,true
ACT,2016-05-08,0.0059,0.0043,0.0052,0.0058,0.0065,0.0077,true
ACT,2016-05-15,0.0058,0.0041,0.0051,0.0057,0.0064,0.0077,true
ACT,2016-05-22,0.0057,0.0042,0.005,0.0056,0.0064,0.0076,true
ACT,2016-05-29,0.0057,0.0042,0.005,0.0056,0.0064,0.0075,true
ACT,2016-06-05,0.0057,0.0041,0.005,0.0056,0.0064,0.0075,true
ACT,2016-06-12,0.0057,0.0041,0.005,0.0056,0.0064,0.0075,true
ACT,2016-06-19,0.0057,0.004,0.005,0.0056,0.0063,0.0075,true
ACT,2016-06-26,0.0056,0.004,0.0049,0.0055,0.0062,0.0074,true
ACT,2016-07-03,0.0055,0.004,0.0048,0.0055,0.0062,0.0073,true
ACT,2016-07-10,0.0055,0.0039,0.0047,0.0054,0.0061,0.0073,true
ACT,2016-07-17,0.0054,0.0039,0.0047,0.0054,0.006,0.0071,true
ACT,2016-07-24,0.0055,0.004,0.0048,0.0054,0.0061,0.0071,true
ACT,2016-07-31,0.0055,0.0041,0.0048,0.0054,0.0061,0.0073,true
ACT,2016-08-07,0.0056,0.004,0.0049,0.0055,0.0062,0.0075,true
ACT,2016-08-14,0.0056,0.004,0.0049,0.0056,0.0063,0.0074,true
ACT,2016-08-21,0.0057,0.0039,0.0049,0.0056,0.0063,0.0075,true
ACT,2016-08-28,0.0057,0.0041,0.0049,0.0056,0.0063,0.0075,true
ACT,2016-09-04,0.0057,0.004,0.005,0.0056,0.0063,0.0076,true
ACT,2016-09-11,0.0057,0.0041,0.005,0.0057,0.0064,0.0076,true
ACT,2016-09-18,0.0057,0.0041,0.0049,0.0056,0.0064,0.0076,true
ACT,2016-09-25,0.0056,0.0041,0.0049,0.0056,0.0063,0.0075,true
ACT,2016-10-02,0.0056,0.004,0.0049,0.0055,0.0063,0.0073,true
ACT,2016-10-09,0.0055,0.0039,0.0048,0.0055,0.0062,0.0073,true
ACT,2016-10-16,0.0055,0.0039,0.0048,0.0055,0.0062,0.0073,true
ACT,2016-10-23,0.0055,0.0039,0.0048,0.0055,0.0062,0.0072,true
ACT,2016-10-30,0.0055,0.0039,0.0048,0.0055,0.0061,0.0072,true
ACT,2016-11-06,0.0055,0.004,0.0048,0.0054,0.0062,0.0072,true
ACT,2016-11-13,0.0055,0.0039,0.0048,0.0054,0.0061,0.0072,true
ACT,2016-11-20,0.0055,0.004,0.0048,0.0055,0.0062,0.0072,true
ACT,2016-11-27,0.0056,0.0041,0.0048,0.0056,0.0062,0.0073,true
ACT,2016-12-04,0.0057,0.0041,0.0049,0.0056,0.0063,0.0075,true
ACT,2016-12-11,0.0057,0.0042,0.0049,0.0056,0.0063,0.0076,true
ACT,2016-12-18,0.0058,0.0041,0.005,0.0056,0.0064,0.0076,true
ACT,2016-12-25,0.0058,0.0042,0.005,0.0057,0.0065,0.0078,true
ACT,2017-01-01,0.0059,0.0042,0.005,0.0058,0.0065,0.0077,true
ACT,2017-01-08,0.0059,0.0043,0.0051,0.0058,0.0066,0.0078,true
ACT,2017-01-15,0.0059,0.0044,0.0052,0.0059,0.0066,0.0078,true
ACT,2017-01-22,0.006,0.0044,0.0052,0.0059,0.0067,0.0079,true
ACT,2017-01-29,0.006,0.0044,0.0053,0.006,0.0067,0.0079,true
ACT,2017-02-05,0.0061,0.0044,0.0054,0.006,0.0068,0.0079,true
ACT,2017-02-12,0.0062,0.0045,0.0054,0.0061,0.0069,0.0081,true
ACT,2017-02-19,0.0062,0.0046,0.0055,0.0061,0.0069,0.0082,true
ACT,2017-02-26,0.0063,0.0046,0.0056,0.0062,0.007,0.0083,true
ACT,2017-03-05,0.0064,0.0047,0.0057,0.0063,0.0071,0.0084,true
ACT,2017-03-12,0.0064,0.0047,0.0057,0.0064,0.0072,0.0084,true
ACT,2017-03-19,0.0065,0.0048,0.0058,0.0065,0.0072,0.0084,true
ACT,2017-03-26,0.0066,0.0049,0.0058,0.0065,0.0073,0.0085,true
ACT,2017-04-02,0.0067,0.0049,0.0059,0.0066,0.0074,0.0087,true
ACT,2017-04-09,0.0067,0.005,0.006,0.0067,0.0075,0.0086,true
ACT,2017-04-16,0.0067,0.0049,0.0059,0.0066,0.0075,0.0085,true
ACT,2017-04-23,0.0066,0.005,0.0059,0.0066,0.0074,0.0086,true
ACT,2017-04-30,0.0066,0.005,0.0058,0.0066,0.0073,0.0084,true
ACT,2017-05-07,0.0066,0.005,0.0058,0.0065,0.0073,0.0085,true
ACT,2017-05-14,0.0066,0.005,0.0058,0.0065,0.0072,0.0085,true
ACT,2017-05-21,0.0066,0.0051,0.0059,0.0065,0.0072,0.0084,true
ACT,2017-05-28,0.0066,0.0051,0.0058,0.0065,0.0073,0.0085,true
ACT,2017-06-04,0.0067,0.0051,0.0059,0.0066,0.0073,0.0087,true
ACT,2017-06-11,0.0067,0.0053,0.006,0.0066,0.0073,0.0087,true
ACT,2017-06-18,0.0067,0.0051,0.0059,0.0065,0.0073,0.0086,true
ACT,2017-06-25,0.0066,0.0051,0.0059,0.0065,0.0072,0.0086,true
ACT,2017-07-02,0.0065,0.0049,0.0058,0.0065,0.0072,0.0084,true
ACT,2017-07-09,0.0065,0.0049,0.0058,0.0064,0.0072,0.0085,true
ACT,2017-07-16,0.0065,0.0049,0.0057,0.0064,0.0071,0.0085,true
ACT,2017-07-23,0.0065,0.0048,0.0057,0.0064,0.0071,0.0085,true
ACT,2017-07-30,0.0061,0.0045,0.0054,0.006,0.0067,0.008,true
ACT,2017-08-06,0.0057,0.0042,0.005,0.0056,0.0063,0.0075,true
ACT,2017-08-13,0.0055,0.0041,0.0048,0.0054,0.006,0.0072,true
ACT,2017-08-20,0.0053,0.0041,0.0047,0.0053,0.0058,0.0067,true
ACT,2017-08-27,0.0052,0.0041,0.0047,0.0052,0.0056,0.0066,true
ACT,2017-09-03,0.0051,0.0042,0.0047,0.0051,0.0055,0.0063,true
ACT,2017-09-10,0.005,0.0042,0.0047,0.005,0.0053,0.0058,true
ACT,2017-09-17,0.005,0.005,0.005,0.005,0.005,0.005,true
ACT,2017-09-24,0.005,0.0045,0.0048,0.005,0.0052,0.0055,true
ACT,2017-10-01,0.005,0.0043,0.0047,0.0049,0.0052,0.0057,true
ACT,2017-10-08,0.005,0.0042,0.0046,0.0049,0.0053,0.0058,true
ACT,2017-10-15,0.0049,0.0041,0.0046,0.0049,0.0053,0.0059,true
ACT,2017-10-22,0.0049,0.004,0.0045,0.0049,0.0053,0.0061,true
ACT,2017-10-29,0.0049,0.0039,0.0044,0.0049,0.0053,0.0061,true
ACT,2017-11-05,0.0049,0.0038,0.0044,0.0048,0.0053,0.006,true
ACT,2017-11-12,0.0049,0.0037,0.0044,0.0048,0.0053,0.006,true
ACT,2017-11-19,0.0048,0.0037,0.0043,0.0049,0.0053,0.0061,true
ACT,2017-11-26,0.0048,0.0036,0.0043,0.0048,0.0053,0.0061,true
ACT,2017-12-03,0.0048,0.0037,0.0043,0.0048,0.0053,0.0061,true
ACT,2017-12-10,0.0048,0.0036,0.0043,0.0047,0.0053,0.0061,true
ACT,2017-12-17,0.0048,0.0035,0.0042,0.0047,0.0053,0.0061,true
ACT,2017-12-24,0.0048,0.0035,0.0042,0.0047,0.0053,0.0062,true
ACT,2017-12-31,0.0047,0.0035,0.0042,0.0047,0.0053,0.0061,true
ACT,2018-01-07,0.0047,0.0034,0.0041,0.0046,0.0053,0.0061,true
ACT,2018-01-14,0.0047,0.0034,0.0041,0.0046,0.0053,0.0061,true
ACT,2018-01-21,0.0047,0.0034,0.0041,0.0046,0.0052,0.0062,true
ACT,2018-01-28,0.0046,0.0033,0.004,0.0046,0.0052,0.0061,true
ACT,2018-02-04,0.0047,0.0033,0.004,0.0046,0.0052,0.0063,true
ACT,2018-02-11,0.0046,0.0033,0.0039,0.0046,0.0052,0.0063,true
ACT,2018-02-18,0.0047,0.0033,0.004,0.0046,0.0053,0.0064,true
ACT,2018-02-25,0.0048,0.0034,0.004,0.0046,0.0054,0.0064,true
ACT,2018-03-04,0.0048,0.0034,0.0041,0.0047,0.0055,0.0065,true
ACT,2018-03-11,0.0049,0.0034,0.0042,0.0047,0.0055,0.0066,true
ACT,2018-03-18,0.0049,0.0034,0.0042,0.0048,0.0055,0.0068,true
ACT,2018-03-25,0.005,0.0035,0.0042,0.0048,0.0056,0.0069,true
ACT,2018-04-01,0.005,0.0035,0.0043,0.0049,0.0057,0.0069,true
ACT,2018-04-08,0.0051,0.0036,0.0043,0.005,0.0058,0.0071,true
ACT,2018-04-15,0.0052,0.0036,0.0043,0.0051,0.0058,0.0071,true
ACT,2018-04-22,0.0053,0.0036,0.0044,0.0051,0.006,0.0074,true
ACT,2018-04-29,0.0053,0.0036,0.0045,0.0052,0.0061,0.0075,true
ACT,2018-05-06,0.0054,0.0037,0.0045,0.0053,0.0061,0.0075,true
ACT,2018-05-13,0.0055,0.0038,0.0047,0.0054,0.0062,0.0075,true
ACT,2018-05-20,0.0056,0.0038,0.0048,0.0054,0.0063,0.0077,true
ACT,2018-05-27,0.0057,0.0039,0.0048,0.0055,0.0064,0.0078,true
ACT,2018-06-03,0.0058,0.0039,0.0049,0.0056,0.0065,0.0079,true
ACT,2018-06-10,0.0058,0.004,0.005,0.0057,0.0065,0.0082,true
ACT,2018-06-17,0.0059,0.004,0.005,0.0058,0.0066,0.0083,true
ACT,2018-06-24,0.0059,0.0041,0.005,0.0058,0.0067,0.0084,true
ACT,2018-07-01,0.006,0.0042,0.0051,0.0059,0.0068,0.0086,true
ACT,2018-07-08,0.0061,0.0042,0.0052,0.006,0.0069,0.0085,true
ACT,2018-07-15,0.0062,0.0043,0.0052,0.0061,0.007,0.0086,true
ACT,2018-07-22,0.0063,0.0044,0.0053,0.0061,0.0071,0.0087,true
ACT,2018-07-29,0.0064,0.0045,0.0054,0.0062,0.0072,0.0089,true
ACT,2018-08-05,0.0064,0.0045,0.0054,0.0063,0.0073,0.0089,true
ACT,2018-08-12,0.0064,0.0045,0.0055,0.0063,0.0073,0.009,true
ACT,2018-08-19,0.0064,0.0045,0.0054,0.0063,0.0073,0.0089,true
ACT,2018-08-26,0.0064,0.0045,0.0055,0.0062,0.0073,0.0089,true
ACT,2018-09-02,0.0064,0.0045,0.0055,0.0063,0.0073,0.009,true
ACT,2018-09-09,0.0064,0.0045,0.0054,0.0062,0.0072,0.009,true
ACT,2018-09-16,0.0064,0.0045,0.0055,0.0063,0.0072,0.0089,true
ACT,2018-09-23,0.0064,0.0045,0.0055,0.0063,0.0072,0.009,true
ACT,2018-09-30,0.0065,0.0045,0.0055,0.0063,0.0073,0.0088,true
ACT,2018-10-07,0.0065,0.0045,0.0055,0.0064,0.0073,0.009,true
ACT,2018-10-14,0.0065,0.0046,0.0055,0.0063,0.0073,0.0092,true
ACT,2018-10-21,0.0065,0.0046,0.0055,0.0064,0.0073,0.0092,true
ACT,2018-10-28,0.0066,0.0047,0.0056,0.0064,0.0074,0.0091,true
ACT,2018-11-04,0.0066,0.0046,0.0056,0.0065,0.0074,0.0091,true
ACT,2018-11-11,0.0067,0.0046,0.0057,0.0065,0.0075,0.0093,true
ACT,2018-11-18,0.0067,0.0047,0.0057,0.0066,0.0075,0.0091,true
ACT,2018-11-25,0.0067,0.0047,0.0057,0.0066,0.0076,0.0093,true
ACT,2018-12-02,0.0068,0.0048,0.0058,0.0067,0.0077,0.0095,true
ACT,2018-12-09,0.0069,0.0048,0.0059,0.0067,0.0078,0.0095,true
ACT,2018-12-16,0.007,0.005,0.006,0.0069,0.0078,0.0098,true
ACT,2018-12-23,0.0071,0.005,0.006,0.007,0.008,0.0097,true
ACT,2018-12-30,0.0072,0.005,0.0061,0.007,0.008,0.01,true
ACT,2019-01-06,0.0073,0.005,0.0062,0.0071,0.008,0.0103,true
ACT,2019-01-13,0.0074,0.0051,0.0064,0.0072,0.0084,0.0104,true
ACT,2019-01-20,0.0075,0.0052,0.0064,0.0073,0.0084,0.0104,true
ACT,2019-01-27,0.0076,0.0053,0.0065,0.0074,0.0085,0.0106,true
ACT,2019-02-03,0.0078,0.0055,0.0067,0.0076,0.0087,0.0106,true
ACT,2019-02-10,0.0079,0.0056,0.0068,0.0077,0.0088,0.0108,true
ACT,2019-02-17,0.008,0.0057,0.0069,0.0078,0.0089,0.0111,true
ACT,2019-02-24,0.0081,0.0058,0.007,0.0079,0.009,0.0112,true
ACT,2019-03-03,0.0082,0.0059,0.0071,0.008,0.0091,0.0113,true
ACT,2019-03-10,0.0083,0.0059,0.0072,0.0082,0.0092,0.0115,true
ACT,2019-03-17,0.0084,0.0059,0.0073,0.0082,0.0093,0.0115,true
ACT,2019-03-24,0.0085,0.006,0.0073,0.0083,0.0094,0.0116,true
ACT,2019-03-31,0.0086,0.0061,0.0073,0.0084,0.0095,0.0116,true
ACT,2019-04-07,0.0086,0.0061,0.0074,0.0085,0.0097,0.0118,true
ACT,2019-04-14,0.0088,0.0063,0.0075,0.0086,0.0098,0.0118,true
ACT,2019-04-21,0.0089,0.0064,0.0077,0.0088,0.0101,0.0118,true
ACT,2019-04-28,0.0091,0.0065,0.0079,0.0089,0.0101,0.012,true
ACT,2019-05-05,0.0092,0.0066,0.008,0.0091,0.0102,0.0121,true
ACT,2019-05-12,0.0093,0.0066,0.0081,0.0092,0.0104,0.0122,true
ACT,2019-05-19,0.0095,0.0069,0.0083,0.0094,0.0106,0.0123,true
ACT,2019-05-26,0.0096,0.0069,0.0084,0.0095,0.0107,0.0126,true
ACT,2019-06-02,0.0097,0.0072,0.0085,0.0096,0.0108,0.0128,true
ACT,2019-06-09,0.0099,0.0072,0.0086,0.0098,0.0109,0.0129,true
ACT,2019-06-16,0.01,0.0074,0.0087,0.0099,0.0112,0.0131,true
ACT,2019-06-23,0.0102,0.0073,0.0089,0.0101,0.0113,0.0134,true
ACT,2019-06-30,0.0104,0.0076,0.009,0.0101,0.0116,0.0137,true
ACT,2019-07-07,0.0105,0.0076,0.0092,0.0103,0.0116,0.0139,true
ACT,2019-07-14,0.0106,0.0078,0.0093,0.0105,0.012,0.014,true
ACT,2019-07-21,0.0108,0.0078,0.0094,0.0105,0.0121,0.0142,true
ACT,2019-07-28,0.011,0.008,0.0096,0.0108,0.0123,0.0148,true
ACT,2019-08-04,0.0114,0.0081,0.0098,0.0112,0.0126,0.0151,true
ACT,2019-08-11,0.0116,0.0083,0.01,0.0114,0.013,0.0154,true
ACT,2019-08-18,0.0118,0.0087,0.0102,0.0117,0.0132,0.0158,true
ACT,2019-08-25,0.0122,0.0089,0.0105,0.012,0.0135,0.0161,true
ACT,2019-09-01,0.0124,0.009,0.0108,0.0123,0.0137,0.0165,true
ACT,2019-09-08,0.0127,0.0092,0.011,0.0126,0.0142,0.0167,true
ACT,2019-09-15,0.013,0.0095,0.0113,0.0129,0.0144,0.0169,true
ACT,2019-09-22,0.0133,0.0099,0.0117,0.0131,0.0146,0.017,true
ACT,2019-09-29,0.0135,0.0101,0.0119,0.0135,0.0149,0.0175,true
ACT,2019-10-06,0.0137,0.0103,0.012,0.0137,0.0151,0.0177,true
ACT,2019-10-13,0.0141,0.0105,0.0124,0.014,0.0156,0.018,true
ACT,2019-10-20,0.0144,0.0108,0.0127,0.0144,0.016,0.0181,true
ACT,2019-10-27,0.0148,0.0111,0.0132,0.0148,0.0162,0.019,true
ACT,2019-11-03,0.0152,0.0114,0.0135,0.0151,0.0167,0.0196,true
ACT,2019-11-10,0.0156,0.0117,0.0138,0.0154,0.0172,0.0198,true
ACT,2019-11-17,0.016,0.0122,0.0142,0.0159,0.0175,0.0203,true
ACT,2019-11-24,0.0165,0.0123,0.0148,0.0164,0.018,0.0209,true
ACT,2019-12-01,0.017,0.0129,0.0152,0.0168,0.0187,0.0215,true
ACT,2019-12-08,0.0175,0.0133,0.0156,0.0173,0.0192,0.022,true
ACT,2019-12-15,0.018,0.0138,0.016,0.0177,0.0197,0.0225,true
ACT,2019-12-22,0.0184,0.0142,0.0165,0.0182,0.0204,0.0228,true
ACT,2019-12-29,0.0189,0.0148,0.017,0.0187,0.0207,0.0233,true
ACT,2020-01-05,0.0194,0.0153,0.0176,0.0192,0.0212,0.024,true
ACT,2020-01-12,0.0199,0.0158,0.0181,0.0196,0.0216,0.0244,true
ACT,2020-01-19,0.0204,0.0164,0.0186,0.0203,0.0221,0.0249,true
ACT,2020-01-26,0.0208,0.0167,0.0188,0.0205,0.0224,0.0253,true
ACT,2020-02-02,0.0213,0.0172,0.0194,0.0212,0.0231,0.0258,true
ACT,2020-02-09,0.0218,0.0174,0.0199,0.0217,0.0235,0.0268,true
ACT,2020-02-16,0.0221,0.0174,0.0199,0.0219,0.0239,0.0276,true
ACT,2020-02-23,0.0224,0.0177,0.0203,0.0221,0.0243,0.0278,true
ACT,2020-03-01,0.0226,0.0179,0.0204,0.0224,0.0243,0.0283,true
ACT,2020-03-08,0.023,0.0179,0.0206,0.0227,0.0252,0.0291,true
ACT,2020-03-15,0.0233,0.0182,0.0208,0.0229,0.0256,0.0294,true
ACT,2020-03-22,0.0235,0.0181,0.0208,0.0233,0.0258,0.0296,true
ACT,2020-03-29,0.0234,0.0178,0.0209,0.0233,0.0258,0.0296,true
ACT,2020-04-05,0.0233,0.018,0.0209,0.0229,0.0255,0.029,true
ACT,2020-04-12,0.0233,0.0182,0.0209,0.0232,0.0255,0.0292,true
ACT,2020-04-19,0.0238,0.0187,0.0214,0.0237,0.0259,0.0299,true
ACT,2020-04-26,0.0246,0.0194,0.0221,0.0243,0.0267,0.0312,true
ACT,2020-05-03,0.0252,0.0203,0.0229,0.0249,0.0274,0.0314,true
ACT,2020-05-10,0.0259,0.0207,0.0237,0.0257,0.028,0.0319,true
ACT,2020-05-17,0.0265,0.0214,0.0241,0.0263,0.0286,0.0325,true
ACT,2020-05-24,0.0279,0.0216,0.0252,0.0277,0.0305,0.035,true
ACT,2020-05-31,0.0293,0.0228,0.0264,0.029,0.032,0.0363,true
ACT,2020-06-07,0.0307,0.0245,0.0278,0.0304,0.0334,0.038,true
ACT,2020-06-14,0.0321,0.0257,0.0292,0.032,0.0346,0.0397,true
ACT,2020-06-21,0.0335,0.0265,0.0305,0.0333,0.0363,0.0405,true
ACT,2020-06-28,0.0355,0.0281,0.032,0.0354,0.0384,0.0437,true
ACT,2020-07-05,0.0379,0.0303,0.0343,0.0379,0.0408,0.0463,true
ACT,2020-07-12,0.0398,0.0322,0.0364,0.0396,0.0427,0.048,true
ACT,2020-07-19,0.0403,0.0332,0.0372,0.0405,0.0431,0.0479,true
ACT,2020-07-26,0.0422,0.0351,0.0388,0.042,0.0453,0.0503,true
ACT,2020-08-02,0.0438,0.0356,0.0403,0.0435,0.0472,0.0523,true
ACT,2020-08-09,0.0451,0.0365,0.0413,0.0448,0.0486,0.0553,true
ACT,2020-08-16,0.0467,0.0376,0.0426,0.0462,0.0506,0.0569,true
ACT,2020-08-23,0.0504,0.0399,0.0452,0.05,0.0552,0.0626,true
ACT,2020-08-30,0.0548,0.0429,0.0498,0.0544,0.0598,0.0675,true
ACT,2020-09-06,0.059,0.0466,0.054,0.0588,0.0637,0.0708,true
ACT,2020-09-13,0.0632,0.0538,0.0594,0.063,0.0669,0.0725,true
ACT,2020-09-20,0.0684,0.0581,0.0638,0.0684,0.0725,0.0793,true
ACT,2020-09-27,0.0711,0.0596,0.0664,0.0712,0.0753,0.0821,true
ACT,2020-10-04,0.0741,0.0654,0.0705,0.0738,0.0776,0.0833,true
ACT,2020-10-11,0.0759,0.0759,0.0759,0.0759,0.0759,0.0759,true
ACT,2020-10-18,0.0766,0.0713,0.0744,0.0764,0.0786,0.0828,true
ACT,2020-10-25,0.0772,0.0689,0.074,0.0769,0.08,0.0863,true
ACT,2020-11-01,0.0776,0.0685,0.0737,0.0771,0.0812,0.0877,true
ACT,2020-11-08,0.0779,0.0679,0.0737,0.078,0.0818,0.0884,true
ACT,2020-11-15,0.0773,0.0671,0.0726,0.077,0.0816,0.0883,true
ACT,2020-11-22,0.0768,0.0656,0.0717,0.0764,0.0817,0.0878,true
ACT,2020-11-29,0.0762,0.0641,0.0715,0.0763,0.0808,0.0878,true
ACT,2020-12-06,0.0754,0.0634,0.07,0.0753,0.0808,0.0879,true
ACT,2020-12-13,0.0747,0.0626,0.0694,0.0742,0.0804,0.087,true
ACT,2020-12-20,0.0738,0.0608,0.0686,0.0734,0.0797,0.0868,true
ACT,2020-12-27,0.0732,0.0607,0.0677,0.073,0.0791,0.0861,true
ACT,2021-01-03,0.0726,0.06,0.0673,0.0724,0.0778,0.0858,true
ACT,2021-01-10,0.0719,0.0594,0.0665,0.072,0.077,0.0844,true
ACT,2021-01-17,0.0714,0.0589,0.0657,0.0712,0.0762,0.0855,true
ACT,2021-01-24,0.0708,0.0584,0.0653,0.0708,0.0762,0.0845,true
ACT,2021-01-31,0.0703,0.0582,0.0648,0.0703,0.0752,0.0833,true
ACT,2021-02-07,0.0696,0.0569,0.0647,0.0697,0.0747,0.0824,true
ACT,2021-02-14,0.0713,0.0587,0.0661,0.0709,0.0766,0.0843,true
ACT,2021-02-21,0.073,0.0599,0.0675,0.0733,0.078,0.0861,true
ACT,2021-02-28,0.0749,0.0613,0.0693,0.075,0.0802,0.0879,true
ACT,2021-03-07,0.0763,0.0639,0.071,0.0761,0.0814,0.0891,true
ACT,2021-03-14,0.0776,0.065,0.0725,0.0773,0.0831,0.091,true
ACT,2021-03-21,0.0792,0.0661,0.074,0.0792,0.0847,0.0911,true
ACT,2021-03-28,0.0785,0.0653,0.0735,0.0783,0.0837,0.0915,true
ACT,2021-04-04,0.0779,0.0645,0.0723,0.0783,0.0832,0.0915,true
ACT,2021-04-11,0.0771,0.0645,0.0716,0.077,0.0826,0.0897,true
ACT,2021-04-18,0.0771,0.0635,0.0717,0.077,0.0829,0.0906,true
ACT,2021-04-25,0.0772,0.0634,0.0715,0.077,0.0831,0.0903,true
ACT,2021-05-02,0.0772,0.0631,0.0719,0.0773,0.0826,0.0909,true
ACT,2021-05-09,0.077,0.0633,0.072,0.0771,0.082,0.0898,true
ACT,2021-05-16,0.0806,0.0664,0.0749,0.0804,0.0861,0.0949,true
ACT,2021-05-23,0.0846,0.0704,0.0787,0.0844,0.0903,0.0995,true
ACT,2021-05-30,0.0872,0.0719,0.081,0.0869,0.0926,0.1034,true
ACT,2021-06-06,0.0899,0.0746,0.0834,0.0896,0.096,0.1052,true
ACT,2021-06-13,0.0924,0.0773,0.0861,0.0922,0.0983,0.1089,true
ACT,2021-06-20,0.0947,0.0797,0.0876,0.0948,0.1013,0.1116,true
ACT,2021-06-27,0.0968,0.0807,0.0898,0.0963,0.1041,0.1142,true
ACT,2021-07-04,0.0996,0.0821,0.0929,0.0994,0.1067,0.1159,true
ACT,2021-07-11,0.1026,0.0864,0.0964,0.1025,0.1091,0.1194,true
ACT,2021-07-18,0.1072,0.0903,0.1,0.1074,0.1138,0.125,true
ACT,2021-07-25,0.112,0.0953,0.1054,0.1118,0.1187,0.1293,true
ACT,2021-08-01,0.1135,0.0967,0.1072,0.1131,0.1208,0.1302,true
ACT,2021-08-08,0.1148,0.0979,0.1085,0.1152,0.1216,0.1304,true
ACT,2021-08-15,0.1183,0.1004,0.1112,0.1179,0.1256,0.1359,true
ACT,2021-08-22,0.1213,0.1026,0.1133,0.1211,0.1286,0.1423,true
ACT,2021-08-29,0.1245,0.1069,0.117,0.1244,0.1315,0.1438,true
ACT,2021-09-05,0.1278,0.1114,0.1206,0.1277,0.1346,0.1447,true
ACT,2021-09-12,0.1285,0.1124,0.1217,0.1286,0.1349,0.1458,true
ACT,2021-09-19,0.1333,0.1168,0.1261,0.1328,0.1405,0.1509,true
ACT,2021-09-26,0.1356,0.118,0.1283,0.135,0.1433,0.1536,true
ACT,2021-10-03,0.1377,0.1213,0.1302,0.1373,0.1443,0.1571,true
ACT,2021-10-10,0.1369,0.1195,0.13,0.1366,0.1435,0.1555,true
ACT,2021-10-17,0.1393,0.1213,0.1316,0.1388,0.1468,0.1586,true
ACT,2021-10-24,0.1419,0.1242,0.1342,0.1415,0.1497,0.1606,true
ACT,2021-10-31,0.1441,0.1262,0.1366,0.1438,0.1517,0.1622,true
ACT,2021-11-07,0.1446,0.1276,0.1374,0.1444,0.1513,0.1607,true
ACT,2021-11-14,0.1385,0.1173,0.1304,0.1384,0.1465,0.1578,true
ACT,2021-11-21,0.1325,0.1122,0.1241,0.1323,0.1401,0.1536,true
ACT,2021-11-28,0.1267,0.1101,0.1192,0.1267,0.1345,0.1447,true
ACT,2021-12-05,0.1272,0.1104,0.1198,0.1268,0.1349,0.1438,true
ACT,2021-12-12,0.1223,0.1047,0.1149,0.1218,0.1297,0.1404,true
ACT,2021-12-19,0.1178,0.1,0.1103,0.1172,0.1249,0.137,true
ACT,2021-12-26,0.1127,0.0958,0.1055,0.1122,0.119,0.1307,true
ACT,2022-01-02,0.1083,0.092,0.1019,0.1075,0.1147,0.1258,true
ACT,2022-01-09,0.104,0.0889,0.0982,0.1037,0.1094,0.1195,true
ACT,2022-01-16,0.101,0.0874,0.0956,0.1011,0.1061,0.1143,true
ACT,2022-01-23,0.0966,0.0833,0.0909,0.0966,0.1019,0.1096,true
ACT,2022-01-30,0.0891,0.0752,0.0833,0.0893,0.0947,0.1031,true
ACT,2022-02-06,0.0885,0.0753,0.0824,0.0884,0.0943,0.1035,true
ACT,2022-02-13,0.0874,0.0757,0.0819,0.0869,0.0924,0.1008,true
ACT,2022-02-20,0.0862,0.0742,0.0807,0.086,0.0911,0.1004,true
ACT,2022-02-27,0.0848,0.0733,0.0796,0.0843,0.0892,0.0981,true
ACT,2022-03-06,0.0833,0.0723,0.0787,0.0834,0.0877,0.0949,true
ACT,2022-03-13,0.0808,0.0696,0.0764,0.0806,0.0852,0.0926,true
ACT,2022-03-20,0.0799,0.0685,0.0747,0.0798,0.0846,0.0916,true
ACT,2022-03-27,0.0791,0.0676,0.0742,0.0791,0.0839,0.091,true
ACT,2022-04-03,0.0784,0.0675,0.0736,0.0784,0.0834,0.09,true
ACT,2022-04-10,0.0776,0.0675,0.0731,0.0777,0.082,0.0888,true
ACT,2022-04-17,0.0769,0.0664,0.0725,0.0766,0.081,0.0893,true
ACT,2022-04-24,0.0783,0.067,0.0738,0.0781,0.0824,0.0897,true
ACT,2022-05-01,0.0799,0.0695,0.0757,0.0799,0.0838,0.0902,true
ACT,2022-05-08,0.0791,0.0688,0.0746,0.0789,0.0832,0.0898,true
ACT,2022-05-15,0.0798,0.0697,0.0755,0.0795,0.0842,0.0912,true
ACT,2022-05-22,0.08,0.0698,0.0753,0.0799,0.0844,0.0912,true
ACT,2022-05-29,0.0812,0.0697,0.0768,0.0809,0.0856,0.0926,true
ACT,2022-06-05,0.0825,0.0719,0.078,0.0824,0.0869,0.0931,true
ACT,2022-06-12,0.0819,0.0711,0.0777,0.0817,0.0862,0.0932,true
ACT,2022-06-19,0.0834,0.0712,0.0786,0.0833,0.0883,0.0947,true
ACT,2022-06-26,0.0852,0.0736,0.0803,0.0853,0.0898,0.0975,true
ACT,2022-07-03,0.0869,0.0755,0.0819,0.0867,0.0913,0.0986,true
ACT,2022-07-10,0.0883,0.0772,0.0836,0.0881,0.0926,0.1002,true
ACT,2022-07-17,0.0903,0.0792,0.0854,0.0898,0.095,0.1023,true
ACT,2022-07-24,0.0922,0.0807,0.0872,0.0917,0.0969,0.105,true
ACT,2022-07-31,0.0942,0.0836,0.0894,0.0943,0.0986,0.1052,true
ACT,2022-08-07,0.0936,0.0823,0.0894,0.0937,0.0983,0.1051,true
ACT,2022-08-14,0.0942,0.0824,0.0891,0.0941,0.0992,0.1063,true
ACT,2022-08-21,0.0948,0.0829,0.089,0.0945,0.1002,0.1083,true
ACT,2022-08-28,0.0954,0.0831,0.09,0.0951,0.1006,0.1082,true
ACT,2022-09-04,0.097,0.0841,0.0919,0.0969,0.1023,0.1096,true
ACT,2022-09-11,0.0971,0.0848,0.0921,0.0972,0.1019,0.1094,true
ACT,2022-09-18,0.097,0.0847,0.092,0.0973,0.1015,0.1098,true
ACT,2022-09-25,0.0973,0.0839,0.0921,0.0973,0.1027,0.1108,true
ACT,2022-10-02,0.0978,0.0852,0.0924,0.0976,0.1028,0.1116,true
ACT,2022-10-09,0.1017,0.0902,0.0968,0.1016,0.1065,0.1144,true
ACT,2022-10-16,0.1043,0.0925,0.0989,0.1043,0.1094,0.1167,true
ACT,2022-10-23,0.1014,0.0893,0.0963,0.1013,0.1066,0.1134,true
ACT,2022-10-30,0.1003,0.0881,0.0949,0.0999,0.1053,0.1124,true
ACT,2022-11-06,0.0998,0.0858,0.0944,0.0997,0.1051,0.1135,true
ACT,2022-11-13,0.099,0.0867,0.0937,0.0991,0.1039,0.1119,true
ACT,2022-11-20,0.1003,0.0876,0.0951,0.1004,0.1053,0.1141,true
ACT,2022-11-27,0.1017,0.0889,0.0962,0.1017,0.107,0.1148,true
ACT,2022-12-04,0.105,0.0916,0.0992,0.105,0.1108,0.1192,true
ACT,2022-12-11,0.1087,0.0959,0.1028,0.1086,0.1144,0.1221,true
ACT,2022-12-18,0.1077,0.094,0.102,0.1072,0.114,0.1226,true
ACT,2022-12-25,0.1069,0.0937,0.1005,0.107,0.1124,0.1219,true
ACT,2023-01-01,0.1062,0.0922,0.1004,0.1061,0.1117,0.1211,true
ACT,2023-01-08,0.1057,0.0923,0.1003,0.1055,0.1105,0.1198,true
ACT,2023-01-15,0.1061,0.0932,0.101,0.1061,0.1109,0.1193,true
ACT,2023-01-22,0.1042,0.0933,0.0993,0.1042,0.1086,0.1158,true
ACT,2023-01-29,0.1049,0.0926,0.0998,0.1044,0.1099,0.1178,true
ACT,2023-02-05,0.1053,0.0936,0.1002,0.1052,0.1101,0.118,true
ACT,2023-02-12,0.1051,0.0924,0.0996,0.1051,0.1105,0.1188,true
ACT,2023-02-19,0.1055,0.0925,0.0997,0.1051,0.111,0.1197,true
ACT,2023-02-26,0.1055,0.0925,0.0995,0.1056,0.1113,0.1182,true
ACT,2023-03-05,0.1064,0.0936,0.1006,0.1067,0.1121,0.1199,true
ACT,2023-03-12,0.1052,0.0921,0.0999,0.1053,0.1109,0.1181,true
ACT,2023-03-19,0.1042,0.0906,0.0985,0.1045,0.1097,0.1178,true
ACT,2023-03-26,0.103,0.0889,0.0977,0.1025,0.1088,0.1168,true
ACT,2023-04-02,0.102,0.0891,0.0963,0.1023,0.1074,0.1153,true
ACT,2023-04-09,0.1037,0.0906,0.0978,0.1035,0.1098,0.1171,true
ACT,2023-04-16,0.1051,0.0916,0.0988,0.1048,0.1109,0.1194,true
ACT,2023-04-23,0.1059,0.0923,0.1001,0.1054,0.1116,0.1204,true
ACT,2023-04-30,0.1068,0.0946,0.1016,0.1066,0.1121,0.1196,true
ACT,2023-05-07,0.108,0.0962,0.1026,0.1076,0.1129,0.1207,true
ACT,2023-05-14,0.1079,0.0959,0.1027,0.1077,0.1129,0.1203,true
ACT,2023-05-21,0.1086,0.0967,0.1032,0.1084,0.1137,0.1208,true
ACT,2023-05-28,0.1107,0.0983,0.1053,0.1102,0.1162,0.1245,true
ACT,2023-06-04,0.1134,0.0995,0.107,0.1136,0.1194,0.1285,true
ACT,2023-06-11,0.1164,0.1015,0.1106,0.1164,0.1222,0.1305,true
ACT,2023-06-18,0.1171,0.1024,0.1115,0.1167,0.123,0.1324,true
ACT,2023-06-25,0.118,0.1036,0.1121,0.118,0.1236,0.1325,true
ACT,2023-07-02,0.1184,0.1039,0.1123,0.1182,0.1243,0.1342,true
ACT,2023-07-09,0.1175,0.1037,0.1117,0.1171,0.1229,0.1318,true
ACT,2023-07-16,0.1185,0.1039,0.1124,0.1183,0.1247,0.1338,true
ACT,2023-07-23,0.1193,0.1046,0.1132,0.1185,0.1255,0.135,true
ACT,2023-07-30,0.1205,0.1053,0.1144,0.1204,0.1267,0.1351,true
ACT,2023-08-06,0.1234,0.1074,0.1159,0.1229,0.1305,0.1398,true
ACT,2023-08-13,0.1256,0.1096,0.1187,0.1248,0.1328,0.1415,true
ACT,2023-08-20,0.1128,0.0968,0.1065,0.1129,0.1193,0.1287,true
ACT,2023-08-27,0.1076,0.0931,0.1021,0.1074,0.1127,0.1215,true
ACT,2023-09-03,0.1071,0.0925,0.1014,0.1068,0.113,0.1202,true
ACT,2023-09-10,0.1015,0.0873,0.0956,0.1015,0.1073,0.1154,true
ACT,2023-09-17,0.0992,0.0882,0.0937,0.099,0.1038,0.1121,true
ACT,2023-09-24,0.0972,0.0866,0.0922,0.097,0.1019,0.1093,true
ACT,2023-10-01,0.0918,0.083,0.0877,0.0912,0.0956,0.102,true
ACT,2023-10-08,0.0864,0.0864,0.0864,0.0864,0.0864,0.0864,true
ACT,2023-10-15,0.0863,0.0794,0.0835,0.0862,0.0891,0.0935,true
ACT,2023-10-22,0.0858,0.0764,0.0818,0.0858,0.0894,0.0958,true
ACT,2023-10-29,0.0855,0.075,0.0811,0.0852,0.09,0.0964,true
ACT,2023-11-05,0.0867,0.0748,0.0817,0.0864,0.0913,0.0989,true
ACT,2023-11-12,0.0877,0.0752,0.0823,0.0875,0.093,0.1007,true
ACT,2023-11-19,0.0858,0.0731,0.0804,0.0854,0.0914,0.099,true
ACT,2023-11-26,0.0835,0.0703,0.0781,0.0831,0.0889,0.0967,true
ACT,2023-12-03,0.0813,0.0686,0.0761,0.0812,0.0865,0.0946,true
ACT,2023-12-10,0.0808,0.0673,0.0751,0.0801,0.0862,0.0951,true
ACT,2023-12-17,0.08,0.0664,0.0747,0.0796,0.0852,0.0938,true
ACT,2023-12-24,0.0794,0.0656,0.0731,0.0788,0.0851,0.0941,true
ACT,2023-12-31,0.079,0.0651,0.0735,0.0788,0.0842,0.093,true
ACT,2024-01-07,0.0784,0.0656,0.073,0.0781,0.084,0.0915,true
ACT,2024-01-14,0.0787,0.0658,0.0728,0.0787,0.0838,0.0931,true
ACT,2024-01-21,0.0819,0.0678,0.0765,0.0815,0.0871,0.0961,true
ACT,2024-01-28,0.0849,0.0704,0.079,0.0846,0.0905,0.0998,true
ACT,2024-02-04,0.0881,0.0747,0.0827,0.0877,0.0936,0.1028,true
ACT,2024-02-11,0.0895,0.0756,0.084,0.0892,0.0944,0.1042,true
ACT,2024-02-18,0.0894,0.0759,0.0836,0.0891,0.095,0.1035,true
ACT,2024-02-25,0.0889,0.0755,0.0831,0.0887,0.0948,0.1022,true
ACT,2024-03-03,0.0886,0.0759,0.083,0.0882,0.0941,0.1032,true
ACT,2024-03-10,0.0886,0.0754,0.0825,0.0884,0.094,0.1042,true
ACT,2024-03-17,0.0877,0.073,0.0814,0.0876,0.0935,0.1032,true
ACT,2024-03-24,0.0867,0.0731,0.0806,0.0865,0.0922,0.1016,true
ACT,2024-03-31,0.0859,0.0721,0.0799,0.0859,0.0914,0.1005,true
ACT,2024-04-07,0.0859,0.0722,0.0806,0.0859,0.0911,0.1001,true
ACT,2024-04-14,0.0852,0.0716,0.0795,0.085,0.0912,0.0991,true
ACT,2024-04-21,0.0842,0.0713,0.0784,0.0836,0.0895,0.0984,true
ACT,2024-04-28,0.0838,0.0716,0.078,0.0837,0.0887,0.0973,true
ACT,2024-05-05,0.0831,0.0696,0.0775,0.083,0.0883,0.0972,true
ACT,2024-05-12,0.083,0.069,0.0768,0.0824,0.0887,0.0978,true
ACT,2024-05-19,0.0827,0.0687,0.0768,0.0822,0.0882,0.0978,true
ACT,2024-05-26,0.0825,0.069,0.076,0.0822,0.0883,0.0983,true
ACT,2024-06-02,0.0821,0.0688,0.0757,0.082,0.0882,0.0962,true
ACT,2024-06-09,0.0812,0.0685,0.0752,0.0813,0.0867,0.0941,true
ACT,2024-06-16,0.081,0.0681,0.0753,0.081,0.0863,0.0946,true
ACT,2024-06-23,0.0821,0.0685,0.076,0.0819,0.0877,0.0959,true
ACT,2024-06-30,0.0832,0.0698,0.0776,0.083,0.0888,0.0966,true
ACT,2024-07-07,0.0845,0.0706,0.0786,0.0841,0.0906,0.0983,true
ACT,2024-07-14,0.0837,0.0695,0.0777,0.0834,0.0896,0.0989,true
ACT,2024-07-21,0.0828,0.0683,0.0766,0.0828,0.0885,0.0986,true
ACT,2024-07-28,0.0818,0.0683,0.0758,0.0814,0.0876,0.0961,true
ACT,2024-08-04,0.0809,0.0669,0.075,0.0809,0.0865,0.0947,true
ACT,2024-08-11,0.0799,0.0672,0.0745,0.0798,0.0852,0.0938,true
ACT,2024-08-18,0.0803,0.0672,0.0744,0.0802,0.0853,0.0953,true
ACT,2024-08-25,0.0804,0.0673,0.075,0.08,0.0856,0.095,true
ACT,2024-09-01,0.0805,0.0673,0.075,0.0799,0.0858,0.0939,true
ACT,2024-09-08,0.0813,0.0685,0.0758,0.0807,0.0867,0.0952,true
ACT,2024-09-15,0.0822,0.069,0.077,0.0818,0.0871,0.0965,true
ACT,2024-09-22,0.0828,0.069,0.0775,0.0828,0.0877,0.0969,true
ACT,2024-09-29,0.0836,0.0702,0.078,0.0833,0.0888,0.0973,true
ACT,2024-10-06,0.0845,0.072,0.0788,0.0841,0.0892,0.099,true
ACT,2024-10-13,0.085,0.0723,0.079,0.0846,0.0904,0.1003,true
ACT,2024-10-20,0.0858,0.0722,0.0796,0.0852,0.0914,0.1014,true
ACT,2024-10-27,0.0869,0.0739,0.0807,0.0865,0.0924,0.102,true
ACT,2024-11-03,0.0878,0.0753,0.0821,0.0873,0.0929,0.1011,true
ACT,2024-11-10,0.0893,0.0768,0.0838,0.0886,0.0945,0.1038,true
ACT,2024-11-17,0.0909,0.0777,0.085,0.0899,0.0967,0.1066,true
ACT,2024-11-24,0.0926,0.0801,0.0869,0.0917,0.0979,0.1076,true
ACT,2024-12-01,0.0961,0.0842,0.0902,0.0956,0.1012,0.11,true
ACT,2024-12-08,0.0955,0.0818,0.0891,0.0948,0.1014,0.1117,true
ACT,2024-12-15,0.0948,0.0801,0.0882,0.0941,0.1008,0.111,true
ACT,2024-12-22,0.0941,0.0797,0.0878,0.0936,0.0997,0.1111,true
ACT,2024-12-29,0.0935,0.0799,0.0873,0.0921,0.0999,0.1097,true
ACT,2025-01-05,0.0927,0.079,0.0869,0.0919,0.0983,0.1083,true
ACT,2025-01-12,0.0904,0.0784,0.0846,0.0897,0.0956,0.105,true
ACT,2025-01-19,0.0906,0.0771,0.0848,0.0901,0.0962,0.1052,true
ACT,2025-01-26,0.0909,0.0774,0.0849,0.09,0.0968,0.1062,true
ACT,2025-02-02,0.0909,0.078,0.0854,0.09,0.0968,0.1057,true
ACT,2025-02-09,0.0906,0.0778,0.0849,0.0901,0.0959,0.1054,true
ACT,2025-02-16,0.0897,0.0772,0.0835,0.0893,0.0954,0.105,true
ACT,2025-02-23,0.0888,0.0758,0.0834,0.0883,0.0941,0.1037,true
ACT,2025-03-02,0.0877,0.0754,0.0824,0.0874,0.0924,0.1016,true
ACT,2025-03-09,0.0854,0.0733,0.0801,0.085,0.0903,0.0988,true
ACT,2025-03-16,0.0868,0.0734,0.0808,0.0865,0.0925,0.1011,true
ACT,2025-03-23,0.088,0.0752,0.082,0.0872,0.0939,0.1023,true
ACT,2025-03-30,0.0875,0.075,0.0818,0.0866,0.0929,0.1017,true
ACT,2025-04-06,0.0865,0.0736,0.0809,0.086,0.0922,0.0994,true
ACT,2025-04-13,0.0864,0.074,0.0806,0.0861,0.0921,0.0997,true
ACT,2025-04-20,0.0867,0.0734,0.0806,0.0863,0.0925,0.1009,true
ACT,2025-04-27,0.0869,0.0738,0.0811,0.0867,0.0924,0.1001,true
ACT,2025-05-04,0.0877,0.0748,0.0816,0.0875,0.0931,0.1033,true
ACT,2025-05-11,0.0883,0.0758,0.0828,0.0882,0.0935,0.1017,true
ACT,2025-05-18,0.0872,0.0748,0.0814,0.0874,0.0922,0.1014,true
ACT,2025-05-25,0.0863,0.0739,0.0808,0.0864,0.0912,0.0994,true
ACT,2025-06-01,0.0858,0.0731,0.0807,0.0855,0.0906,0.0984,true
ACT,2025-06-08,0.0855,0.0738,0.0802,0.0851,0.0904,0.0978,true
ACT,2025-06-15,0.0848,0.0726,0.079,0.0846,0.0897,0.0985,true
ACT,2025-06-22,0.0843,0.0715,0.079,0.0842,0.0892,0.0982,true
ACT,2025-06-29,0.0835,0.0714,0.0784,0.0834,0.0883,0.0974,true
ACT,2025-07-06,0.0834,0.0699,0.0786,0.0827,0.0884,0.0969,true
ACT,2025-07-13,0.0832,0.0701,0.0779,0.083,0.0884,0.0973,true
ACT,2025-07-20,0.0824,0.0691,0.0767,0.0822,0.0877,0.0957,true
ACT,2025-07-27,0.0815,0.0691,0.0759,0.0812,0.0868,0.0942,true
ACT,2025-08-03,0.0808,0.0692,0.0754,0.0806,0.0859,0.0939,true
ACT,2025-08-10,0.08,0.0687,0.0742,0.0794,0.0851,0.0938,true
ACT,2025-08-17,0.0788,0.066,0.0728,0.0782,0.0845,0.0926,true
ACT,2025-08-24,0.0779,0.0659,0.0725,0.0771,0.0831,0.0911,true
ACT,2025-08-31,0.0768,0.0652,0.0715,0.0765,0.082,0.0898,true
ACT,2025-09-07,0.0768,0.0656,0.0718,0.0766,0.0816,0.0889,true
ACT,2025-09-14,0.0774,0.0648,0.0722,0.0772,0.082,0.0903,true
ACT,2025-09-21,0.0781,0.066,0.0724,0.0779,0.0833,0.0928,true
ACT,2025-09-28,0.0786,0.0662,0.0733,0.0778,0.0837,0.0925,true
ACT,2025-10-05,0.0797,0.0684,0.0746,0.0794,0.0845,0.0926,true
ACT,2025-10-12,0.0771,0.0658,0.0719,0.0768,0.0818,0.0897,true
ACT,2025-10-19,0.0766,0.0648,0.0713,0.0764,0.0818,0.0897,true
ACT,2025-10-26,0.0762,0.0652,0.0708,0.0758,0.081,0.0897,true
ACT,2025-11-02,0.0758,0.0643,0.0704,0.0754,0.0805,0.0895,true
ACT,2025-11-09,0.0757,0.0638,0.0705,0.0754,0.0803,0.088,true
ACT,2025-11-16,0.0765,0.0644,0.0712,0.076,0.0815,0.0893,true
ACT,2025-11-23,0.0776,0.065,0.0727,0.0773,0.0826,0.0906,true
ACT,2025-11-30,0.0785,0.0667,0.0733,0.0785,0.0834,0.0903,true
ACT,2025-12-07,0.0758,0.0635,0.0708,0.0754,0.0806,0.0886,true
ACT,2025-12-14,0.0751,0.0625,0.0699,0.0748,0.0798,0.0892,true
ACT,2025-12-21,0.0745,0.0621,0.0692,0.0742,0.0797,0.0876,true
ACT,2025-12-28,0.0741,0.0615,0.0685,0.0738,0.0794,0.088,true
ACT,2026-01-04,0.0739,0.0617,0.0684,0.074,0.079,0.0876,true
ACT,2026-01-11,0.0737,0.0623,0.0685,0.0731,0.0785,0.0861,true
ACT,2026-01-18,0.0749,0.0627,0.0698,0.0746,0.0795,0.0874,true
ACT,2026-01-25,0.0743,0.0623,0.0691,0.0742,0.0786,0.0875,true
ACT,2026-02-01,0.0735,0.062,0.0685,0.0728,0.0783,0.0863,true
ACT,2026-02-08,0.0736,0.0622,0.0687,0.0728,0.0787,0.0864,true
ACT,2026-02-15,0.0742,0.0625,0.0689,0.0741,0.0791,0.0866,true
ACT,2026-02-22,0.0747,0.0621,0.0695,0.0743,0.0797,0.0879,true
ACT,2026-03-01,0.0752,0.0639,0.07,0.0747,0.0798,0.0883,true
ACT,2026-03-08,0.0762,0.0638,0.0708,0.0756,0.0811,0.0897,true
ACT,2026-03-15,0.0762,0.0638,0.0706,0.0754,0.0815,0.0899,true
ACT,2026-03-22,0.0767,0.0631,0.0709,0.0765,0.0823,0.0904,true
ACT,2026-03-29,0.0773,0.0642,0.0714,0.0769,0.0823,0.0913,true
ACT,2026-04-05,0.0774,0.0638,0.0714,0.0767,0.0828,0.0919,true
ACT,2026-04-12,0.0776,0.0647,0.0724,0.077,0.0832,0.0918,true
ACT,2026-04-19,0.077,0.0644,0.071,0.0766,0.0828,0.0908,true
ACT,2026-04-26,0.076,0.0638,0.0702,0.0755,0.081,0.0897,true
ACT,2026-05-03,0.0755,0.0635,0.0703,0.0751,0.0802,0.0894,true
ACT,2026-05-10,0.0757,0.0631,0.0703,0.0753,0.0805,0.0901,true
ACT,2026-05-17,0.0751,0.0624,0.0699,0.0748,0.0801,0.0893,true
ACT,2026-05-24,0.0745,0.0625,0.0694,0.0737,0.0793,0.0884,true
ACT,2026-05-31,0.0737,0.062,0.0685,0.0731,0.078,0.0872,true
ACT,2026-06-07,0.0746,0.0623,0.0696,0.0741,0.0793,0.0872,true
ACT,2026-06-14,0.0747,0.0623,0.0695,0.0742,0.0792,0.0886,true
ACT,2026-06-21,0.0749,0.0625,0.0697,0.0745,0.0793,0.0894,true
ACT,2026-06-28,0.0746,0.0627,0.0691,0.0743,0.0793,0.0887,true
ACT,2026-07-05,0.0751,0.0627,0.0703,0.0746,0.0798,0.0885,true
ACT,2026-07-12,0.075,0.0623,0.0699,0.0745,0.0794,0.0891,true
ACT,2026-07-19,0.0766,0.0634,0.0711,0.0761,0.0818,0.0922,true
ACT,2026-07-26,0.0783,0.0646,0.0723,0.0779,0.0832,0.0939,true
ACT,2026-08-02,0.08,0.0669,0.0744,0.0796,0.0854,0.0939,true
ACT,2026-08-09,0.0824,0.0695,0.0762,0.0816,0.0876,0.0979,true
ACT,2026-08-16,0.0837,0.0695,0.0778,0.0832,0.0892,0.0993,true
ACT,2026-08-23,0.0863,0.0709,0.0796,0.0859,0.0923,0.1032,true
ACT,2026-08-30,0.0886,0.0721,0.0811,0.0883,0.095,0.1065,true
ACT,2026-09-06,0.0891,0.0724,0.0817,0.0887,0.0953,0.1064,true
ACT,2026-09-13,0.0895,0.0685,0.0805,0.0887,0.0973,0.1143,false
ACT,2026-09-20,0.0896,0.0646,0.0779,0.0889,0.099,0.1183,false
ACT,2026-09-27,0.0903,0.0619,0.0774,0.0887,0.0998,0.1233,false
ACT,2026-10-04,0.0906,0.0616,0.0762,0.0884,0.1024,0.1264,false
ACT,2026-10-11,0.0906,0.0586,0.0752,0.0877,0.1028,0.1331,false
ACT,2026-10-18,0.0906,0.0565,0.0738,0.0872,0.104,0.1337,false
ACT,2026-10-25,0.0902,0.0538,0.0714,0.0881,0.1057,0.1359,false
ACT,2026-11-01,0.09,0.0516,0.071,0.087,0.1052,0.1396,false
NZ First,2011-11-20,0.0658,0.0658,0.0658,0.0658,0.0658,0.0658,true
NZ First,2011-11-27,0.0644,0.0586,0.0625,0.0647,0.0667,0.0695,true
NZ First,2011-12-04,0.0632,0.0554,0.0608,0.0635,0.0661,0.0699,true
NZ First,2011-12-11,0.0617,0.0529,0.0585,0.0621,0.0653,0.0695,true
NZ First,2011-12-18,0.0605,0.0513,0.0568,0.0608,0.0645,0.0695,true
NZ First,2011-12-25,0.0592,0.0496,0.0549,0.059,0.0633,0.0691,true
NZ First,2012-01-01,0.058,0.0484,0.0535,0.0578,0.0624,0.0687,true
NZ First,2012-01-08,0.057,0.0473,0.0526,0.0566,0.0617,0.0677,true
NZ First,2012-01-15,0.056,0.0458,0.0515,0.0556,0.0606,0.0667,true
NZ First,2012-01-22,0.0552,0.0458,0.0504,0.0546,0.0594,0.0667,true
NZ First,2012-01-29,0.0547,0.0452,0.0497,0.0543,0.059,0.0663,true
NZ First,2012-02-05,0.0545,0.0447,0.0497,0.0538,0.0587,0.0661,true
NZ First,2012-02-12,0.0539,0.0445,0.0489,0.0534,0.0582,0.0657,true
NZ First,2012-02-19,0.0538,0.0443,0.0493,0.0528,0.0578,0.0664,true
NZ First,2012-02-26,0.0532,0.0438,0.0485,0.0524,0.0573,0.065,true
NZ First,2012-03-04,0.0525,0.043,0.048,0.0517,0.0567,0.0645,true
NZ First,2012-03-11,0.0523,0.0423,0.0476,0.0517,0.0562,0.0648,true
NZ First,2012-03-18,0.052,0.0429,0.0475,0.0512,0.0556,0.0644,true
NZ First,2012-03-25,0.0516,0.0425,0.0469,0.0507,0.0553,0.0641,true
NZ First,2012-04-01,0.0519,0.0428,0.0472,0.051,0.0558,0.0643,true
NZ First,2012-04-08,0.0522,0.0429,0.0476,0.0515,0.056,0.0647,true
NZ First,2012-04-15,0.0512,0.042,0.0466,0.0509,0.0547,0.0622,true
NZ First,2012-04-22,0.0501,0.0409,0.0458,0.0496,0.0539,0.0612,true
NZ First,2012-04-29,0.0501,0.0409,0.0461,0.0493,0.0538,0.0612,true
NZ First,2012-05-06,0.0501,0.0411,0.0458,0.0494,0.0539,0.0614,true
NZ First,2012-05-13,0.0495,0.0409,0.0451,0.0487,0.0531,0.0606,true
NZ First,2012-05-20,0.0487,0.0403,0.0447,0.0479,0.0521,0.0591,true
NZ First,2012-05-27,0.0479,0.0398,0.0441,0.0475,0.051,0.0585,true
NZ First,2012-06-03,0.0468,0.0383,0.0427,0.0462,0.0502,0.057,true
NZ First,2012-06-10,0.0456,0.0374,0.0417,0.045,0.0488,0.0556,true
NZ First,2012-06-17,0.0454,0.0368,0.0416,0.0448,0.0489,0.0553,true
NZ First,2012-06-24,0.0453,0.037,0.0413,0.0448,0.0483,0.0556,true
NZ First,2012-07-01,0.0456,0.0373,0.0417,0.0452,0.0488,0.0556,true
NZ First,2012-07-08,0.0461,0.0376,0.0423,0.0457,0.0491,0.0561,true
NZ First,2012-07-15,0.0465,0.0385,0.043,0.046,0.0498,0.0563,true
NZ First,2012-07-22,0.0461,0.0382,0.0424,0.0456,0.0493,0.056,true
NZ First,2012-07-29,0.0459,0.0381,0.0423,0.0455,0.049,0.0554,true
NZ First,2012-08-05,0.0463,0.038,0.0429,0.046,0.0491,0.0556,true
NZ First,2012-08-12,0.0475,0.0395,0.0437,0.047,0.0505,0.0573,true
NZ First,2012-08-19,0.0485,0.0406,0.0448,0.0479,0.0516,0.0581,true
NZ First,2012-08-26,0.0485,0.0407,0.045,0.0481,0.0516,0.0575,true
NZ First,2012-09-02,0.0484,0.0405,0.0447,0.0479,0.0516,0.0575,true
NZ First,2012-09-09,0.0485,0.0403,0.0449,0.0484,0.0517,0.0577,true
NZ First,2012-09-16,0.0486,0.0411,0.0449,0.0482,0.0516,0.0581,true
NZ First,2012-09-23,0.0501,0.0417,0.0463,0.0499,0.0532,0.0593,true
NZ First,2012-09-30,0.0516,0.0431,0.0481,0.0512,0.0546,0.0608,true
NZ First,2012-10-07,0.0523,0.0443,0.0487,0.0519,0.0556,0.0616,true
NZ First,2012-10-14,0.0529,0.0452,0.0493,0.0526,0.056,0.062,true
NZ First,2012-10-21,0.0527,0.0439,0.049,0.0523,0.056,0.0621,true
NZ First,2012-10-28,0.0524,0.0444,0.0488,0.052,0.0555,0.0622,true
NZ First,2012-11-04,0.0516,0.0439,0.0479,0.051,0.0546,0.0607,true
NZ First,2012-11-11,0.0513,0.0433,0.0474,0.0508,0.0546,0.0606,true
NZ First,2012-11-18,0.0508,0.0427,0.0472,0.0504,0.0542,0.0602,true
NZ First,2012-11-25,0.0489,0.0411,0.0452,0.0486,0.0524,0.0577,true
NZ First,2012-12-02,0.0475,0.0398,0.0437,0.0472,0.0506,0.0568,true
NZ First,2012-12-09,0.0475,0.0396,0.0437,0.0469,0.051,0.0572,true
NZ First,2012-12-16,0.0473,0.0394,0.0435,0.0466,0.0506,0.0572,true
NZ First,2012-12-23,0.0472,0.0393,0.0433,0.0468,0.0504,0.0576,true
NZ First,2012-12-30,0.0469,0.0388,0.0435,0.0464,0.0501,0.0566,true
NZ First,2013-01-06,0.0467,0.0394,0.0432,0.0463,0.0497,0.0556,true
NZ First,2013-01-13,0.0463,0.039,0.0429,0.0459,0.0492,0.0552,true
NZ First,2013-01-20,0.0457,0.0385,0.0422,0.0455,0.0486,0.0543,true
NZ First,2013-01-27,0.0446,0.0374,0.0415,0.0443,0.0474,0.0527,true
NZ First,2013-02-03,0.0433,0.0365,0.0403,0.0432,0.046,0.051,true
NZ First,2013-02-10,0.0426,0.0363,0.0399,0.0422,0.0454,0.0502,true
NZ First,2013-02-17,0.0421,0.0355,0.0389,0.0418,0.0448,0.0496,true
NZ First,2013-02-24,0.0419,0.0352,0.039,0.0417,0.0447,0.0494,true
NZ First,2013-03-03,0.0418,0.0352,0.0388,0.0415,0.0446,0.0495,true
NZ First,2013-03-10,0.0408,0.034,0.038,0.0406,0.0435,0.0479,true
NZ First,2013-03-17,0.0407,0.0343,0.0378,0.0403,0.0433,0.048,true
NZ First,2013-03-24,0.0413,0.035,0.0384,0.041,0.0438,0.0495,true
NZ First,2013-03-31,0.042,0.0354,0.0391,0.0417,0.0445,0.0496,true
NZ First,2013-04-07,0.0425,0.0359,0.0396,0.0421,0.0453,0.0496,true
NZ First,2013-04-14,0.043,0.0366,0.0402,0.0428,0.0455,0.0505,true
NZ First,2013-04-21,0.0431,0.0367,0.0403,0.0426,0.0458,0.0503,true
NZ First,2013-04-28,0.0433,0.0367,0.0404,0.0429,0.0459,0.0504,true
NZ First,2013-05-05,0.0435,0.0372,0.0405,0.0432,0.0461,0.051,true
NZ First,2013-05-12,0.0432,0.037,0.0403,0.043,0.0458,0.0511,true
NZ First,2013-05-19,0.043,0.0369,0.0403,0.0427,0.0452,0.0502,true
NZ First,2013-05-26,0.0437,0.0375,0.0408,0.0433,0.0462,0.0513,true
NZ First,2013-06-02,0.0444,0.0378,0.0415,0.0442,0.0472,0.0521,true
NZ First,2013-06-09,0.0452,0.0389,0.0422,0.0451,0.0478,0.0525,true
NZ First,2013-06-16,0.0454,0.0386,0.0424,0.0454,0.0479,0.0533,true
NZ First,2013-06-23,0.0447,0.0382,0.0415,0.0446,0.0475,0.0517,true
NZ First,2013-06-30,0.0445,0.0377,0.0415,0.0443,0.0472,0.0517,true
NZ First,2013-07-07,0.0445,0.0378,0.0414,0.0442,0.0473,0.0517,true
NZ First,2013-07-14,0.0444,0.037,0.0416,0.0442,0.0473,0.0519,true
NZ First,2013-07-21,0.0443,0.0375,0.0417,0.0439,0.047,0.052,true
NZ First,2013-07-28,0.0446,0.0377,0.0417,0.0445,0.0472,0.0522,true
NZ First,2013-08-04,0.0448,0.0381,0.0418,0.0446,0.0475,0.0529,true
NZ First,2013-08-11,0.046,0.0392,0.0428,0.0457,0.0488,0.0537,true
NZ First,2013-08-18,0.0473,0.0405,0.0442,0.0471,0.05,0.0545,true
NZ First,2013-08-25,0.0479,0.0407,0.0448,0.0476,0.0509,0.0558,true
NZ First,2013-09-01,0.0485,0.0415,0.0452,0.0482,0.0514,0.0563,true
NZ First,2013-09-08,0.0475,0.0408,0.0443,0.0473,0.0503,0.0555,true
NZ First,2013-09-15,0.0464,0.04,0.0435,0.0463,0.0491,0.0533,true
NZ First,2013-09-22,0.0454,0.0386,0.0426,0.0455,0.0479,0.0524,true
NZ First,2013-09-29,0.0453,0.0384,0.0425,0.0453,0.0478,0.0524,true
NZ First,2013-10-06,0.0449,0.038,0.0421,0.0448,0.0477,0.0518,true
NZ First,2013-10-13,0.0449,0.0382,0.0421,0.0447,0.0474,0.0516,true
NZ First,2013-10-20,0.0446,0.0384,0.042,0.0446,0.0473,0.0512,true
NZ First,2013-10-27,0.0449,0.0386,0.0422,0.0449,0.0475,0.0515,true
NZ First,2013-11-03,0.0453,0.0388,0.0427,0.0452,0.0479,0.0517,true
NZ First,2013-11-10,0.0448,0.0382,0.042,0.0448,0.0473,0.0514,true
NZ First,2013-11-17,0.0445,0.0377,0.0416,0.0445,0.0473,0.0514,true
NZ First,2013-11-24,0.0453,0.0385,0.0421,0.0454,0.0484,0.0525,true
NZ First,2013-12-01,0.046,0.0392,0.0427,0.046,0.049,0.0535,true
NZ First,2013-12-08,0.0458,0.0387,0.0424,0.0457,0.0489,0.0534,true
NZ First,2013-12-15,0.046,0.0387,0.0428,0.0457,0.0492,0.054,true
NZ First,2013-12-22,0.046,0.0387,0.0427,0.0457,0.0492,0.0543,true
NZ First,2013-12-29,0.0461,0.039,0.0429,0.046,0.0494,0.054,true
NZ First,2014-01-05,0.0461,0.039,0.043,0.0458,0.0493,0.0537,true
NZ First,2014-01-12,0.0461,0.0387,0.043,0.046,0.0492,0.0532,true
NZ First,2014-01-19,0.0467,0.0396,0.0437,0.0467,0.0499,0.0538,true
NZ First,2014-01-26,0.0476,0.0409,0.0444,0.0477,0.0505,0.0547,true
NZ First,2014-02-02,0.0488,0.0422,0.0459,0.0486,0.0517,0.0559,true
NZ First,2014-02-09,0.0486,0.0423,0.0456,0.0484,0.0513,0.0553,true
NZ First,2014-02-16,0.048,0.0417,0.045,0.0478,0.0507,0.0555,true
NZ First,2014-02-23,0.0483,0.042,0.0454,0.048,0.051,0.0557,true
NZ First,2014-03-02,0.0493,0.0426,0.0462,0.0489,0.0522,0.0566,true
NZ First,2014-03-09,0.0503,0.0435,0.0473,0.0502,0.0531,0.0577,true
NZ First,2014-03-16,0.0522,0.0451,0.0489,0.052,0.0554,0.0597,true
NZ First,2014-03-23,0.0539,0.0472,0.0509,0.0537,0.0567,0.0611,true
NZ First,2014-03-30,0.0539,0.0471,0.0505,0.0538,0.0568,0.061,true
NZ First,2014-04-06,0.0538,0.0466,0.0508,0.0535,0.0565,0.062,true
NZ First,2014-04-13,0.0538,0.0461,0.0507,0.0535,0.0568,0.0615,true
NZ First,2014-04-20,0.0538,0.046,0.0505,0.0539,0.0569,0.0619,true
NZ First,2014-04-27,0.0537,0.046,0.0507,0.0539,0.0567,0.0617,true
NZ First,2014-05-04,0.0536,0.0459,0.0502,0.0535,0.0568,0.0615,true
NZ First,2014-05-11,0.0534,0.0461,0.0504,0.0533,0.0562,0.061,true
NZ First,2014-05-18,0.0522,0.0451,0.049,0.0522,0.0552,0.0596,true
NZ First,2014-05-25,0.0509,0.0439,0.0478,0.0507,0.0538,0.0577,true
NZ First,2014-06-01,0.0499,0.0429,0.047,0.0496,0.0531,0.0567,true
NZ First,2014-06-08,0.049,0.0424,0.0461,0.049,0.0517,0.0558,true
NZ First,2014-06-15,0.0494,0.0433,0.0466,0.049,0.0522,0.0559,true
NZ First,2014-06-22,0.0493,0.0429,0.0468,0.0492,0.0519,0.0561,true
NZ First,2014-06-29,0.0499,0.0433,0.0471,0.0498,0.0525,0.0566,true
NZ First,2014-07-06,0.0505,0.0437,0.0478,0.0504,0.0532,0.0575,true
NZ First,2014-07-13,0.0503,0.0433,0.0474,0.0503,0.0532,0.0577,true
NZ First,2014-07-20,0.05,0.043,0.0473,0.0499,0.0527,0.0577,true
NZ First,2014-07-27,0.0524,0.0434,0.0489,0.0523,0.0557,0.062,true
NZ First,2014-08-03,0.0544,0.0459,0.0508,0.0543,0.0578,0.0634,true
NZ First,2014-08-10,0.0574,0.0487,0.0541,0.0573,0.0609,0.0658,true
NZ First,2014-08-17,0.0623,0.0533,0.059,0.0619,0.0659,0.0716,true
NZ First,2014-08-24,0.0645,0.0561,0.061,0.0645,0.0682,0.074,true
NZ First,2014-08-31,0.0696,0.0613,0.066,0.0695,0.073,0.0784,true
NZ First,2014-09-07,0.0791,0.0704,0.0757,0.079,0.0827,0.0875,true
NZ First,2014-09-14,0.0864,0.0864,0.0864,0.0864,0.0864,0.0864,true
NZ First,2014-09-21,0.0861,0.0801,0.0838,0.0861,0.0885,0.0922,true
NZ First,2014-09-28,0.0858,0.0781,0.0826,0.0857,0.0889,0.0942,true
NZ First,2014-10-05,0.0853,0.0762,0.0819,0.085,0.0888,0.0949,true
NZ First,2014-10-12,0.0842,0.0737,0.0803,0.0841,0.0884,0.0942,true
NZ First,2014-10-19,0.0831,0.0724,0.0784,0.0829,0.0878,0.0944,true
NZ First,2014-10-26,0.082,0.0702,0.0772,0.0821,0.0866,0.0945,true
NZ First,2014-11-02,0.0809,0.069,0.0755,0.0807,0.0862,0.0935,true
NZ First,2014-11-09,0.08,0.0678,0.0747,0.0795,0.0853,0.0924,true
NZ First,2014-11-16,0.0792,0.0672,0.0739,0.0788,0.0846,0.0922,true
NZ First,2014-11-23,0.0783,0.0661,0.0728,0.0781,0.0833,0.0919,true
NZ First,2014-11-30,0.0776,0.065,0.0723,0.0769,0.0825,0.0911,true
NZ First,2014-12-07,0.0765,0.0634,0.0716,0.0764,0.0813,0.0905,true
NZ First,2014-12-14,0.0751,0.0628,0.0697,0.0748,0.08,0.0887,true
NZ First,2014-12-21,0.0746,0.0622,0.0691,0.0743,0.0797,0.0881,true
NZ First,2014-12-28,0.0738,0.061,0.0686,0.0736,0.0788,0.0875,true
NZ First,2015-01-04,0.0733,0.0615,0.068,0.0728,0.0781,0.0866,true
NZ First,2015-01-11,0.0725,0.0612,0.0677,0.0725,0.0769,0.0848,true
NZ First,2015-01-18,0.0721,0.0609,0.0669,0.0721,0.077,0.0839,true
NZ First,2015-01-25,0.0717,0.0599,0.0664,0.0714,0.077,0.0849,true
NZ First,2015-02-01,0.0712,0.0598,0.0653,0.0708,0.0763,0.0849,true
NZ First,2015-02-08,0.0705,0.0594,0.065,0.0699,0.075,0.0839,true
NZ First,2015-02-15,0.0705,0.0589,0.0651,0.0697,0.0754,0.0834,true
NZ First,2015-02-22,0.0709,0.0588,0.0654,0.0702,0.0764,0.0841,true
NZ First,2015-03-01,0.0718,0.0591,0.066,0.0713,0.0771,0.0857,true
NZ First,2015-03-08,0.0722,0.0595,0.0666,0.0719,0.0774,0.0863,true
NZ First,2015-03-15,0.0732,0.0604,0.0675,0.0725,0.0786,0.0875,true
NZ First,2015-03-22,0.0745,0.061,0.0692,0.074,0.0798,0.0886,true
NZ First,2015-03-29,0.0756,0.0617,0.0698,0.0754,0.0809,0.0897,true
NZ First,2015-04-05,0.077,0.0645,0.0713,0.0766,0.0821,0.0901,true
NZ First,2015-04-12,0.0783,0.0659,0.073,0.078,0.0834,0.0907,true
NZ First,2015-04-19,0.0787,0.0671,0.0735,0.0786,0.0837,0.0908,true
NZ First,2015-04-26,0.0788,0.067,0.0732,0.0779,0.0841,0.0924,true
NZ First,2015-05-03,0.0787,0.0655,0.0729,0.0784,0.084,0.0923,true
NZ First,2015-05-10,0.0785,0.066,0.0731,0.0781,0.0838,0.0917,true
NZ First,2015-05-17,0.0793,0.0664,0.0742,0.0791,0.0842,0.0921,true
NZ First,2015-05-24,0.0799,0.0679,0.0752,0.0793,0.0845,0.0926,true
NZ First,2015-05-31,0.0798,0.0677,0.075,0.0794,0.0844,0.0933,true
NZ First,2015-06-07,0.0801,0.0679,0.0752,0.0795,0.0844,0.0936,true
NZ First,2015-06-14,0.0805,0.0686,0.0754,0.0797,0.0856,0.0933,true
NZ First,2015-06-21,0.0809,0.0692,0.0759,0.0804,0.0858,0.0939,true
NZ First,2015-06-28,0.0811,0.07,0.0757,0.0808,0.0863,0.094,true
NZ First,2015-07-05,0.0816,0.0698,0.0763,0.0808,0.0864,0.0954,true
NZ First,2015-07-12,0.0828,0.0711,0.0781,0.0823,0.0874,0.0951,true
NZ First,2015-07-19,0.0829,0.0705,0.0777,0.0828,0.0875,0.0955,true
NZ First,2015-07-26,0.0829,0.0704,0.0777,0.0826,0.0878,0.0956,true
NZ First,2015-08-02,0.0827,0.0698,0.0773,0.0823,0.0879,0.0958,true
NZ First,2015-08-09,0.0831,0.0716,0.0775,0.0826,0.0878,0.097,true
NZ First,2015-08-16,0.0822,0.0704,0.0772,0.0818,0.0868,0.0958,true
NZ First,2015-08-23,0.0815,0.0704,0.0765,0.0807,0.0861,0.0961,true
NZ First,2015-08-30,0.0806,0.069,0.0761,0.0799,0.0853,0.0935,true
NZ First,2015-09-06,0.0799,0.0684,0.0754,0.0793,0.0846,0.0926,true
NZ First,2015-09-13,0.0802,0.0686,0.075,0.0796,0.0847,0.0944,true
NZ First,2015-09-20,0.0804,0.0687,0.0749,0.0802,0.0851,0.0942,true
NZ First,2015-09-27,0.0805,0.0689,0.075,0.0798,0.0851,0.0934,true
NZ First,2015-10-04,0.0807,0.0695,0.0756,0.0801,0.0851,0.0938,true
NZ First,2015-10-11,0.0815,0.0699,0.0764,0.081,0.086,0.0948,true
NZ First,2015-10-18,0.0803,0.0687,0.075,0.0799,0.085,0.0931,true
NZ First,2015-10-25,0.0792,0.0678,0.0741,0.0789,0.0841,0.0919,true
NZ First,2015-11-01,0.0782,0.0667,0.0733,0.0777,0.0828,0.0905,true
NZ First,2015-11-08,0.0785,0.0665,0.0733,0.0784,0.0833,0.0915,true
NZ First,2015-11-15,0.0782,0.0662,0.0725,0.078,0.083,0.092,true
NZ First,2015-11-22,0.0778,0.0662,0.0724,0.0775,0.083,0.0907,true
NZ First,2015-11-29,0.0776,0.0663,0.0722,0.077,0.0824,0.091,true
NZ First,2015-12-06,0.0776,0.0665,0.0723,0.0766,0.0829,0.0912,true
NZ First,2015-12-13,0.0788,0.067,0.0731,0.0782,0.0841,0.0923,true
NZ First,2015-12-20,0.0798,0.0673,0.074,0.0793,0.0852,0.0941,true
NZ First,2015-12-27,0.0807,0.0687,0.0746,0.0805,0.086,0.0957,true
NZ First,2016-01-03,0.0819,0.0692,0.0759,0.0814,0.0875,0.0965,true
NZ First,2016-01-10,0.0832,0.0708,0.0773,0.0826,0.0883,0.0978,true
NZ First,2016-01-17,0.0846,0.0717,0.0787,0.0843,0.0899,0.0979,true
NZ First,2016-01-24,0.0859,0.0727,0.0801,0.0854,0.0915,0.1004,true
NZ First,2016-01-31,0.0875,0.0739,0.0818,0.0872,0.0928,0.1016,true
NZ First,2016-02-07,0.0889,0.0766,0.0834,0.0883,0.0942,0.1028,true
NZ First,2016-02-14,0.0918,0.0804,0.0863,0.0911,0.0969,0.1067,true
NZ First,2016-02-21,0.0942,0.0816,0.088,0.0936,0.0997,0.1094,true
NZ First,2016-02-28,0.0965,0.0824,0.0901,0.0966,0.1017,0.1112,true
NZ First,2016-03-06,0.0991,0.0854,0.0928,0.0988,0.1046,0.1138,true
NZ First,2016-03-13,0.1008,0.0861,0.0947,0.1004,0.1073,0.116,true
NZ First,2016-03-20,0.1024,0.0879,0.0964,0.1019,0.1083,0.1179,true
NZ First,2016-03-27,0.1042,0.0892,0.0975,0.1039,0.1102,0.1202,true
NZ First,2016-04-03,0.1063,0.0918,0.0998,0.1062,0.1122,0.121,true
NZ First,2016-04-10,0.1097,0.0957,0.1035,0.1087,0.1158,0.126,true
NZ First,2016-04-17,0.1076,0.093,0.1013,0.107,0.1136,0.124,true
NZ First,2016-04-24,0.1053,0.0909,0.0992,0.1053,0.1109,0.1216,true
NZ First,2016-05-01,0.1033,0.0892,0.0973,0.1033,0.1094,0.1176,true
NZ First,2016-05-08,0.1013,0.0875,0.0957,0.1013,0.1065,0.1157,true
NZ First,2016-05-15,0.099,0.0852,0.0939,0.0989,0.1041,0.1125,true
NZ First,2016-05-22,0.0991,0.0854,0.0938,0.099,0.1045,0.1134,true
NZ First,2016-05-29,0.0989,0.0852,0.093,0.0989,0.1044,0.1126,true
NZ First,2016-06-05,0.099,0.086,0.0929,0.0984,0.105,0.113,true
NZ First,2016-06-12,0.0989,0.0852,0.0929,0.0988,0.1042,0.1137,true
NZ First,2016-06-19,0.098,0.0843,0.0919,0.0979,0.1036,0.1131,true
NZ First,2016-06-26,0.0972,0.0838,0.0907,0.0968,0.1029,0.113,true
NZ First,2016-07-03,0.096,0.0816,0.0896,0.0959,0.1016,0.1117,true
NZ First,2016-07-10,0.0951,0.081,0.0892,0.0948,0.1011,0.1093,true
NZ First,2016-07-17,0.0943,0.0819,0.089,0.0939,0.0995,0.1073,true
NZ First,2016-07-24,0.0947,0.0823,0.0891,0.0952,0.0999,0.1078,true
NZ First,2016-07-31,0.097,0.0839,0.0917,0.0968,0.102,0.1107,true
NZ First,2016-08-07,0.0995,0.0867,0.0932,0.0989,0.1055,0.1146,true
NZ First,2016-08-14,0.1017,0.0881,0.0954,0.1017,0.1081,0.1157,true
NZ First,2016-08-21,0.1024,0.0889,0.0957,0.102,0.1089,0.1171,true
NZ First,2016-08-28,0.1031,0.089,0.097,0.1022,0.1093,0.1194,true
NZ First,2016-09-04,0.1039,0.0899,0.098,0.1038,0.1095,0.1182,true
NZ First,2016-09-11,0.1012,0.088,0.0948,0.1008,0.1069,0.1159,true
NZ First,2016-09-18,0.1015,0.087,0.0947,0.101,0.1076,0.1183,true
NZ First,2016-09-25,0.1018,0.0867,0.0941,0.1016,0.1084,0.1191,true
NZ First,2016-10-02,0.1021,0.0862,0.095,0.1011,0.1087,0.1187,true
NZ First,2016-10-09,0.1023,0.0875,0.0957,0.1016,0.1091,0.1182,true
NZ First,2016-10-16,0.1025,0.0888,0.0967,0.102,0.1086,0.1179,true
NZ First,2016-10-23,0.1023,0.0883,0.096,0.1016,0.1085,0.118,true
NZ First,2016-10-30,0.1018,0.087,0.0955,0.1016,0.1076,0.1173,true
NZ First,2016-11-06,0.1012,0.0872,0.0952,0.1009,0.1073,0.1158,true
NZ First,2016-11-13,0.1002,0.086,0.0946,0.0999,0.106,0.1142,true
NZ First,2016-11-20,0.0992,0.0851,0.0932,0.0989,0.1052,0.114,true
NZ First,2016-11-27,0.0984,0.0838,0.0924,0.0984,0.1042,0.1142,true
NZ First,2016-12-04,0.0972,0.0835,0.0913,0.0969,0.103,0.1128,true
NZ First,2016-12-11,0.0973,0.0829,0.0912,0.0974,0.1034,0.1129,true
NZ First,2016-12-18,0.0976,0.0822,0.0913,0.0976,0.1042,0.1123,true
NZ First,2016-12-25,0.098,0.0835,0.0917,0.098,0.1038,0.1136,true
NZ First,2017-01-01,0.0984,0.0841,0.0923,0.0984,0.1045,0.1128,true
NZ First,2017-01-08,0.0988,0.0847,0.0929,0.0986,0.1046,0.1133,true
NZ First,2017-01-15,0.0986,0.0853,0.0925,0.0981,0.1039,0.1135,true
NZ First,2017-01-22,0.0985,0.0845,0.0923,0.0978,0.1041,0.1149,true
NZ First,2017-01-29,0.0986,0.0856,0.0928,0.098,0.1037,0.1151,true
NZ First,2017-02-05,0.0984,0.0855,0.0928,0.0979,0.1032,0.1131,true
NZ First,2017-02-12,0.0992,0.0866,0.0937,0.0989,0.1046,0.1143,true
NZ First,2017-02-19,0.0982,0.0841,0.0922,0.0979,0.1037,0.1134,true
NZ First,2017-02-26,0.0967,0.0826,0.0905,0.0964,0.1018,0.1115,true
NZ First,2017-03-05,0.0948,0.0818,0.0892,0.0945,0.0998,0.1083,true
NZ First,2017-03-12,0.0945,0.0812,0.089,0.0948,0.0999,0.1072,true
NZ First,2017-03-19,0.0958,0.0821,0.0906,0.0956,0.1011,0.1093,true
NZ First,2017-03-26,0.0981,0.0843,0.0923,0.0977,0.1039,0.1125,true
NZ First,2017-04-02,0.1004,0.0867,0.0937,0.1002,0.1061,0.1162,true
NZ First,2017-04-09,0.1032,0.0886,0.0968,0.103,0.1091,0.1191,true
NZ First,2017-04-16,0.104,0.0881,0.0975,0.1037,0.1096,0.12,true
NZ First,2017-04-23,0.1046,0.0898,0.0982,0.1043,0.1109,0.1196,true
NZ First,2017-04-30,0.1048,0.09,0.0984,0.1049,0.1108,0.1202,true
NZ First,2017-05-07,0.1052,0.0912,0.099,0.1051,0.1109,0.1196,true
NZ First,2017-05-14,0.1048,0.0905,0.099,0.1044,0.1109,0.1193,true
NZ First,2017-05-21,0.1043,0.0902,0.0986,0.1041,0.1097,0.1179,true
NZ First,2017-05-28,0.1056,0.0922,0.1,0.1057,0.1109,0.12,true
NZ First,2017-06-04,0.1064,0.0929,0.1007,0.1061,0.1114,0.1205,true
NZ First,2017-06-11,0.1073,0.0936,0.1017,0.107,0.113,0.1216,true
NZ First,2017-06-18,0.1082,0.0943,0.1021,0.108,0.114,0.1233,true
NZ First,2017-06-25,0.1089,0.0951,0.1028,0.1083,0.1151,0.1245,true
NZ First,2017-07-02,0.1102,0.096,0.1041,0.11,0.1157,0.1259,true
NZ First,2017-07-09,0.1148,0.0996,0.1077,0.1144,0.1214,0.1319,true
NZ First,2017-07-16,0.1187,0.1024,0.1119,0.1184,0.1249,0.1371,true
NZ First,2017-07-23,0.123,0.1089,0.1164,0.1227,0.129,0.1405,true
NZ First,2017-07-30,0.1068,0.0916,0.1002,0.1065,0.1127,0.1236,true
NZ First,2017-08-06,0.1068,0.0917,0.0997,0.1064,0.1134,0.1235,true
NZ First,2017-08-13,0.0953,0.0811,0.0885,0.0951,0.1017,0.1108,true
NZ First,2017-08-20,0.0817,0.0695,0.0768,0.0813,0.0865,0.0946,true
NZ First,2017-08-27,0.0779,0.0667,0.0728,0.0777,0.0823,0.0896,true
NZ First,2017-09-03,0.0756,0.0663,0.0715,0.0753,0.0796,0.0849,true
NZ First,2017-09-10,0.073,0.0652,0.0697,0.0728,0.0763,0.0816,true
NZ First,2017-09-17,0.072,0.072,0.072,0.072,0.072,0.072,true
NZ First,2017-09-24,0.0712,0.0656,0.0691,0.0713,0.0733,0.0763,true
NZ First,2017-10-01,0.0705,0.0632,0.0675,0.0704,0.0733,0.0779,true
NZ First,2017-10-08,0.0699,0.0616,0.0663,0.0696,0.0734,0.0785,true
NZ First,2017-10-15,0.0679,0.0594,0.0638,0.0679,0.0719,0.0771,true
NZ First,2017-10-22,0.0663,0.0561,0.0621,0.0662,0.0703,0.0761,true
NZ First,2017-10-29,0.0645,0.0549,0.0602,0.0642,0.0688,0.075,true
NZ First,2017-11-05,0.0629,0.0527,0.0587,0.0627,0.0668,0.0743,true
NZ First,2017-11-12,0.063,0.0528,0.0589,0.0627,0.0671,0.0741,true
NZ First,2017-11-19,0.063,0.0531,0.0591,0.0628,0.0665,0.0739,true
NZ First,2017-11-26,0.0633,0.0531,0.0589,0.0631,0.0672,0.0752,true
NZ First,2017-12-03,0.0639,0.0536,0.0594,0.0633,0.0677,0.0754,true
NZ First,2017-12-10,0.0623,0.0517,0.0578,0.062,0.0665,0.0743,true
NZ First,2017-12-17,0.0606,0.05,0.0559,0.0605,0.065,0.0731,true
NZ First,2017-12-24,0.059,0.0481,0.0541,0.0584,0.0636,0.0705,true
NZ First,2017-12-31,0.0574,0.0467,0.0528,0.0569,0.0615,0.0682,true
NZ First,2018-01-07,0.0556,0.0456,0.0513,0.0551,0.0597,0.0665,true
NZ First,2018-01-14,0.0539,0.0444,0.0498,0.0536,0.0579,0.0642,true
NZ First,2018-01-21,0.0525,0.0427,0.0485,0.0522,0.0565,0.0629,true
NZ First,2018-01-28,0.0504,0.0403,0.0461,0.0503,0.0547,0.0608,true
NZ First,2018-02-04,0.0483,0.0384,0.0436,0.0483,0.0526,0.0592,true
NZ First,2018-02-11,0.0462,0.0366,0.0422,0.0462,0.0501,0.0563,true
NZ First,2018-02-18,0.0464,0.0366,0.0421,0.0465,0.0505,0.0567,true
NZ First,2018-02-25,0.0466,0.0365,0.0421,0.0463,0.0504,0.0572,true
NZ First,2018-03-04,0.0467,0.037,0.0423,0.0466,0.0508,0.0584,true
NZ First,2018-03-11,0.047,0.0372,0.0426,0.0466,0.0511,0.058,true
NZ First,2018-03-18,0.0471,0.0363,0.0429,0.0466,0.0512,0.0581,true
NZ First,2018-03-25,0.0472,0.0372,0.0429,0.0467,0.0513,0.0578,true
NZ First,2018-04-01,0.0474,0.0373,0.0428,0.047,0.0517,0.0583,true
NZ First,2018-04-08,0.0475,0.0375,0.0431,0.0472,0.0515,0.0583,true
NZ First,2018-04-15,0.0471,0.0367,0.0429,0.0469,0.0512,0.0582,true
NZ First,2018-04-22,0.0467,0.0366,0.0423,0.0465,0.0507,0.0577,true
NZ First,2018-04-29,0.0465,0.0366,0.0423,0.0461,0.0505,0.0573,true
NZ First,2018-05-06,0.0461,0.037,0.042,0.046,0.0499,0.0563,true
NZ First,2018-05-13,0.0458,0.0364,0.0418,0.0457,0.0493,0.0557,true
NZ First,2018-05-20,0.0457,0.0369,0.0417,0.0455,0.0496,0.055,true
NZ First,2018-05-27,0.0462,0.0368,0.0421,0.0458,0.0502,0.0566,true
NZ First,2018-06-03,0.0466,0.037,0.0423,0.0466,0.0504,0.0573,true
NZ First,2018-06-10,0.0467,0.0367,0.0425,0.0464,0.0509,0.0581,true
NZ First,2018-06-17,0.047,0.0369,0.0426,0.0466,0.0515,0.0581,true
NZ First,2018-06-24,0.0475,0.0375,0.0429,0.0472,0.0519,0.0584,true
NZ First,2018-07-01,0.0481,0.038,0.0432,0.0475,0.0524,0.0601,true
NZ First,2018-07-08,0.0485,0.0384,0.044,0.0478,0.0529,0.0594,true
NZ First,2018-07-15,0.0488,0.0384,0.044,0.0483,0.0535,0.0597,true
NZ First,2018-07-22,0.0492,0.0394,0.0442,0.0487,0.0537,0.0603,true
NZ First,2018-07-29,0.0496,0.0396,0.0447,0.0493,0.0537,0.0613,true
NZ First,2018-08-05,0.0495,0.0393,0.0448,0.0491,0.0539,0.0612,true
NZ First,2018-08-12,0.0494,0.0389,0.0445,0.0489,0.0541,0.0613,true
NZ First,2018-08-19,0.0491,0.039,0.0442,0.0488,0.0534,0.0616,true
NZ First,2018-08-26,0.0489,0.0383,0.0436,0.0487,0.0534,0.0607,true
NZ First,2018-09-02,0.0488,0.038,0.0435,0.0484,0.0536,0.0613,true
NZ First,2018-09-09,0.0485,0.0377,0.0434,0.0481,0.0532,0.061,true
NZ First,2018-09-16,0.048,0.0369,0.043,0.0475,0.0529,0.0608,true
NZ First,2018-09-23,0.0478,0.0372,0.043,0.0474,0.0525,0.0598,true
NZ First,2018-09-30,0.0477,0.0372,0.0431,0.0473,0.0524,0.0592,true
NZ First,2018-10-07,0.0474,0.0368,0.0427,0.0469,0.0519,0.0589,true
NZ First,2018-10-14,0.0473,0.0374,0.0427,0.047,0.0518,0.0588,true
NZ First,2018-10-21,0.0469,0.0369,0.0423,0.0467,0.0514,0.0583,true
NZ First,2018-10-28,0.0463,0.0363,0.0418,0.0459,0.0507,0.0582,true
NZ First,2018-11-04,0.0458,0.0359,0.0408,0.0455,0.05,0.0579,true
NZ First,2018-11-11,0.0453,0.0357,0.0403,0.045,0.0496,0.0567,true
NZ First,2018-11-18,0.0448,0.0355,0.0401,0.0443,0.0491,0.0561,true
NZ First,2018-11-25,0.0442,0.035,0.0398,0.0438,0.0482,0.0546,true
NZ First,2018-12-02,0.0436,0.0346,0.0394,0.043,0.0477,0.0539,true
NZ First,2018-12-09,0.0432,0.034,0.0389,0.0428,0.0472,0.0536,true
NZ First,2018-12-16,0.0426,0.0333,0.0382,0.0421,0.0467,0.0533,true
NZ First,2018-12-23,0.0421,0.033,0.0381,0.0417,0.0456,0.0525,true
NZ First,2018-12-30,0.0415,0.0329,0.0373,0.041,0.0453,0.0525,true
NZ First,2019-01-06,0.0412,0.0322,0.0374,0.0406,0.0447,0.0515,true
NZ First,2019-01-13,0.0406,0.0325,0.0371,0.0401,0.0438,0.0505,true
NZ First,2019-01-20,0.0402,0.0316,0.0366,0.0399,0.0431,0.0502,true
NZ First,2019-01-27,0.0397,0.0318,0.036,0.0394,0.0429,0.0489,true
NZ First,2019-02-03,0.0397,0.0318,0.0362,0.0392,0.0429,0.0488,true
NZ First,2019-02-10,0.0397,0.0319,0.0363,0.0393,0.0431,0.049,true
NZ First,2019-02-17,0.0397,0.0316,0.0361,0.0395,0.0428,0.0489,true
NZ First,2019-02-24,0.0397,0.0314,0.036,0.0395,0.0427,0.0488,true
NZ First,2019-03-03,0.0398,0.0314,0.0364,0.0395,0.0431,0.0494,true
NZ First,2019-03-10,0.04,0.0318,0.0364,0.0397,0.0432,0.05,true
NZ First,2019-03-17,0.0403,0.0318,0.0367,0.0399,0.0434,0.0499,true
NZ First,2019-03-24,0.0404,0.0317,0.0368,0.0401,0.0435,0.0502,true
NZ First,2019-03-31,0.0405,0.0321,0.0369,0.0398,0.0438,0.0511,true
NZ First,2019-04-07,0.0405,0.0321,0.0369,0.04,0.0436,0.0501,true
NZ First,2019-04-14,0.0405,0.0319,0.0369,0.0399,0.0438,0.0503,true
NZ First,2019-04-21,0.0406,0.0316,0.0368,0.0402,0.0442,0.0506,true
NZ First,2019-04-28,0.0407,0.032,0.0369,0.0403,0.0443,0.0507,true
NZ First,2019-05-05,0.0407,0.0322,0.037,0.0401,0.0442,0.0504,true
NZ First,2019-05-12,0.0408,0.0319,0.037,0.0404,0.0445,0.0502,true
NZ First,2019-05-19,0.0409,0.0325,0.037,0.0405,0.0448,0.0501,true
NZ First,2019-05-26,0.0411,0.033,0.0374,0.0409,0.0444,0.0505,true
NZ First,2019-06-02,0.0412,0.0338,0.0379,0.0409,0.0441,0.0497,true
NZ First,2019-06-09,0.0412,0.0329,0.0374,0.0409,0.0443,0.0507,true
NZ First,2019-06-16,0.0413,0.0327,0.0374,0.0412,0.0446,0.0506,true
NZ First,2019-06-23,0.0412,0.0326,0.0374,0.041,0.045,0.0511,true
NZ First,2019-06-30,0.0412,0.0325,0.0373,0.0408,0.0448,0.0505,true
NZ First,2019-07-07,0.0412,0.0324,0.0374,0.0411,0.0449,0.0503,true
NZ First,2019-07-14,0.0411,0.0321,0.0373,0.0411,0.0447,0.0502,true
NZ First,2019-07-21,0.0413,0.0325,0.0375,0.0412,0.0451,0.0506,true
NZ First,2019-07-28,0.0415,0.0325,0.0378,0.0412,0.0453,0.0511,true
NZ First,2019-08-04,0.0418,0.0325,0.0377,0.0416,0.0456,0.051,true
NZ First,2019-08-11,0.042,0.0322,0.0377,0.0418,0.0459,0.0521,true
NZ First,2019-08-18,0.0422,0.0325,0.038,0.0418,0.0461,0.0518,true
NZ First,2019-08-25,0.0426,0.0331,0.0382,0.0423,0.0466,0.0534,true
NZ First,2019-09-01,0.0428,0.034,0.0382,0.0426,0.0467,0.0533,true
NZ First,2019-09-08,0.043,0.0342,0.0389,0.0427,0.0471,0.0523,true
NZ First,2019-09-15,0.0434,0.0348,0.0393,0.0429,0.0473,0.053,true
NZ First,2019-09-22,0.0437,0.0357,0.0396,0.0435,0.0477,0.0522,true
NZ First,2019-09-29,0.0439,0.0363,0.0404,0.0437,0.0473,0.0521,true
NZ First,2019-10-06,0.0438,0.0362,0.04,0.0436,0.0473,0.0526,true
NZ First,2019-10-13,0.0437,0.0357,0.04,0.0432,0.0474,0.0526,true
NZ First,2019-10-20,0.0435,0.0355,0.0394,0.0428,0.0473,0.053,true
NZ First,2019-10-27,0.0434,0.0349,0.0397,0.043,0.0467,0.0532,true
NZ First,2019-11-03,0.0432,0.0354,0.0395,0.0428,0.0463,0.0524,true
NZ First,2019-11-10,0.0432,0.0351,0.0394,0.0431,0.0463,0.0527,true
NZ First,2019-11-17,0.043,0.0344,0.0391,0.0428,0.0464,0.0525,true
NZ First,2019-11-24,0.0427,0.0347,0.0391,0.0426,0.0462,0.0519,true
NZ First,2019-12-01,0.0421,0.0338,0.0387,0.0418,0.0455,0.0516,true
NZ First,2019-12-08,0.0416,0.0328,0.0382,0.0413,0.045,0.0514,true
NZ First,2019-12-15,0.0409,0.0326,0.0373,0.0407,0.0441,0.0507,true
NZ First,2019-12-22,0.0404,0.0326,0.0368,0.04,0.0434,0.0498,true
NZ First,2019-12-29,0.0398,0.0322,0.0364,0.0394,0.0431,0.049,true
NZ First,2020-01-05,0.0392,0.0321,0.0357,0.0391,0.0422,0.0478,true
NZ First,2020-01-12,0.0386,0.0319,0.0353,0.0386,0.0414,0.0467,true
NZ First,2020-01-19,0.0385,0.0317,0.0356,0.0382,0.0413,0.0458,true
NZ First,2020-01-26,0.0384,0.0317,0.0356,0.0383,0.0409,0.0458,true
NZ First,2020-02-02,0.0383,0.0316,0.0355,0.0381,0.041,0.0457,true
NZ First,2020-02-09,0.0381,0.0315,0.0352,0.0379,0.0408,0.0453,true
NZ First,2020-02-16,0.0373,0.0306,0.0342,0.037,0.04,0.0448,true
NZ First,2020-02-23,0.0364,0.0292,0.0333,0.0362,0.0394,0.0443,true
NZ First,2020-03-01,0.0356,0.0288,0.0325,0.0354,0.0388,0.0439,true
NZ First,2020-03-08,0.0348,0.0278,0.0316,0.0345,0.0378,0.0429,true
NZ First,2020-03-15,0.034,0.0272,0.0308,0.0335,0.0369,0.0425,true
NZ First,2020-03-22,0.0319,0.0242,0.0289,0.0316,0.0349,0.0403,true
NZ First,2020-03-29,0.0298,0.0221,0.0267,0.0294,0.0323,0.0389,true
NZ First,2020-04-05,0.0276,0.0207,0.0245,0.0271,0.03,0.0363,true
NZ First,2020-04-12,0.0256,0.0199,0.0231,0.0255,0.0277,0.0316,true
NZ First,2020-04-19,0.025,0.0199,0.0228,0.0248,0.0273,0.0308,true
NZ First,2020-04-26,0.0245,0.0195,0.0225,0.0244,0.0265,0.0302,true
NZ First,2020-05-03,0.0242,0.0193,0.0222,0.0239,0.0261,0.0294,true
NZ First,2020-05-10,0.0237,0.0193,0.0217,0.0236,0.0255,0.0283,true
NZ First,2020-05-17,0.0232,0.0189,0.0213,0.023,0.0249,0.028,true
NZ First,2020-05-24,0.0231,0.0185,0.0213,0.0231,0.025,0.0277,true
NZ First,2020-05-31,0.0231,0.0185,0.0212,0.023,0.0249,0.028,true
NZ First,2020-06-07,0.023,0.0184,0.021,0.0228,0.0249,0.0281,true
NZ First,2020-06-14,0.0228,0.0181,0.0209,0.0227,0.0248,0.0279,true
NZ First,2020-06-21,0.0231,0.0186,0.0211,0.0231,0.0252,0.0281,true
NZ First,2020-06-28,0.0226,0.018,0.0204,0.0224,0.0246,0.0281,true
NZ First,2020-07-05,0.022,0.0175,0.0199,0.0217,0.0238,0.0272,true
NZ First,2020-07-12,0.0214,0.017,0.0195,0.0212,0.023,0.0263,true
NZ First,2020-07-19,0.0211,0.0168,0.0193,0.021,0.0228,0.0256,true
NZ First,2020-07-26,0.0217,0.0175,0.0198,0.0216,0.0234,0.0266,true
NZ First,2020-08-02,0.0224,0.0178,0.0203,0.0222,0.0243,0.0279,true
NZ First,2020-08-09,0.023,0.0185,0.0208,0.0229,0.0249,0.0287,true
NZ First,2020-08-16,0.0237,0.0192,0.0215,0.0236,0.0257,0.0293,true
NZ First,2020-08-23,0.0235,0.0185,0.0212,0.0233,0.0257,0.0296,true
NZ First,2020-08-30,0.0236,0.0185,0.0213,0.0233,0.0256,0.0295,true
NZ First,2020-09-06,0.0235,0.0182,0.0212,0.0233,0.0257,0.0287,true
NZ First,2020-09-13,0.0233,0.0194,0.0216,0.0233,0.0249,0.0274,true
NZ First,2020-09-20,0.0238,0.0197,0.0221,0.0237,0.0254,0.0279,true
NZ First,2020-09-27,0.0244,0.0207,0.0228,0.0243,0.026,0.0284,true
NZ First,2020-10-04,0.0249,0.0218,0.0237,0.0249,0.0261,0.0279,true
NZ First,2020-10-11,0.026,0.026,0.026,0.026,0.026,0.026,true
NZ First,2020-10-18,0.0256,0.0235,0.0247,0.0255,0.0265,0.0277,true
NZ First,2020-10-25,0.0252,0.0224,0.024,0.0252,0.0263,0.0282,true
NZ First,2020-11-01,0.0247,0.0213,0.0234,0.0248,0.026,0.0281,true
NZ First,2020-11-08,0.0244,0.0209,0.0229,0.0244,0.0258,0.028,true
NZ First,2020-11-15,0.024,0.0205,0.0224,0.0239,0.0255,0.028,true
NZ First,2020-11-22,0.0237,0.0198,0.0219,0.0235,0.0254,0.0278,true
NZ First,2020-11-29,0.0233,0.0192,0.0215,0.0231,0.0249,0.0275,true
NZ First,2020-12-06,0.0232,0.0192,0.0214,0.023,0.025,0.0277,true
NZ First,2020-12-13,0.0231,0.0188,0.0211,0.0229,0.0247,0.0278,true
NZ First,2020-12-20,0.0229,0.0187,0.021,0.0227,0.0247,0.0277,true
NZ First,2020-12-27,0.0228,0.0183,0.0208,0.0226,0.0247,0.0275,true
NZ First,2021-01-03,0.0227,0.0182,0.0208,0.0225,0.0245,0.0274,true
NZ First,2021-01-10,0.0225,0.018,0.0205,0.0223,0.0244,0.0273,true
NZ First,2021-01-17,0.0225,0.018,0.0203,0.0224,0.0245,0.0277,true
NZ First,2021-01-24,0.0225,0.018,0.0202,0.0225,0.0246,0.0281,true
NZ First,2021-01-31,0.0226,0.0182,0.0203,0.0225,0.0247,0.0283,true
NZ First,2021-02-07,0.0227,0.0181,0.0205,0.0224,0.0247,0.0284,true
NZ First,2021-02-14,0.0228,0.0181,0.0206,0.0226,0.0248,0.0282,true
NZ First,2021-02-21,0.0228,0.0181,0.0207,0.0227,0.0248,0.0282,true
NZ First,2021-02-28,0.0229,0.0181,0.0208,0.0228,0.0248,0.0283,true
NZ First,2021-03-07,0.0228,0.0179,0.0205,0.0227,0.0248,0.0279,true
NZ First,2021-03-14,0.0228,0.0179,0.0207,0.0226,0.0249,0.0282,true
NZ First,2021-03-21,0.0228,0.0181,0.0206,0.0225,0.0249,0.0282,true
NZ First,2021-03-28,0.0228,0.0178,0.0206,0.0227,0.0248,0.0281,true
NZ First,2021-04-04,0.0228,0.0179,0.0206,0.0227,0.025,0.0283,true
NZ First,2021-04-11,0.0229,0.0177,0.0206,0.0228,0.0252,0.0285,true
NZ First,2021-04-18,0.0227,0.0177,0.0204,0.0225,0.0248,0.0287,true
NZ First,2021-04-25,0.0225,0.0174,0.0203,0.0223,0.0245,0.028,true
NZ First,2021-05-02,0.0223,0.0175,0.0201,0.0221,0.0243,0.0277,true
NZ First,2021-05-09,0.0221,0.0175,0.0199,0.0218,0.0241,0.0276,true
NZ First,2021-05-16,0.0227,0.0181,0.0206,0.0225,0.0246,0.0284,true
NZ First,2021-05-23,0.0232,0.0185,0.021,0.0229,0.0252,0.029,true
NZ First,2021-05-30,0.0238,0.0188,0.0213,0.0233,0.026,0.0298,true
NZ First,2021-06-06,0.0243,0.0192,0.0218,0.0238,0.0264,0.0303,true
NZ First,2021-06-13,0.0249,0.0196,0.0225,0.0247,0.0272,0.0312,true
NZ First,2021-06-20,0.0254,0.02,0.023,0.0251,0.0277,0.0313,true
NZ First,2021-06-27,0.0258,0.0202,0.0233,0.0256,0.028,0.0319,true
NZ First,2021-07-04,0.0262,0.0205,0.0237,0.026,0.0285,0.0325,true
NZ First,2021-07-11,0.0266,0.0209,0.0243,0.0264,0.029,0.033,true
NZ First,2021-07-18,0.0274,0.0217,0.0247,0.0273,0.0298,0.0341,true
NZ First,2021-07-25,0.028,0.0226,0.0255,0.0278,0.0301,0.0342,true
NZ First,2021-08-01,0.0276,0.022,0.0252,0.0271,0.0298,0.0338,true
NZ First,2021-08-08,0.0273,0.0217,0.0251,0.027,0.0294,0.0335,true
NZ First,2021-08-15,0.0271,0.0218,0.0248,0.0267,0.0292,0.0336,true
NZ First,2021-08-22,0.0268,0.0216,0.0241,0.0264,0.0291,0.0331,true
NZ First,2021-08-29,0.0265,0.0213,0.024,0.0262,0.0289,0.0329,true
NZ First,2021-09-05,0.0262,0.0212,0.0235,0.0258,0.0286,0.0324,true
NZ First,2021-09-12,0.0259,0.0212,0.0234,0.0254,0.0282,0.0318,true
NZ First,2021-09-19,0.0267,0.0221,0.0242,0.0262,0.0287,0.0325,true
NZ First,2021-09-26,0.0268,0.0219,0.0245,0.0265,0.029,0.0327,true
NZ First,2021-10-03,0.0272,0.0223,0.0248,0.0267,0.0293,0.0334,true
NZ First,2021-10-10,0.0272,0.0222,0.0248,0.0268,0.0294,0.0331,true
NZ First,2021-10-17,0.0274,0.0227,0.0251,0.027,0.0293,0.0331,true
NZ First,2021-10-24,0.0277,0.0224,0.0254,0.0274,0.0298,0.0336,true
NZ First,2021-10-31,0.0279,0.0229,0.0255,0.0276,0.0299,0.0338,true
NZ First,2021-11-07,0.0282,0.0232,0.0255,0.0279,0.0302,0.034,true
NZ First,2021-11-14,0.0277,0.0225,0.0252,0.0275,0.0298,0.0335,true
NZ First,2021-11-21,0.0274,0.0221,0.0248,0.0271,0.0295,0.034,true
NZ First,2021-11-28,0.0269,0.0218,0.0244,0.0266,0.029,0.0327,true
NZ First,2021-12-05,0.0265,0.0213,0.0241,0.0261,0.0285,0.0324,true
NZ First,2021-12-12,0.0262,0.0209,0.0238,0.0259,0.0284,0.0322,true
NZ First,2021-12-19,0.026,0.0206,0.0236,0.0257,0.0282,0.0324,true
NZ First,2021-12-26,0.0258,0.0205,0.0233,0.0256,0.0278,0.0319,true
NZ First,2022-01-02,0.0256,0.0206,0.0232,0.0254,0.0278,0.0315,true
NZ First,2022-01-09,0.0254,0.0204,0.0231,0.0253,0.0275,0.0311,true
NZ First,2022-01-16,0.0255,0.0207,0.0231,0.0252,0.0277,0.0309,true
NZ First,2022-01-23,0.0249,0.0203,0.0228,0.0248,0.027,0.0302,true
NZ First,2022-01-30,0.0249,0.0202,0.0229,0.0249,0.0268,0.0301,true
NZ First,2022-02-06,0.0255,0.0207,0.0232,0.0254,0.0274,0.0308,true
NZ First,2022-02-13,0.026,0.0209,0.0238,0.0259,0.0281,0.0311,true
NZ First,2022-02-20,0.0263,0.0213,0.0241,0.0263,0.0284,0.0316,true
NZ First,2022-02-27,0.0267,0.0215,0.0246,0.0264,0.0288,0.0322,true
NZ First,2022-03-06,0.0271,0.022,0.0249,0.027,0.0291,0.0325,true
NZ First,2022-03-13,0.0274,0.0226,0.0252,0.0272,0.0295,0.0328,true
NZ First,2022-03-20,0.0271,0.022,0.0249,0.027,0.0291,0.0322,true
NZ First,2022-03-27,0.0269,0.022,0.0247,0.0266,0.029,0.032,true
NZ First,2022-04-03,0.0267,0.022,0.0247,0.0265,0.0286,0.0319,true
NZ First,2022-04-10,0.0265,0.022,0.0245,0.0264,0.0283,0.0317,true
NZ First,2022-04-17,0.0265,0.0218,0.0245,0.0263,0.0281,0.0316,true
NZ First,2022-04-24,0.0267,0.0219,0.0248,0.0267,0.0284,0.0318,true
NZ First,2022-05-01,0.0271,0.0225,0.0252,0.0271,0.0289,0.032,true
NZ First,2022-05-08,0.0271,0.0224,0.0252,0.027,0.0291,0.032,true
NZ First,2022-05-15,0.0269,0.0221,0.0248,0.0268,0.0287,0.0319,true
NZ First,2022-05-22,0.0266,0.022,0.0246,0.0265,0.0285,0.0313,true
NZ First,2022-05-29,0.0265,0.0222,0.0245,0.0263,0.0284,0.0315,true
NZ First,2022-06-05,0.0264,0.022,0.0244,0.0262,0.0282,0.0313,true
NZ First,2022-06-12,0.0259,0.0215,0.0238,0.0256,0.0279,0.0307,true
NZ First,2022-06-19,0.0259,0.0215,0.0237,0.0256,0.0277,0.031,true
NZ First,2022-06-26,0.0258,0.0212,0.0238,0.0258,0.0276,0.0309,true
NZ First,2022-07-03,0.0258,0.0212,0.0238,0.0256,0.0274,0.0308,true
NZ First,2022-07-10,0.0256,0.021,0.0236,0.0254,0.0273,0.0307,true
NZ First,2022-07-17,0.0257,0.0211,0.0237,0.0256,0.0274,0.031,true
NZ First,2022-07-24,0.0259,0.0213,0.0239,0.0258,0.0276,0.0308,true
NZ First,2022-07-31,0.026,0.0218,0.0242,0.0259,0.0277,0.0307,true
NZ First,2022-08-07,0.0259,0.0217,0.024,0.0258,0.0277,0.0306,true
NZ First,2022-08-14,0.0265,0.0219,0.0245,0.0263,0.0282,0.0318,true
NZ First,2022-08-21,0.0271,0.0223,0.025,0.027,0.029,0.0323,true
NZ First,2022-08-28,0.0278,0.023,0.0255,0.0277,0.0297,0.0329,true
NZ First,2022-09-04,0.0285,0.0237,0.0262,0.0284,0.0306,0.0338,true
NZ First,2022-09-11,0.0292,0.0241,0.0271,0.0291,0.0312,0.0348,true
NZ First,2022-09-18,0.0304,0.0253,0.0282,0.0304,0.0322,0.0358,true
NZ First,2022-09-25,0.0319,0.0263,0.0295,0.0317,0.0341,0.038,true
NZ First,2022-10-02,0.0334,0.0277,0.0309,0.0331,0.0356,0.0397,true
NZ First,2022-10-09,0.0356,0.0302,0.0333,0.0353,0.0378,0.0415,true
NZ First,2022-10-16,0.037,0.0317,0.0348,0.0367,0.0392,0.0429,true
NZ First,2022-10-23,0.0371,0.0317,0.0349,0.0368,0.0392,0.0432,true
NZ First,2022-10-30,0.0371,0.0319,0.0347,0.0369,0.0391,0.0433,true
NZ First,2022-11-06,0.0374,0.0319,0.0349,0.0372,0.0397,0.0432,true
NZ First,2022-11-13,0.0375,0.0317,0.035,0.0373,0.0398,0.0436,true
NZ First,2022-11-20,0.0374,0.0315,0.035,0.0374,0.0396,0.043,true
NZ First,2022-11-27,0.0372,0.0315,0.035,0.037,0.0395,0.0431,true
NZ First,2022-12-04,0.0373,0.0317,0.0349,0.0372,0.0395,0.0435,true
NZ First,2022-12-11,0.0373,0.0321,0.0349,0.0371,0.0395,0.0432,true
NZ First,2022-12-18,0.0369,0.0314,0.0344,0.0367,0.0389,0.0426,true
NZ First,2022-12-25,0.0364,0.031,0.0339,0.0363,0.0386,0.0426,true
NZ First,2023-01-01,0.036,0.0305,0.0335,0.0358,0.0381,0.0416,true
NZ First,2023-01-08,0.0354,0.0305,0.0332,0.0352,0.0376,0.0409,true
NZ First,2023-01-15,0.0347,0.03,0.0326,0.0347,0.0366,0.04,true
NZ First,2023-01-22,0.0332,0.0285,0.0314,0.0332,0.035,0.0377,true
NZ First,2023-01-29,0.0329,0.028,0.0308,0.0328,0.035,0.0376,true
NZ First,2023-02-05,0.0327,0.0278,0.0304,0.0326,0.0348,0.0375,true
NZ First,2023-02-12,0.0325,0.0273,0.0303,0.0325,0.0347,0.0379,true
NZ First,2023-02-19,0.0327,0.0275,0.0304,0.0326,0.0348,0.0379,true
NZ First,2023-02-26,0.0327,0.0277,0.0303,0.0328,0.0348,0.038,true
NZ First,2023-03-05,0.0328,0.0281,0.0306,0.0327,0.0346,0.0378,true
NZ First,2023-03-12,0.0328,0.0279,0.0307,0.0327,0.0349,0.0381,true
NZ First,2023-03-19,0.033,0.0281,0.0308,0.0329,0.0352,0.0383,true
NZ First,2023-03-26,0.0334,0.0284,0.0313,0.0332,0.0354,0.0392,true
NZ First,2023-04-02,0.0337,0.0284,0.0317,0.0336,0.0357,0.0391,true
NZ First,2023-04-09,0.0343,0.0294,0.0321,0.0341,0.0364,0.0396,true
NZ First,2023-04-16,0.0341,0.0291,0.032,0.0339,0.0362,0.0399,true
NZ First,2023-04-23,0.034,0.0289,0.0317,0.034,0.036,0.0393,true
NZ First,2023-04-30,0.0338,0.029,0.0316,0.0337,0.0358,0.0396,true
NZ First,2023-05-07,0.0337,0.0292,0.0314,0.0335,0.0358,0.0392,true
NZ First,2023-05-14,0.0335,0.0285,0.0311,0.0334,0.0356,0.0387,true
NZ First,2023-05-21,0.0333,0.0283,0.031,0.0332,0.0355,0.0384,true
NZ First,2023-05-28,0.0333,0.0281,0.031,0.0332,0.0354,0.0384,true
NZ First,2023-06-04,0.034,0.0283,0.0317,0.034,0.0362,0.0396,true
NZ First,2023-06-11,0.0347,0.0291,0.0323,0.0345,0.037,0.0406,true
NZ First,2023-06-18,0.036,0.0304,0.0337,0.0359,0.0383,0.0418,true
NZ First,2023-06-25,0.0375,0.0314,0.035,0.0374,0.0397,0.0433,true
NZ First,2023-07-02,0.0387,0.0331,0.0362,0.0385,0.0411,0.0444,true
NZ First,2023-07-09,0.04,0.0341,0.0377,0.0399,0.0423,0.0462,true
NZ First,2023-07-16,0.0417,0.0355,0.0391,0.0415,0.0443,0.0485,true
NZ First,2023-07-23,0.0436,0.0372,0.041,0.0434,0.0461,0.0505,true
NZ First,2023-07-30,0.0456,0.0395,0.043,0.0454,0.0483,0.0518,true
NZ First,2023-08-06,0.0468,0.0403,0.0442,0.0467,0.0493,0.0538,true
NZ First,2023-08-13,0.0479,0.0415,0.0453,0.0478,0.0506,0.0552,true
NZ First,2023-08-20,0.0496,0.0428,0.0466,0.0495,0.0522,0.0574,true
NZ First,2023-08-27,0.0519,0.0448,0.0488,0.0517,0.0549,0.0595,true
NZ First,2023-09-03,0.0539,0.0464,0.0507,0.0536,0.057,0.0613,true
NZ First,2023-09-10,0.0563,0.0483,0.053,0.0563,0.0599,0.0643,true
NZ First,2023-09-17,0.0608,0.0533,0.0576,0.0606,0.0639,0.0687,true
NZ First,2023-09-24,0.0625,0.0552,0.0595,0.0625,0.0654,0.0708,true
NZ First,2023-10-01,0.0643,0.0584,0.0615,0.064,0.0668,0.0714,true
NZ First,2023-10-08,0.0609,0.0609,0.0609,0.0609,0.0609,0.0609,true
NZ First,2023-10-15,0.0618,0.0576,0.06,0.0616,0.0634,0.0667,true
NZ First,2023-10-22,0.063,0.0571,0.0605,0.0628,0.0655,0.0694,true
NZ First,2023-10-29,0.0641,0.0566,0.0609,0.0639,0.067,0.072,true
NZ First,2023-11-05,0.0651,0.0563,0.0617,0.0649,0.0688,0.0748,true
NZ First,2023-11-12,0.0663,0.0574,0.0624,0.066,0.0701,0.076,true
NZ First,2023-11-19,0.0662,0.0565,0.0618,0.0659,0.0702,0.0764,true
NZ First,2023-11-26,0.0659,0.0559,0.0618,0.0657,0.0701,0.0764,true
NZ First,2023-12-03,0.0655,0.0554,0.0611,0.0655,0.0697,0.0758,true
NZ First,2023-12-10,0.065,0.0543,0.0602,0.0649,0.0695,0.076,true
NZ First,2023-12-17,0.0644,0.0531,0.0595,0.0642,0.0688,0.0761,true
NZ First,2023-12-24,0.0637,0.0524,0.059,0.0635,0.0683,0.0751,true
NZ First,2023-12-31,0.0631,0.0523,0.0581,0.0634,0.0671,0.0746,true
NZ First,2024-01-07,0.0627,0.0525,0.0581,0.0626,0.067,0.0738,true
NZ First,2024-01-14,0.0628,0.0525,0.0582,0.0627,0.0671,0.0742,true
NZ First,2024-01-21,0.0627,0.0525,0.058,0.0626,0.0672,0.0739,true
NZ First,2024-01-28,0.0627,0.0524,0.0581,0.0627,0.067,0.0731,true
NZ First,2024-02-04,0.0627,0.0525,0.0581,0.0627,0.0668,0.0732,true
NZ First,2024-02-11,0.0642,0.0544,0.0595,0.0643,0.0686,0.0751,true
NZ First,2024-02-18,0.064,0.0541,0.0591,0.064,0.0683,0.0747,true
NZ First,2024-02-25,0.0638,0.0535,0.059,0.0637,0.0683,0.0743,true
NZ First,2024-03-03,0.0637,0.0539,0.0593,0.0635,0.0681,0.0741,true
NZ First,2024-03-10,0.0633,0.0532,0.0584,0.063,0.0678,0.0745,true
NZ First,2024-03-17,0.0625,0.0519,0.058,0.0625,0.0671,0.0733,true
NZ First,2024-03-24,0.0619,0.0517,0.0572,0.0617,0.0663,0.0733,true
NZ First,2024-03-31,0.0609,0.0513,0.0566,0.0605,0.0654,0.0715,true
NZ First,2024-04-07,0.0597,0.0498,0.0553,0.0594,0.0637,0.0697,true
NZ First,2024-04-14,0.0588,0.049,0.0544,0.0588,0.0626,0.0697,true
NZ First,2024-04-21,0.058,0.0484,0.0541,0.0581,0.0619,0.0685,true
NZ First,2024-04-28,0.058,0.0485,0.0538,0.0578,0.0618,0.069,true
NZ First,2024-05-05,0.058,0.0492,0.0538,0.0578,0.0622,0.0678,true
NZ First,2024-05-12,0.0587,0.0492,0.0545,0.0585,0.0625,0.0691,true
NZ First,2024-05-19,0.0594,0.0498,0.0549,0.0592,0.0634,0.0695,true
NZ First,2024-05-26,0.06,0.0504,0.0555,0.0598,0.0641,0.0701,true
NZ First,2024-06-02,0.0607,0.0512,0.0566,0.0605,0.0645,0.0706,true
NZ First,2024-06-09,0.0615,0.0516,0.0574,0.0615,0.0657,0.0714,true
NZ First,2024-06-16,0.063,0.0525,0.0587,0.0629,0.0676,0.0733,true
NZ First,2024-06-23,0.0645,0.0541,0.0597,0.0643,0.0687,0.0759,true
NZ First,2024-06-30,0.0658,0.0552,0.0608,0.0657,0.0699,0.0784,true
NZ First,2024-07-07,0.0662,0.0551,0.0614,0.0661,0.0706,0.0778,true
NZ First,2024-07-14,0.0663,0.0557,0.0617,0.0661,0.0708,0.0781,true
NZ First,2024-07-21,0.0664,0.056,0.0617,0.066,0.071,0.0784,true
NZ First,2024-07-28,0.0663,0.0561,0.0613,0.0662,0.0707,0.078,true
NZ First,2024-08-04,0.0665,0.0564,0.0618,0.0661,0.0709,0.0782,true
NZ First,2024-08-11,0.0667,0.0567,0.0623,0.0665,0.0707,0.0772,true
NZ First,2024-08-18,0.0666,0.0564,0.062,0.0664,0.0709,0.0774,true
NZ First,2024-08-25,0.0668,0.0559,0.0621,0.0665,0.0712,0.0776,true
NZ First,2024-09-01,0.0668,0.0566,0.0625,0.0668,0.0709,0.0777,true
NZ First,2024-09-08,0.0681,0.0575,0.0639,0.0681,0.0727,0.0786,true
NZ First,2024-09-15,0.0677,0.057,0.0632,0.0674,0.0728,0.0781,true
NZ First,2024-09-22,0.0673,0.057,0.0625,0.067,0.0718,0.0786,true
NZ First,2024-09-29,0.0669,0.0573,0.0625,0.0664,0.0713,0.0777,true
NZ First,2024-10-06,0.066,0.0567,0.0617,0.0657,0.0703,0.076,true
NZ First,2024-10-13,0.0659,0.0559,0.0615,0.0655,0.0701,0.077,true
NZ First,2024-10-20,0.0655,0.0552,0.0612,0.0653,0.0697,0.0762,true
NZ First,2024-10-27,0.0653,0.0554,0.0609,0.0651,0.0694,0.0754,true
NZ First,2024-11-03,0.0651,0.0552,0.0614,0.0648,0.0692,0.0748,true
NZ First,2024-11-10,0.0649,0.0546,0.0608,0.0646,0.0689,0.0753,true
NZ First,2024-11-17,0.0652,0.0549,0.0608,0.065,0.0693,0.0764,true
NZ First,2024-11-24,0.0656,0.0562,0.0617,0.0654,0.0693,0.0767,true
NZ First,2024-12-01,0.0661,0.0566,0.062,0.0658,0.0696,0.0774,true
NZ First,2024-12-08,0.0664,0.0566,0.062,0.0662,0.07,0.0781,true
NZ First,2024-12-15,0.0666,0.0569,0.062,0.066,0.0706,0.0773,true
NZ First,2024-12-22,0.0669,0.0567,0.0623,0.0663,0.071,0.0786,true
NZ First,2024-12-29,0.067,0.0563,0.0626,0.0665,0.0712,0.0784,true
NZ First,2025-01-05,0.0673,0.0572,0.0626,0.0671,0.0712,0.0778,true
NZ First,2025-01-12,0.0665,0.057,0.0622,0.0662,0.0702,0.0775,true
NZ First,2025-01-19,0.066,0.0564,0.0616,0.0656,0.0699,0.0766,true
NZ First,2025-01-26,0.0654,0.0557,0.061,0.0652,0.0694,0.0755,true
NZ First,2025-02-02,0.0651,0.0556,0.0607,0.0647,0.0694,0.0752,true
NZ First,2025-02-09,0.0655,0.0558,0.0613,0.0653,0.0694,0.0758,true
NZ First,2025-02-16,0.0658,0.0561,0.0614,0.0656,0.0697,0.0764,true
NZ First,2025-02-23,0.0662,0.0567,0.0616,0.0657,0.0703,0.0767,true
NZ First,2025-03-02,0.0667,0.0568,0.0625,0.0663,0.0709,0.0771,true
NZ First,2025-03-09,0.069,0.0588,0.0647,0.0686,0.0731,0.0804,true
NZ First,2025-03-16,0.0708,0.0605,0.066,0.0703,0.0753,0.0811,true
NZ First,2025-03-23,0.0726,0.062,0.068,0.0723,0.0775,0.0834,true
NZ First,2025-03-30,0.0744,0.0636,0.0697,0.0742,0.079,0.0854,true
NZ First,2025-04-06,0.0758,0.065,0.0711,0.0755,0.0805,0.0877,true
NZ First,2025-04-13,0.0759,0.0642,0.0713,0.0756,0.0808,0.0876,true
NZ First,2025-04-20,0.0761,0.0641,0.0711,0.0759,0.0808,0.088,true
NZ First,2025-04-27,0.0762,0.0644,0.0714,0.0759,0.0812,0.0886,true
NZ First,2025-05-04,0.0766,0.0649,0.0717,0.0763,0.0811,0.0891,true
NZ First,2025-05-11,0.0771,0.0659,0.0725,0.0767,0.082,0.0892,true
NZ First,2025-05-18,0.0789,0.0674,0.0741,0.0788,0.0835,0.0908,true
NZ First,2025-05-25,0.0805,0.069,0.0755,0.0805,0.0849,0.0927,true
NZ First,2025-06-01,0.08,0.0683,0.0753,0.0798,0.0845,0.0924,true
NZ First,2025-06-08,0.0791,0.0676,0.0742,0.0789,0.0834,0.0908,true
NZ First,2025-06-15,0.0798,0.0682,0.0744,0.0793,0.0853,0.0924,true
NZ First,2025-06-22,0.081,0.0692,0.0754,0.0806,0.0862,0.0951,true
NZ First,2025-06-29,0.082,0.0699,0.0769,0.0818,0.0868,0.0954,true
NZ First,2025-07-06,0.0829,0.0708,0.0776,0.0826,0.0882,0.0956,true
NZ First,2025-07-13,0.084,0.0721,0.0787,0.0835,0.0888,0.0971,true
NZ First,2025-07-20,0.0847,0.0725,0.0793,0.0841,0.0898,0.099,true
NZ First,2025-07-27,0.0856,0.0733,0.0799,0.0851,0.0907,0.0999,true
NZ First,2025-08-03,0.0864,0.0746,0.0813,0.0859,0.0916,0.0998,true
NZ First,2025-08-10,0.0853,0.0726,0.0798,0.0847,0.0905,0.0986,true
NZ First,2025-08-17,0.0866,0.0734,0.0812,0.0863,0.0918,0.1015,true
NZ First,2025-08-24,0.0881,0.0749,0.0826,0.0878,0.0933,0.1026,true
NZ First,2025-08-31,0.0893,0.0762,0.084,0.0891,0.0945,0.1031,true
NZ First,2025-09-07,0.0904,0.0777,0.085,0.0906,0.0954,0.1041,true
NZ First,2025-09-14,0.093,0.0792,0.0876,0.0926,0.0984,0.1082,true
NZ First,2025-09-21,0.0952,0.0804,0.0894,0.0947,0.1007,0.1111,true
NZ First,2025-09-28,0.0978,0.0843,0.092,0.0974,0.1031,0.1124,true
NZ First,2025-10-05,0.0987,0.0863,0.0931,0.0983,0.104,0.1122,true
NZ First,2025-10-12,0.0953,0.0826,0.0891,0.0947,0.1007,0.1096,true
NZ First,2025-10-19,0.094,0.0813,0.0879,0.0935,0.0995,0.1079,true
NZ First,2025-10-26,0.0922,0.0793,0.0863,0.092,0.0979,0.1063,true
NZ First,2025-11-02,0.0904,0.0778,0.0851,0.0903,0.0955,0.104,true
NZ First,2025-11-09,0.0914,0.0795,0.0856,0.0907,0.097,0.105,true
NZ First,2025-11-16,0.0916,0.0787,0.0862,0.0914,0.0969,0.1055,true
NZ First,2025-11-23,0.0916,0.0792,0.0859,0.0915,0.0968,0.1058,true
NZ First,2025-11-30,0.0916,0.0789,0.086,0.0915,0.0968,0.1055,true
NZ First,2025-12-07,0.0918,0.079,0.0862,0.0915,0.097,0.1053,true
NZ First,2025-12-14,0.0929,0.0793,0.0872,0.0926,0.0986,0.1074,true
NZ First,2025-12-21,0.0939,0.08,0.0879,0.0936,0.0998,0.1091,true
NZ First,2025-12-28,0.0949,0.0802,0.0887,0.0946,0.1009,0.1111,true
NZ First,2026-01-04,0.0961,0.0815,0.0896,0.096,0.1023,0.1109,true
NZ First,2026-01-11,0.0973,0.0827,0.091,0.0974,0.1033,0.1129,true
NZ First,2026-01-18,0.0983,0.0842,0.0926,0.098,0.1043,0.1135,true
NZ First,2026-01-25,0.1002,0.0863,0.094,0.1003,0.106,0.115,true
NZ First,2026-02-01,0.1022,0.088,0.0958,0.1016,0.1085,0.1168,true
NZ First,2026-02-08,0.1038,0.0885,0.0978,0.1036,0.1103,0.1182,true
NZ First,2026-02-15,0.1048,0.0889,0.0986,0.1042,0.1112,0.1209,true
NZ First,2026-02-22,0.106,0.0894,0.1,0.1058,0.1127,0.1213,true
NZ First,2026-03-01,0.1071,0.0917,0.101,0.1072,0.113,0.1229,true
NZ First,2026-03-08,0.1088,0.093,0.1024,0.109,0.1152,0.1253,true
NZ First,2026-03-15,0.1112,0.0949,0.1046,0.1112,0.1177,0.1273,true
NZ First,2026-03-22,0.1145,0.0977,0.1073,0.1141,0.1213,0.1339,true
NZ First,2026-03-29,0.1179,0.1001,0.1105,0.1177,0.1249,0.1373,true
NZ First,2026-04-05,0.1191,0.1,0.1115,0.1192,0.1265,0.1384,true
NZ First,2026-04-12,0.1201,0.1025,0.1127,0.1198,0.1267,0.1376,true
NZ First,2026-04-19,0.1203,0.102,0.1131,0.12,0.1275,0.1409,true
NZ First,2026-04-26,0.1207,0.1032,0.1129,0.1205,0.1281,0.1406,true
NZ First,2026-05-03,0.1207,0.1027,0.1139,0.1207,0.1274,0.1398,true
NZ First,2026-05-10,0.1195,0.1012,0.1127,0.12,0.1266,0.137,true
NZ First,2026-05-17,0.1185,0.1009,0.1117,0.1186,0.1254,0.1363,true
NZ First,2026-05-24,0.1174,0.099,0.1099,0.1176,0.125,0.1355,true
NZ First,2026-05-31,0.1164,0.0998,0.1092,0.1164,0.1235,0.1338,true
NZ First,2026-06-07,0.1149,0.0976,0.1076,0.1144,0.122,0.1321,true
NZ First,2026-06-14,0.1138,0.0963,0.107,0.1134,0.1206,0.1316,true
NZ First,2026-06-21,0.112,0.0948,0.105,0.1116,0.1186,0.1304,true
NZ First,2026-06-28,0.1103,0.0929,0.1037,0.1098,0.117,0.128,true
NZ First,2026-07-05,0.1086,0.0913,0.1021,0.1079,0.1147,0.127,true
NZ First,2026-07-12,0.1071,0.0905,0.1001,0.1069,0.1134,0.1243,true
NZ First,2026-07-19,0.1065,0.0888,0.0999,0.1061,0.1135,0.1235,true
NZ First,2026-07-26,0.1059,0.089,0.0988,0.1055,0.1127,0.1239,true
NZ First,2026-08-02,0.1054,0.0899,0.0987,0.1051,0.1122,0.1211,true
NZ First,2026-08-09,0.1045,0.0882,0.0979,0.1044,0.111,0.121,true
NZ First,2026-08-16,0.1067,0.089,0.0995,0.1066,0.1136,0.124,true
NZ First,2026-08-23,0.1083,0.0896,0.1005,0.1075,0.1162,0.1276,true
NZ First,2026-08-30,0.1099,0.0918,0.1023,0.1094,0.1183,0.1292,true
NZ First,2026-09-06,0.113,0.0944,0.1047,0.1121,0.1214,0.133,true
NZ First,2026-09-13,0.1132,0.0895,0.1017,0.1112,0.1235,0.1418,false
NZ First,2026-09-20,0.1128,0.0859,0.1009,0.1113,0.1229,0.143,false
NZ First,2026-09-27,0.113,0.0839,0.0991,0.1115,0.126,0.1465,false
NZ First,2026-10-04,0.1129,0.0805,0.0973,0.1108,0.1259,0.1513,false
NZ First,2026-10-11,0.1127,0.0767,0.0963,0.1106,0.128,0.1518,false
NZ First,2026-10-18,0.1128,0.0739,0.0964,0.1104,0.1277,0.1594,false
NZ First,2026-10-25,0.113,0.073,0.0947,0.111,0.1288,0.1602,false
NZ First,2026-11-01,0.1133,0.0709,0.0924,0.1109,0.1311,0.1665,false
Te Pāti Māori,2011-11-20,0.0143,0.0143,0.0143,0.0143,0.0143,0.0143,true
Te Pāti Māori,2011-11-27,0.0143,0.0131,0.0138,0.0143,0.0147,0.0155,true
Te Pāti Māori,2011-12-04,0.0143,0.0124,0.0135,0.0142,0.0149,0.0163,true
Te Pāti Māori,2011-12-11,0.0143,0.0122,0.0134,0.0142,0.015,0.0164,true
Te Pāti Māori,2011-12-18,0.0142,0.012,0.0132,0.0141,0.0151,0.0168,true
Te Pāti Māori,2011-12-25,0.0141,0.0117,0.013,0.014,0.0151,0.0168,true
Te Pāti Māori,2012-01-01,0.0141,0.0116,0.0129,0.014,0.0151,0.0168,true
Te Pāti Māori,2012-01-08,0.014,0.0115,0.0128,0.014,0.0151,0.0168,true
Te Pāti Māori,2012-01-15,0.0141,0.0115,0.0129,0.014,0.0151,0.0171,true
Te Pāti Māori,2012-01-22,0.0141,0.0114,0.0128,0.0141,0.0151,0.0171,true
Te Pāti Māori,2012-01-29,0.014,0.0113,0.0129,0.014,0.015,0.0169,true
Te Pāti Māori,2012-02-05,0.0139,0.0112,0.0127,0.0139,0.0149,0.0167,true
Te Pāti Māori,2012-02-12,0.0138,0.011,0.0127,0.0138,0.0148,0.0168,true
Te Pāti Māori,2012-02-19,0.0137,0.0109,0.0126,0.0136,0.0147,0.0166,true
Te Pāti Māori,2012-02-26,0.0137,0.0109,0.0124,0.0137,0.0147,0.0171,true
Te Pāti Māori,2012-03-04,0.0137,0.0107,0.0124,0.0136,0.0148,0.017,true
Te Pāti Māori,2012-03-11,0.0137,0.0107,0.0123,0.0137,0.0148,0.0169,true
Te Pāti Māori,2012-03-18,0.0137,0.0108,0.0124,0.0137,0.0149,0.017,true
Te Pāti Māori,2012-03-25,0.0139,0.0108,0.0125,0.0137,0.0151,0.0172,true
Te Pāti Māori,2012-04-01,0.014,0.011,0.0127,0.0139,0.0152,0.0175,true
Te Pāti Māori,2012-04-08,0.0143,0.0112,0.0129,0.0142,0.0155,0.0176,true
Te Pāti Māori,2012-04-15,0.0145,0.0114,0.0131,0.0143,0.0158,0.0182,true
Te Pāti Māori,2012-04-22,0.0147,0.0116,0.0133,0.0145,0.0159,0.0183,true
Te Pāti Māori,2012-04-29,0.0148,0.0115,0.0135,0.0147,0.016,0.0186,true
Te Pāti Māori,2012-05-06,0.0148,0.0114,0.0134,0.0147,0.016,0.0186,true
Te Pāti Māori,2012-05-13,0.015,0.0115,0.0136,0.0148,0.0163,0.0186,true
Te Pāti Māori,2012-05-20,0.0152,0.0117,0.0138,0.0151,0.0165,0.0189,true
Te Pāti Māori,2012-05-27,0.0153,0.012,0.0139,0.0152,0.0168,0.0188,true
Te Pāti Māori,2012-06-03,0.0155,0.0123,0.0142,0.0154,0.0169,0.019,true
Te Pāti Māori,2012-06-10,0.0157,0.0125,0.0143,0.0156,0.017,0.0193,true
Te Pāti Māori,2012-06-17,0.016,0.0128,0.0146,0.0158,0.0174,0.0196,true
Te Pāti Māori,2012-06-24,0.0163,0.0129,0.0148,0.0162,0.0176,0.02,true
Te Pāti Māori,2012-07-01,0.0166,0.0132,0.015,0.0166,0.0178,0.0205,true
Te Pāti Māori,2012-07-08,0.0171,0.0137,0.0155,0.017,0.0185,0.0209,true
Te Pāti Māori,2012-07-15,0.0177,0.014,0.0161,0.0176,0.019,0.0217,true
Te Pāti Māori,2012-07-22,0.0181,0.0143,0.0165,0.0178,0.0196,0.0224,true
Te Pāti Māori,2012-07-29,0.0185,0.0145,0.0168,0.0184,0.0201,0.0229,true
Te Pāti Māori,2012-08-05,0.0188,0.0146,0.0171,0.0187,0.0203,0.0236,true
Te Pāti Māori,2012-08-12,0.0191,0.0148,0.0172,0.0189,0.0206,0.0238,true
Te Pāti Māori,2012-08-19,0.0194,0.0154,0.0175,0.0192,0.0208,0.0239,true
Te Pāti Māori,2012-08-26,0.0196,0.0158,0.0177,0.0193,0.0212,0.0242,true
Te Pāti Māori,2012-09-02,0.0198,0.0159,0.018,0.0196,0.0212,0.0244,true
Te Pāti Māori,2012-09-09,0.02,0.0159,0.0181,0.0198,0.0216,0.0246,true
Te Pāti Māori,2012-09-16,0.0201,0.016,0.0182,0.02,0.0216,0.0248,true
Te Pāti Māori,2012-09-23,0.0198,0.0159,0.0179,0.0196,0.0214,0.0244,true
Te Pāti Māori,2012-09-30,0.0194,0.0156,0.0177,0.0192,0.0212,0.0239,true
Te Pāti Māori,2012-10-07,0.0194,0.0154,0.0176,0.0192,0.021,0.024,true
Te Pāti Māori,2012-10-14,0.0193,0.0155,0.0176,0.0191,0.0208,0.0238,true
Te Pāti Māori,2012-10-21,0.0188,0.0151,0.0171,0.0186,0.0203,0.023,true
Te Pāti Māori,2012-10-28,0.0184,0.0147,0.0167,0.0182,0.02,0.0226,true
Te Pāti Māori,2012-11-04,0.0177,0.0141,0.016,0.0175,0.0192,0.0216,true
Te Pāti Māori,2012-11-11,0.017,0.0137,0.0155,0.0168,0.0185,0.0212,true
Te Pāti Māori,2012-11-18,0.0163,0.013,0.0148,0.0162,0.0176,0.0203,true
Te Pāti Māori,2012-11-25,0.0159,0.0125,0.0144,0.0158,0.0173,0.0201,true
Te Pāti Māori,2012-12-02,0.0158,0.0127,0.0142,0.0156,0.0171,0.0196,true
Te Pāti Māori,2012-12-09,0.0157,0.0124,0.0142,0.0156,0.017,0.0193,true
Te Pāti Māori,2012-12-16,0.0156,0.0122,0.0141,0.0155,0.0169,0.0193,true
Te Pāti Māori,2012-12-23,0.0156,0.0124,0.0142,0.0154,0.0169,0.0192,true
Te Pāti Māori,2012-12-30,0.0155,0.0124,0.014,0.0154,0.0168,0.0192,true
Te Pāti Māori,2013-01-06,0.0155,0.0122,0.0139,0.0154,0.0168,0.0192,true
Te Pāti Māori,2013-01-13,0.0154,0.0123,0.0139,0.0152,0.0167,0.0189,true
Te Pāti Māori,2013-01-20,0.0152,0.0122,0.0137,0.0151,0.0166,0.0189,true
Te Pāti Māori,2013-01-27,0.0152,0.0121,0.0137,0.015,0.0164,0.0187,true
Te Pāti Māori,2013-02-03,0.015,0.0119,0.0136,0.0149,0.0163,0.0186,true
Te Pāti Māori,2013-02-10,0.0151,0.0123,0.0138,0.015,0.0163,0.0185,true
Te Pāti Māori,2013-02-17,0.0154,0.0124,0.014,0.0153,0.0166,0.0189,true
Te Pāti Māori,2013-02-24,0.0154,0.0123,0.0141,0.0153,0.0166,0.0189,true
Te Pāti Māori,2013-03-03,0.0155,0.0124,0.0142,0.0155,0.0168,0.0188,true
Te Pāti Māori,2013-03-10,0.0156,0.0125,0.0143,0.0155,0.0169,0.0189,true
Te Pāti Māori,2013-03-17,0.0159,0.0128,0.0144,0.0157,0.0172,0.0195,true
Te Pāti Māori,2013-03-24,0.0158,0.0129,0.0143,0.0156,0.017,0.0194,true
Te Pāti Māori,2013-03-31,0.0157,0.0127,0.0143,0.0156,0.017,0.0193,true
Te Pāti Māori,2013-04-07,0.0157,0.0129,0.0143,0.0156,0.0169,0.019,true
Te Pāti Māori,2013-04-14,0.0156,0.0128,0.0144,0.0155,0.0168,0.0187,true
Te Pāti Māori,2013-04-21,0.0158,0.0128,0.0145,0.0157,0.0169,0.0193,true
Te Pāti Māori,2013-04-28,0.0161,0.0131,0.0147,0.016,0.0174,0.0193,true
Te Pāti Māori,2013-05-05,0.0163,0.0132,0.0149,0.0163,0.0174,0.0196,true
Te Pāti Māori,2013-05-12,0.0164,0.0135,0.0149,0.0163,0.0176,0.0197,true
Te Pāti Māori,2013-05-19,0.0165,0.0137,0.0152,0.0164,0.0177,0.0197,true
Te Pāti Māori,2013-05-26,0.0165,0.0132,0.015,0.0164,0.0179,0.0202,true
Te Pāti Māori,2013-06-02,0.0165,0.0134,0.015,0.0163,0.0177,0.0202,true
Te Pāti Māori,2013-06-09,0.0165,0.0134,0.015,0.0163,0.0177,0.02,true
Te Pāti Māori,2013-06-16,0.0164,0.0131,0.015,0.0163,0.0178,0.0199,true
Te Pāti Māori,2013-06-23,0.0162,0.013,0.0147,0.0161,0.0176,0.0197,true
Te Pāti Māori,2013-06-30,0.016,0.013,0.0146,0.0159,0.0173,0.0196,true
Te Pāti Māori,2013-07-07,0.016,0.013,0.0146,0.0159,0.0173,0.0194,true
Te Pāti Māori,2013-07-14,0.0158,0.0128,0.0144,0.0157,0.017,0.0194,true
Te Pāti Māori,2013-07-21,0.0155,0.0126,0.0141,0.0154,0.0167,0.0191,true
Te Pāti Māori,2013-07-28,0.0151,0.0122,0.0138,0.0149,0.0163,0.0186,true
Te Pāti Māori,2013-08-04,0.0148,0.0119,0.0135,0.0147,0.0159,0.0182,true
Te Pāti Māori,2013-08-11,0.0144,0.0117,0.0131,0.0143,0.0155,0.0178,true
Te Pāti Māori,2013-08-18,0.0142,0.0114,0.0129,0.0141,0.0152,0.0172,true
Te Pāti Māori,2013-08-25,0.0139,0.0111,0.0127,0.0138,0.015,0.0168,true
Te Pāti Māori,2013-09-01,0.0135,0.0108,0.0123,0.0134,0.0146,0.0164,true
Te Pāti Māori,2013-09-08,0.0133,0.0105,0.0121,0.0133,0.0145,0.0161,true
Te Pāti Māori,2013-09-15,0.0131,0.0105,0.0119,0.013,0.0142,0.0157,true
Te Pāti Māori,2013-09-22,0.0129,0.0103,0.0119,0.0128,0.0139,0.0157,true
Te Pāti Māori,2013-09-29,0.0128,0.0102,0.0118,0.0128,0.0139,0.0158,true
Te Pāti Māori,2013-10-06,0.0128,0.0102,0.0116,0.0127,0.0138,0.0156,true
Te Pāti Māori,2013-10-13,0.0127,0.0102,0.0116,0.0127,0.0137,0.0155,true
Te Pāti Māori,2013-10-20,0.0127,0.0101,0.0115,0.0126,0.0138,0.0156,true
Te Pāti Māori,2013-10-27,0.0126,0.0098,0.0115,0.0125,0.0137,0.0156,true
Te Pāti Māori,2013-11-03,0.0125,0.0098,0.0113,0.0124,0.0136,0.0155,true
Te Pāti Māori,2013-11-10,0.0125,0.0098,0.0112,0.0124,0.0135,0.0155,true
Te Pāti Māori,2013-11-17,0.0124,0.0095,0.0112,0.0123,0.0136,0.0153,true
Te Pāti Māori,2013-11-24,0.0125,0.0097,0.0113,0.0124,0.0136,0.0155,true
Te Pāti Māori,2013-12-01,0.0126,0.0096,0.0114,0.0124,0.0136,0.0157,true
Te Pāti Māori,2013-12-08,0.0127,0.0099,0.0114,0.0126,0.0138,0.0158,true
Te Pāti Māori,2013-12-15,0.0127,0.0099,0.0115,0.0127,0.014,0.0159,true
Te Pāti Māori,2013-12-22,0.0128,0.0099,0.0115,0.0127,0.0139,0.0162,true
Te Pāti Māori,2013-12-29,0.0128,0.0099,0.0115,0.0127,0.0139,0.016,true
Te Pāti Māori,2014-01-05,0.0128,0.0098,0.0116,0.0128,0.014,0.0159,true
Te Pāti Māori,2014-01-12,0.0128,0.01,0.0116,0.0127,0.014,0.0159,true
Te Pāti Māori,2014-01-19,0.0127,0.0099,0.0115,0.0126,0.0137,0.0157,true
Te Pāti Māori,2014-01-26,0.0125,0.0099,0.0114,0.0125,0.0136,0.0155,true
Te Pāti Māori,2014-02-02,0.0124,0.0099,0.0112,0.0123,0.0135,0.0153,true
Te Pāti Māori,2014-02-09,0.0124,0.0097,0.0112,0.0122,0.0135,0.0152,true
Te Pāti Māori,2014-02-16,0.0124,0.0099,0.0113,0.0124,0.0134,0.0152,true
Te Pāti Māori,2014-02-23,0.0125,0.0098,0.0113,0.0124,0.0136,0.0151,true
Te Pāti Māori,2014-03-02,0.0124,0.0098,0.0113,0.0124,0.0135,0.0151,true
Te Pāti Māori,2014-03-09,0.0124,0.0098,0.0113,0.0123,0.0135,0.0152,true
Te Pāti Māori,2014-03-16,0.0123,0.0097,0.0112,0.0123,0.0134,0.0151,true
Te Pāti Māori,2014-03-23,0.0123,0.0099,0.0112,0.0122,0.0133,0.0151,true
Te Pāti Māori,2014-03-30,0.0123,0.0098,0.0112,0.0122,0.0133,0.0148,true
Te Pāti Māori,2014-04-06,0.0122,0.0098,0.0111,0.0121,0.0132,0.0147,true
Te Pāti Māori,2014-04-13,0.0121,0.0097,0.0111,0.012,0.0131,0.0148,true
Te Pāti Māori,2014-04-20,0.012,0.0096,0.011,0.012,0.013,0.0148,true
Te Pāti Māori,2014-04-27,0.012,0.0096,0.0109,0.0119,0.0129,0.0147,true
Te Pāti Māori,2014-05-04,0.012,0.0097,0.0109,0.0119,0.013,0.0147,true
Te Pāti Māori,2014-05-11,0.0121,0.0098,0.0111,0.012,0.013,0.0149,true
Te Pāti Māori,2014-05-18,0.012,0.0096,0.0109,0.012,0.013,0.0146,true
Te Pāti Māori,2014-05-25,0.0119,0.0097,0.0108,0.0118,0.0129,0.0147,true
Te Pāti Māori,2014-06-01,0.0117,0.0095,0.0108,0.0116,0.0127,0.0144,true
Te Pāti Māori,2014-06-08,0.0115,0.0093,0.0105,0.0114,0.0124,0.014,true
Te Pāti Māori,2014-06-15,0.0114,0.0093,0.0105,0.0113,0.0123,0.0137,true
Te Pāti Māori,2014-06-22,0.0114,0.0092,0.0105,0.0113,0.0122,0.0138,true
Te Pāti Māori,2014-06-29,0.0112,0.009,0.0102,0.011,0.0121,0.0136,true
Te Pāti Māori,2014-07-06,0.011,0.0088,0.01,0.0108,0.0118,0.0134,true
Te Pāti Māori,2014-07-13,0.0109,0.0088,0.0099,0.0107,0.0116,0.0132,true
Te Pāti Māori,2014-07-20,0.0108,0.0088,0.0099,0.0107,0.0117,0.0133,true
Te Pāti Māori,2014-07-27,0.0107,0.0083,0.0096,0.0105,0.0116,0.0134,true
Te Pāti Māori,2014-08-03,0.0105,0.0082,0.0095,0.0103,0.0114,0.0131,true
Te Pāti Māori,2014-08-10,0.0104,0.0081,0.0095,0.0103,0.0113,0.0126,true
Te Pāti Māori,2014-08-17,0.0104,0.0081,0.0095,0.0103,0.0112,0.0127,true
Te Pāti Māori,2014-08-24,0.0109,0.0088,0.01,0.0108,0.0117,0.0131,true
Te Pāti Māori,2014-08-31,0.0109,0.0088,0.01,0.0109,0.0118,0.0131,true
Te Pāti Māori,2014-09-07,0.0118,0.01,0.0111,0.0118,0.0126,0.0134,true
Te Pāti Māori,2014-09-14,0.0132,0.0132,0.0132,0.0132,0.0132,0.0132,true
Te Pāti Māori,2014-09-21,0.0132,0.0121,0.0127,0.0132,0.0136,0.0142,true
Te Pāti Māori,2014-09-28,0.0132,0.0117,0.0125,0.0131,0.0138,0.0148,true
Te Pāti Māori,2014-10-05,0.0131,0.0114,0.0124,0.0131,0.0138,0.015,true
Te Pāti Māori,2014-10-12,0.0132,0.0113,0.0123,0.0132,0.0141,0.0153,true
Te Pāti Māori,2014-10-19,0.0133,0.0111,0.0124,0.0133,0.0142,0.0156,true
Te Pāti Māori,2014-10-26,0.0134,0.0111,0.0124,0.0133,0.0143,0.0157,true
Te Pāti Māori,2014-11-02,0.0134,0.011,0.0124,0.0132,0.0143,0.0159,true
Te Pāti Māori,2014-11-09,0.0134,0.011,0.0122,0.0133,0.0144,0.0161,true
Te Pāti Māori,2014-11-16,0.0135,0.0111,0.0124,0.0134,0.0145,0.0162,true
Te Pāti Māori,2014-11-23,0.0136,0.0112,0.0125,0.0135,0.0147,0.0163,true
Te Pāti Māori,2014-11-30,0.0138,0.0113,0.0125,0.0136,0.0148,0.0166,true
Te Pāti Māori,2014-12-07,0.0137,0.0112,0.0125,0.0137,0.0148,0.0168,true
Te Pāti Māori,2014-12-14,0.0137,0.0112,0.0125,0.0136,0.0148,0.0164,true
Te Pāti Māori,2014-12-21,0.0136,0.011,0.0123,0.0135,0.0148,0.0167,true
Te Pāti Māori,2014-12-28,0.0136,0.011,0.0124,0.0136,0.0146,0.0167,true
Te Pāti Māori,2015-01-04,0.0136,0.0109,0.0123,0.0136,0.0147,0.0166,true
Te Pāti Māori,2015-01-11,0.0135,0.0108,0.0123,0.0134,0.0146,0.0163,true
Te Pāti Māori,2015-01-18,0.0134,0.0106,0.0122,0.0134,0.0146,0.0166,true
Te Pāti Māori,2015-01-25,0.0133,0.0104,0.0121,0.0132,0.0144,0.0164,true
Te Pāti Māori,2015-02-01,0.0132,0.0104,0.0119,0.0131,0.0143,0.0163,true
Te Pāti Māori,2015-02-08,0.013,0.0103,0.0118,0.013,0.0141,0.016,true
Te Pāti Māori,2015-02-15,0.013,0.0102,0.0117,0.0129,0.0141,0.0162,true
Te Pāti Māori,2015-02-22,0.0129,0.01,0.0116,0.0128,0.014,0.0162,true
Te Pāti Māori,2015-03-01,0.0128,0.01,0.0116,0.0128,0.0139,0.0158,true
Te Pāti Māori,2015-03-08,0.0128,0.01,0.0116,0.0127,0.014,0.0157,true
Te Pāti Māori,2015-03-15,0.0126,0.0099,0.0113,0.0125,0.0139,0.0156,true
Te Pāti Māori,2015-03-22,0.0124,0.0097,0.0112,0.0123,0.0136,0.0155,true
Te Pāti Māori,2015-03-29,0.0123,0.0095,0.0111,0.0122,0.0132,0.0153,true
Te Pāti Māori,2015-04-05,0.0121,0.0094,0.0109,0.012,0.0131,0.0151,true
Te Pāti Māori,2015-04-12,0.0119,0.0092,0.0108,0.0118,0.0129,0.0148,true
Te Pāti Māori,2015-04-19,0.0117,0.0092,0.0106,0.0116,0.0127,0.0146,true
Te Pāti Māori,2015-04-26,0.0117,0.009,0.0105,0.0116,0.0128,0.0145,true
Te Pāti Māori,2015-05-03,0.0116,0.009,0.0104,0.0115,0.0127,0.0147,true
Te Pāti Māori,2015-05-10,0.0116,0.0091,0.0105,0.0115,0.0126,0.0143,true
Te Pāti Māori,2015-05-17,0.0115,0.009,0.0104,0.0114,0.0125,0.014,true
Te Pāti Māori,2015-05-24,0.0114,0.009,0.0103,0.0113,0.0124,0.0141,true
Te Pāti Māori,2015-05-31,0.0113,0.0087,0.0101,0.0112,0.0124,0.0143,true
Te Pāti Māori,2015-06-07,0.0112,0.0086,0.01,0.0111,0.0122,0.0143,true
Te Pāti Māori,2015-06-14,0.011,0.0085,0.0099,0.0109,0.0121,0.0138,true
Te Pāti Māori,2015-06-21,0.0109,0.0084,0.0098,0.0109,0.012,0.0137,true
Te Pāti Māori,2015-06-28,0.0108,0.0084,0.0098,0.0107,0.0119,0.0136,true
Te Pāti Māori,2015-07-05,0.0108,0.0084,0.0097,0.0106,0.0117,0.0136,true
Te Pāti Māori,2015-07-12,0.0107,0.0082,0.0096,0.0106,0.0116,0.0132,true
Te Pāti Māori,2015-07-19,0.0108,0.0082,0.0096,0.0107,0.0118,0.0135,true
Te Pāti Māori,2015-07-26,0.0108,0.0083,0.0097,0.0108,0.0118,0.0137,true
Te Pāti Māori,2015-08-02,0.0109,0.0085,0.0098,0.0109,0.0119,0.0139,true
Te Pāti Māori,2015-08-09,0.0111,0.0087,0.01,0.011,0.012,0.0139,true
Te Pāti Māori,2015-08-16,0.0111,0.0086,0.0101,0.011,0.012,0.0139,true
Te Pāti Māori,2015-08-23,0.0112,0.0087,0.0101,0.0111,0.0122,0.014,true
Te Pāti Māori,2015-08-30,0.0112,0.0087,0.0101,0.0112,0.0121,0.0142,true
Te Pāti Māori,2015-09-06,0.0113,0.0087,0.0102,0.0112,0.0122,0.0141,true
Te Pāti Māori,2015-09-13,0.0114,0.0088,0.0103,0.0113,0.0124,0.0143,true
Te Pāti Māori,2015-09-20,0.0116,0.009,0.0104,0.0114,0.0126,0.0145,true
Te Pāti Māori,2015-09-27,0.0117,0.0092,0.0104,0.0116,0.0126,0.0145,true
Te Pāti Māori,2015-10-04,0.0118,0.0094,0.0106,0.0117,0.0129,0.0146,true
Te Pāti Māori,2015-10-11,0.0121,0.0094,0.0109,0.0119,0.0132,0.015,true
Te Pāti Māori,2015-10-18,0.0124,0.0098,0.0111,0.0124,0.0136,0.0154,true
Te Pāti Māori,2015-10-25,0.0128,0.0101,0.0116,0.0128,0.0139,0.0161,true
Te Pāti Māori,2015-11-01,0.0132,0.0104,0.0119,0.0131,0.0144,0.0165,true
Te Pāti Māori,2015-11-08,0.0135,0.0106,0.012,0.0134,0.0147,0.0168,true
Te Pāti Māori,2015-11-15,0.0137,0.0108,0.0123,0.0135,0.0149,0.0172,true
Te Pāti Māori,2015-11-22,0.0139,0.0109,0.0124,0.0136,0.015,0.0174,true
Te Pāti Māori,2015-11-29,0.0141,0.011,0.0126,0.014,0.0153,0.0174,true
Te Pāti Māori,2015-12-06,0.0143,0.0113,0.0129,0.0142,0.0155,0.0179,true
Te Pāti Māori,2015-12-13,0.0144,0.0114,0.013,0.0143,0.0156,0.0181,true
Te Pāti Māori,2015-12-20,0.0145,0.0114,0.013,0.0144,0.0157,0.0181,true
Te Pāti Māori,2015-12-27,0.0146,0.0115,0.013,0.0143,0.0158,0.0184,true
Te Pāti Māori,2016-01-03,0.0146,0.0117,0.0131,0.0145,0.0159,0.0184,true
Te Pāti Māori,2016-01-10,0.0146,0.0116,0.0132,0.0145,0.0159,0.0181,true
Te Pāti Māori,2016-01-17,0.0143,0.0113,0.0129,0.0143,0.0155,0.0177,true
Te Pāti Māori,2016-01-24,0.014,0.0111,0.0126,0.0139,0.0152,0.0175,true
Te Pāti Māori,2016-01-31,0.0137,0.0106,0.0122,0.0136,0.0149,0.0171,true
Te Pāti Māori,2016-02-07,0.0133,0.0103,0.0119,0.0132,0.0145,0.0167,true
Te Pāti Māori,2016-02-14,0.0131,0.0101,0.0118,0.0131,0.0144,0.0163,true
Te Pāti Māori,2016-02-21,0.013,0.0102,0.0117,0.013,0.0143,0.0163,true
Te Pāti Māori,2016-02-28,0.0129,0.01,0.0114,0.0128,0.0142,0.0163,true
Te Pāti Māori,2016-03-06,0.0128,0.0099,0.0115,0.0127,0.014,0.0161,true
Te Pāti Māori,2016-03-13,0.0128,0.0098,0.0114,0.0127,0.0141,0.0161,true
Te Pāti Māori,2016-03-20,0.0128,0.0098,0.0114,0.0127,0.014,0.016,true
Te Pāti Māori,2016-03-27,0.0127,0.0097,0.0113,0.0125,0.014,0.016,true
Te Pāti Māori,2016-04-03,0.0127,0.0099,0.0113,0.0125,0.014,0.016,true
Te Pāti Māori,2016-04-10,0.0126,0.0099,0.0112,0.0125,0.0138,0.016,true
Te Pāti Māori,2016-04-17,0.0126,0.0098,0.0112,0.0124,0.0138,0.0158,true
Te Pāti Māori,2016-04-24,0.0125,0.0097,0.0113,0.0124,0.0137,0.0159,true
Te Pāti Māori,2016-05-01,0.0124,0.0097,0.011,0.0124,0.0137,0.0156,true
Te Pāti Māori,2016-05-08,0.0124,0.0096,0.0112,0.0123,0.0136,0.0155,true
Te Pāti Māori,2016-05-15,0.0124,0.0096,0.0111,0.0123,0.0136,0.0156,true
Te Pāti Māori,2016-05-22,0.0124,0.0095,0.0112,0.0123,0.0137,0.0155,true
Te Pāti Māori,2016-05-29,0.0125,0.0096,0.0112,0.0123,0.0137,0.0157,true
Te Pāti Māori,2016-06-05,0.0126,0.0097,0.0112,0.0125,0.0139,0.0159,true
Te Pāti Māori,2016-06-12,0.0127,0.0099,0.0114,0.0126,0.0138,0.0158,true
Te Pāti Māori,2016-06-19,0.0128,0.0101,0.0115,0.0127,0.0141,0.0159,true
Te Pāti Māori,2016-06-26,0.0129,0.0099,0.0116,0.0127,0.0141,0.0163,true
Te Pāti Māori,2016-07-03,0.0129,0.0101,0.0116,0.0128,0.0141,0.0162,true
Te Pāti Māori,2016-07-10,0.013,0.01,0.0117,0.0129,0.0142,0.0161,true
Te Pāti Māori,2016-07-17,0.0131,0.01,0.0118,0.0131,0.0142,0.0163,true
Te Pāti Māori,2016-07-24,0.0132,0.0102,0.0119,0.013,0.0143,0.0165,true
Te Pāti Māori,2016-07-31,0.0133,0.0103,0.012,0.0132,0.0145,0.0167,true
Te Pāti Māori,2016-08-07,0.0134,0.0105,0.012,0.0133,0.0146,0.0168,true
Te Pāti Māori,2016-08-14,0.0135,0.0105,0.0122,0.0134,0.0146,0.0169,true
Te Pāti Māori,2016-08-21,0.0136,0.0106,0.0123,0.0135,0.0149,0.017,true
Te Pāti Māori,2016-08-28,0.0138,0.0108,0.0125,0.0136,0.0151,0.0171,true
Te Pāti Māori,2016-09-04,0.014,0.0111,0.0127,0.0139,0.0152,0.0175,true
Te Pāti Māori,2016-09-11,0.0141,0.0111,0.0128,0.0139,0.0152,0.0177,true
Te Pāti Māori,2016-09-18,0.014,0.011,0.0126,0.0139,0.0154,0.0177,true
Te Pāti Māori,2016-09-25,0.014,0.0108,0.0127,0.0139,0.0154,0.0176,true
Te Pāti Māori,2016-10-02,0.014,0.0109,0.0126,0.0138,0.0153,0.0175,true
Te Pāti Māori,2016-10-09,0.0139,0.0107,0.0125,0.0137,0.0152,0.0174,true
Te Pāti Māori,2016-10-16,0.0138,0.0109,0.0125,0.0137,0.0151,0.0173,true
Te Pāti Māori,2016-10-23,0.0138,0.0108,0.0124,0.0138,0.0152,0.0174,true
Te Pāti Māori,2016-10-30,0.0138,0.0107,0.0124,0.0138,0.0152,0.0173,true
Te Pāti Māori,2016-11-06,0.0137,0.0106,0.0124,0.0137,0.0151,0.017,true
Te Pāti Māori,2016-11-13,0.0137,0.0106,0.0123,0.0136,0.0148,0.0171,true
Te Pāti Māori,2016-11-20,0.0137,0.0104,0.0124,0.0136,0.015,0.0174,true
Te Pāti Māori,2016-11-27,0.0137,0.0105,0.0123,0.0136,0.0151,0.017,true
Te Pāti Māori,2016-12-04,0.0138,0.0106,0.0124,0.0137,0.015,0.0174,true
Te Pāti Māori,2016-12-11,0.014,0.0108,0.0126,0.0139,0.0153,0.0177,true
Te Pāti Māori,2016-12-18,0.0142,0.011,0.0128,0.0141,0.0155,0.0179,true
Te Pāti Māori,2016-12-25,0.0145,0.0112,0.013,0.0143,0.0158,0.0182,true
Te Pāti Māori,2017-01-01,0.0147,0.0114,0.0133,0.0145,0.016,0.0183,true
Te Pāti Māori,2017-01-08,0.0149,0.0117,0.0135,0.0148,0.0162,0.0187,true
Te Pāti Māori,2017-01-15,0.015,0.0117,0.0136,0.0149,0.0164,0.019,true
Te Pāti Māori,2017-01-22,0.0152,0.0118,0.0137,0.015,0.0165,0.019,true
Te Pāti Māori,2017-01-29,0.0152,0.012,0.0138,0.0151,0.0166,0.019,true
Te Pāti Māori,2017-02-05,0.0154,0.0122,0.014,0.0152,0.0167,0.0189,true
Te Pāti Māori,2017-02-12,0.0155,0.0122,0.0141,0.0153,0.0167,0.0193,true
Te Pāti Māori,2017-02-19,0.0157,0.0125,0.0143,0.0156,0.017,0.0196,true
Te Pāti Māori,2017-02-26,0.016,0.0127,0.0145,0.0158,0.0173,0.0199,true
Te Pāti Māori,2017-03-05,0.0162,0.013,0.0147,0.016,0.0175,0.0202,true
Te Pāti Māori,2017-03-12,0.0165,0.0133,0.0149,0.0162,0.0176,0.0208,true
Te Pāti Māori,2017-03-19,0.017,0.0136,0.0154,0.0168,0.0184,0.0213,true
Te Pāti Māori,2017-03-26,0.0164,0.013,0.0148,0.0162,0.0177,0.0204,true
Te Pāti Māori,2017-04-02,0.0159,0.0125,0.0144,0.0157,0.0171,0.0199,true
Te Pāti Māori,2017-04-09,0.0153,0.0121,0.0139,0.0151,0.0166,0.0195,true
Te Pāti Māori,2017-04-16,0.015,0.0118,0.0136,0.0148,0.0163,0.0191,true
Te Pāti Māori,2017-04-23,0.0146,0.0114,0.0133,0.0145,0.0159,0.0185,true
Te Pāti Māori,2017-04-30,0.0143,0.0112,0.0131,0.0142,0.0156,0.0179,true
Te Pāti Māori,2017-05-07,0.0141,0.011,0.0129,0.014,0.0153,0.0175,true
Te Pāti Māori,2017-05-14,0.0138,0.011,0.0126,0.0136,0.0149,0.0172,true
Te Pāti Māori,2017-05-21,0.0136,0.0108,0.0125,0.0135,0.0147,0.0167,true
Te Pāti Māori,2017-05-28,0.0134,0.0106,0.0122,0.0133,0.0145,0.0166,true
Te Pāti Māori,2017-06-04,0.0132,0.0105,0.012,0.013,0.0143,0.0163,true
Te Pāti Māori,2017-06-11,0.0131,0.0104,0.0119,0.013,0.0143,0.0163,true
Te Pāti Māori,2017-06-18,0.0131,0.0104,0.0118,0.013,0.0142,0.0164,true
Te Pāti Māori,2017-06-25,0.0131,0.0102,0.0117,0.0129,0.0142,0.0162,true
Te Pāti Māori,2017-07-02,0.0131,0.0106,0.0118,0.0128,0.0142,0.0164,true
Te Pāti Māori,2017-07-09,0.0129,0.0101,0.0116,0.0127,0.014,0.0165,true
Te Pāti Māori,2017-07-16,0.0127,0.01,0.0114,0.0126,0.0139,0.016,true
Te Pāti Māori,2017-07-23,0.0126,0.0097,0.0112,0.0123,0.0137,0.0162,true
Te Pāti Māori,2017-07-30,0.0129,0.0099,0.0115,0.0128,0.0141,0.0163,true
Te Pāti Māori,2017-08-06,0.013,0.0098,0.0117,0.0129,0.0143,0.0163,true
Te Pāti Māori,2017-08-13,0.0132,0.0104,0.0118,0.0131,0.0145,0.0166,true
Te Pāti Māori,2017-08-20,0.0126,0.01,0.0115,0.0125,0.0137,0.0155,true
Te Pāti Māori,2017-08-27,0.0124,0.0099,0.0113,0.0122,0.0134,0.0151,true
Te Pāti Māori,2017-09-03,0.0126,0.0105,0.0116,0.0125,0.0135,0.015,true
Te Pāti Māori,2017-09-10,0.0119,0.0103,0.0112,0.0119,0.0126,0.0138,true
Te Pāti Māori,2017-09-17,0.0118,0.0118,0.0118,0.0118,0.0118,0.0118,true
Te Pāti Māori,2017-09-24,0.0118,0.0107,0.0113,0.0118,0.0122,0.0128,true
Te Pāti Māori,2017-10-01,0.0117,0.0103,0.0112,0.0117,0.0123,0.0131,true
Te Pāti Māori,2017-10-08,0.0117,0.01,0.011,0.0117,0.0123,0.0134,true
Te Pāti Māori,2017-10-15,0.0115,0.0098,0.0108,0.0115,0.0123,0.0134,true
Te Pāti Māori,2017-10-22,0.0114,0.0093,0.0106,0.0113,0.0122,0.0137,true
Te Pāti Māori,2017-10-29,0.0113,0.0089,0.0103,0.0112,0.012,0.0138,true
Te Pāti Māori,2017-11-05,0.0111,0.0088,0.0101,0.011,0.0119,0.0137,true
Te Pāti Māori,2017-11-12,0.0109,0.0086,0.0099,0.0108,0.0119,0.0135,true
Te Pāti Māori,2017-11-19,0.0108,0.0085,0.0097,0.0107,0.0118,0.0134,true
Te Pāti Māori,2017-11-26,0.0107,0.0084,0.0096,0.0106,0.0116,0.0134,true
Te Pāti Māori,2017-12-03,0.0106,0.0082,0.0096,0.0105,0.0115,0.0136,true
Te Pāti Māori,2017-12-10,0.0106,0.0081,0.0094,0.0105,0.0115,0.0133,true
Te Pāti Māori,2017-12-17,0.0105,0.008,0.0094,0.0104,0.0115,0.0132,true
Te Pāti Māori,2017-12-24,0.0104,0.0079,0.0092,0.0104,0.0114,0.0133,true
Te Pāti Māori,2017-12-31,0.0103,0.0079,0.0091,0.0102,0.0113,0.0131,true
Te Pāti Māori,2018-01-07,0.0102,0.0079,0.009,0.01,0.0111,0.013,true
Te Pāti Māori,2018-01-14,0.0101,0.0077,0.009,0.0099,0.0111,0.0129,true
Te Pāti Māori,2018-01-21,0.0101,0.0076,0.0089,0.01,0.011,0.013,true
Te Pāti Māori,2018-01-28,0.01,0.0075,0.0087,0.0099,0.011,0.013,true
Te Pāti Māori,2018-02-04,0.0099,0.0073,0.0087,0.0099,0.011,0.0129,true
Te Pāti Māori,2018-02-11,0.0099,0.0072,0.0086,0.0097,0.0109,0.0132,true
Te Pāti Māori,2018-02-18,0.0099,0.0072,0.0087,0.0097,0.011,0.0135,true
Te Pāti Māori,2018-02-25,0.01,0.0073,0.0087,0.0097,0.0111,0.0135,true
Te Pāti Māori,2018-03-04,0.01,0.0072,0.0088,0.0098,0.0111,0.0137,true
Te Pāti Māori,2018-03-11,0.0101,0.0074,0.0087,0.0099,0.0111,0.0137,true
Te Pāti Māori,2018-03-18,0.0101,0.0075,0.0087,0.0099,0.0111,0.0137,true
Te Pāti Māori,2018-03-25,0.0101,0.0073,0.0087,0.01,0.0112,0.0139,true
Te Pāti Māori,2018-04-01,0.0101,0.0073,0.0088,0.01,0.0113,0.0137,true
Te Pāti Māori,2018-04-08,0.0102,0.0073,0.0087,0.01,0.0114,0.0138,true
Te Pāti Māori,2018-04-15,0.0102,0.0074,0.0088,0.01,0.0113,0.0136,true
Te Pāti Māori,2018-04-22,0.0102,0.0072,0.0088,0.01,0.0113,0.0135,true
Te Pāti Māori,2018-04-29,0.0102,0.0071,0.0088,0.01,0.0114,0.0135,true
Te Pāti Māori,2018-05-06,0.0101,0.0072,0.0088,0.01,0.0113,0.0135,true
Te Pāti Māori,2018-05-13,0.0101,0.0073,0.0088,0.01,0.0112,0.0136,true
Te Pāti Māori,2018-05-20,0.0101,0.0074,0.0088,0.01,0.0112,0.0135,true
Te Pāti Māori,2018-05-27,0.0101,0.0074,0.0087,0.0099,0.0112,0.0134,true
Te Pāti Māori,2018-06-03,0.0102,0.0074,0.0088,0.0099,0.0113,0.0139,true
Te Pāti Māori,2018-06-10,0.0101,0.0071,0.0087,0.0099,0.0113,0.0138,true
Te Pāti Māori,2018-06-17,0.0101,0.0071,0.0087,0.0099,0.0112,0.0139,true
Te Pāti Māori,2018-06-24,0.0101,0.007,0.0086,0.0099,0.0114,0.0138,true
Te Pāti Māori,2018-07-01,0.0101,0.007,0.0086,0.0098,0.0114,0.0139,true
Te Pāti Māori,2018-07-08,0.0101,0.0071,0.0086,0.0098,0.0113,0.0139,true
Te Pāti Māori,2018-07-15,0.0101,0.007,0.0086,0.0098,0.0113,0.0138,true
Te Pāti Māori,2018-07-22,0.01,0.0069,0.0086,0.0098,0.0112,0.0137,true
Te Pāti Māori,2018-07-29,0.01,0.0071,0.0086,0.0098,0.0111,0.0137,true
Te Pāti Māori,2018-08-05,0.0099,0.007,0.0085,0.0097,0.011,0.0136,true
Te Pāti Māori,2018-08-12,0.0099,0.007,0.0085,0.0097,0.011,0.0136,true
Te Pāti Māori,2018-08-19,0.0098,0.0069,0.0085,0.0096,0.011,0.0136,true
Te Pāti Māori,2018-08-26,0.0098,0.0068,0.0084,0.0095,0.0108,0.0134,true
Te Pāti Māori,2018-09-02,0.0097,0.0068,0.0083,0.0095,0.011,0.0132,true
Te Pāti Māori,2018-09-09,0.0096,0.0067,0.0082,0.0093,0.0108,0.0132,true
Te Pāti Māori,2018-09-16,0.0096,0.0067,0.0082,0.0093,0.0108,0.0132,true
Te Pāti Māori,2018-09-23,0.0096,0.0067,0.0082,0.0093,0.0107,0.0131,true
Te Pāti Māori,2018-09-30,0.0095,0.0066,0.0081,0.0093,0.0106,0.0129,true
Te Pāti Māori,2018-10-07,0.0095,0.0066,0.0081,0.0092,0.0106,0.0131,true
Te Pāti Māori,2018-10-14,0.0094,0.0066,0.008,0.0092,0.0105,0.013,true
Te Pāti Māori,2018-10-21,0.0095,0.0065,0.008,0.0093,0.0105,0.013,true
Te Pāti Māori,2018-10-28,0.0095,0.0066,0.008,0.0093,0.0106,0.0128,true
Te Pāti Māori,2018-11-04,0.0095,0.0066,0.0081,0.0093,0.0106,0.0129,true
Te Pāti Māori,2018-11-11,0.0095,0.0067,0.0081,0.0093,0.0107,0.0131,true
Te Pāti Māori,2018-11-18,0.0096,0.0069,0.0082,0.0093,0.0107,0.013,true
Te Pāti Māori,2018-11-25,0.0096,0.0069,0.0082,0.0094,0.0108,0.0131,true
Te Pāti Māori,2018-12-02,0.0096,0.0069,0.0083,0.0094,0.0108,0.013,true
Te Pāti Māori,2018-12-09,0.0096,0.0068,0.0083,0.0094,0.0108,0.013,true
Te Pāti Māori,2018-12-16,0.0096,0.0067,0.0082,0.0094,0.0109,0.0132,true
Te Pāti Māori,2018-12-23,0.0096,0.0067,0.0081,0.0094,0.0109,0.013,true
Te Pāti Māori,2018-12-30,0.0095,0.0067,0.0081,0.0093,0.0108,0.0127,true
Te Pāti Māori,2019-01-06,0.0095,0.0068,0.0081,0.0093,0.0107,0.0127,true
Te Pāti Māori,2019-01-13,0.0095,0.0067,0.0081,0.0094,0.0107,0.0127,true
Te Pāti Māori,2019-01-20,0.0095,0.0068,0.0082,0.0093,0.0106,0.0126,true
Te Pāti Māori,2019-01-27,0.0095,0.0067,0.0082,0.0093,0.0106,0.0127,true
Te Pāti Māori,2019-02-03,0.0095,0.0068,0.0081,0.0093,0.0107,0.0126,true
Te Pāti Māori,2019-02-10,0.0095,0.0068,0.0082,0.0093,0.0106,0.0127,true
Te Pāti Māori,2019-02-17,0.0093,0.0067,0.0081,0.0092,0.0104,0.0127,true
Te Pāti Māori,2019-02-24,0.0092,0.0067,0.008,0.0091,0.0102,0.0125,true
Te Pāti Māori,2019-03-03,0.0091,0.0064,0.0079,0.009,0.0101,0.0124,true
Te Pāti Māori,2019-03-10,0.009,0.0064,0.0078,0.0089,0.01,0.0122,true
Te Pāti Māori,2019-03-17,0.0089,0.0062,0.0076,0.0088,0.01,0.012,true
Te Pāti Māori,2019-03-24,0.0088,0.0063,0.0076,0.0086,0.0099,0.012,true
Te Pāti Māori,2019-03-31,0.0087,0.0062,0.0074,0.0085,0.0097,0.0117,true
Te Pāti Māori,2019-04-07,0.0086,0.006,0.0073,0.0084,0.0097,0.0115,true
Te Pāti Māori,2019-04-14,0.0085,0.0058,0.0073,0.0085,0.0095,0.0116,true
Te Pāti Māori,2019-04-21,0.0085,0.0057,0.0073,0.0084,0.0096,0.0115,true
Te Pāti Māori,2019-04-28,0.0085,0.0059,0.0073,0.0084,0.0096,0.0114,true
Te Pāti Māori,2019-05-05,0.0085,0.0059,0.0073,0.0084,0.0095,0.0114,true
Te Pāti Māori,2019-05-12,0.0084,0.0059,0.0073,0.0083,0.0095,0.0112,true
Te Pāti Māori,2019-05-19,0.0084,0.0059,0.0073,0.0083,0.0094,0.0112,true
Te Pāti Māori,2019-05-26,0.0084,0.0059,0.0073,0.0082,0.0093,0.0112,true
Te Pāti Māori,2019-06-02,0.0084,0.0059,0.0072,0.0082,0.0093,0.0111,true
Te Pāti Māori,2019-06-09,0.0085,0.006,0.0073,0.0083,0.0095,0.0113,true
Te Pāti Māori,2019-06-16,0.0086,0.0061,0.0074,0.0084,0.0097,0.0114,true
Te Pāti Māori,2019-06-23,0.0087,0.0061,0.0074,0.0085,0.0098,0.0118,true
Te Pāti Māori,2019-06-30,0.0088,0.0062,0.0075,0.0087,0.01,0.0119,true
Te Pāti Māori,2019-07-07,0.0089,0.0063,0.0076,0.0087,0.01,0.0122,true
Te Pāti Māori,2019-07-14,0.009,0.0064,0.0077,0.0088,0.0102,0.0124,true
Te Pāti Māori,2019-07-21,0.0092,0.0065,0.0078,0.009,0.0103,0.0125,true
Te Pāti Māori,2019-07-28,0.0092,0.0065,0.0078,0.0091,0.0104,0.0127,true
Te Pāti Māori,2019-08-04,0.0093,0.0066,0.0079,0.009,0.0105,0.0127,true
Te Pāti Māori,2019-08-11,0.0093,0.0066,0.0079,0.0091,0.0105,0.0128,true
Te Pāti Māori,2019-08-18,0.0094,0.0067,0.008,0.0092,0.0106,0.0128,true
Te Pāti Māori,2019-08-25,0.0094,0.0066,0.0079,0.0093,0.0106,0.013,true
Te Pāti Māori,2019-09-01,0.0095,0.0066,0.008,0.0094,0.0107,0.0129,true
Te Pāti Māori,2019-09-08,0.0095,0.0066,0.0081,0.0094,0.0108,0.0127,true
Te Pāti Māori,2019-09-15,0.0095,0.0068,0.0082,0.0094,0.0107,0.0128,true
Te Pāti Māori,2019-09-22,0.0096,0.0068,0.0083,0.0093,0.0107,0.0131,true
Te Pāti Māori,2019-09-29,0.0096,0.0068,0.0083,0.0093,0.0107,0.0129,true
Te Pāti Māori,2019-10-06,0.0096,0.007,0.0083,0.0094,0.0107,0.0128,true
Te Pāti Māori,2019-10-13,0.0097,0.007,0.0083,0.0095,0.0108,0.0131,true
Te Pāti Māori,2019-10-20,0.0097,0.007,0.0083,0.0095,0.0109,0.0132,true
Te Pāti Māori,2019-10-27,0.0097,0.0071,0.0083,0.0094,0.0109,0.0129,true
Te Pāti Māori,2019-11-03,0.0097,0.0071,0.0084,0.0095,0.0109,0.0131,true
Te Pāti Māori,2019-11-10,0.0097,0.0071,0.0082,0.0095,0.011,0.0131,true
Te Pāti Māori,2019-11-17,0.0098,0.0071,0.0084,0.0096,0.0111,0.0132,true
Te Pāti Māori,2019-11-24,0.0099,0.0071,0.0086,0.0096,0.0111,0.0132,true
Te Pāti Māori,2019-12-01,0.0099,0.0073,0.0085,0.0098,0.011,0.0135,true
Te Pāti Māori,2019-12-08,0.01,0.0072,0.0086,0.0098,0.0111,0.0136,true
Te Pāti Māori,2019-12-15,0.0101,0.0073,0.0088,0.0098,0.0111,0.0134,true
Te Pāti Māori,2019-12-22,0.0102,0.0073,0.0089,0.01,0.0113,0.0135,true
Te Pāti Māori,2019-12-29,0.0102,0.0075,0.0089,0.01,0.0114,0.0136,true
Te Pāti Māori,2020-01-05,0.0103,0.0075,0.0089,0.0101,0.0114,0.0139,true
Te Pāti Māori,2020-01-12,0.0104,0.0076,0.009,0.0101,0.0115,0.014,true
Te Pāti Māori,2020-01-19,0.0104,0.0076,0.009,0.0102,0.0116,0.0138,true
Te Pāti Māori,2020-01-26,0.0104,0.0076,0.0091,0.0102,0.0115,0.0138,true
Te Pāti Māori,2020-02-02,0.0104,0.0077,0.0091,0.0103,0.0116,0.0137,true
Te Pāti Māori,2020-02-09,0.0104,0.0077,0.0091,0.0102,0.0115,0.0137,true
Te Pāti Māori,2020-02-16,0.0103,0.0076,0.009,0.0102,0.0115,0.0139,true
Te Pāti Māori,2020-02-23,0.0103,0.0075,0.0089,0.0101,0.0115,0.0138,true
Te Pāti Māori,2020-03-01,0.0102,0.0075,0.0089,0.01,0.0114,0.0136,true
Te Pāti Māori,2020-03-08,0.0101,0.0073,0.0088,0.0101,0.0113,0.0132,true
Te Pāti Māori,2020-03-15,0.0101,0.0072,0.0088,0.01,0.0112,0.0132,true
Te Pāti Māori,2020-03-22,0.0099,0.0072,0.0086,0.0098,0.0111,0.0131,true
Te Pāti Māori,2020-03-29,0.0098,0.0071,0.0084,0.0096,0.0108,0.0131,true
Te Pāti Māori,2020-04-05,0.0095,0.0069,0.0082,0.0094,0.0107,0.0127,true
Te Pāti Māori,2020-04-12,0.0094,0.0068,0.0081,0.0093,0.0104,0.0122,true
Te Pāti Māori,2020-04-19,0.0094,0.0069,0.0082,0.0093,0.0104,0.0122,true
Te Pāti Māori,2020-04-26,0.0094,0.007,0.0082,0.0093,0.0105,0.0121,true
Te Pāti Māori,2020-05-03,0.0094,0.0071,0.0082,0.0092,0.0104,0.0121,true
Te Pāti Māori,2020-05-10,0.0094,0.007,0.0083,0.0093,0.0103,0.0121,true
Te Pāti Māori,2020-05-17,0.0093,0.007,0.0083,0.0092,0.0102,0.0119,true
Te Pāti Māori,2020-05-24,0.0094,0.007,0.0082,0.0092,0.0103,0.0121,true
Te Pāti Māori,2020-05-31,0.0094,0.0071,0.0083,0.0093,0.0104,0.0123,true
Te Pāti Māori,2020-06-07,0.0095,0.0072,0.0083,0.0093,0.0105,0.0122,true
Te Pāti Māori,2020-06-14,0.0095,0.0073,0.0084,0.0094,0.0104,0.0122,true
Te Pāti Māori,2020-06-21,0.0096,0.0072,0.0085,0.0094,0.0104,0.0123,true
Te Pāti Māori,2020-06-28,0.0093,0.0072,0.0083,0.0092,0.0103,0.012,true
Te Pāti Māori,2020-07-05,0.0092,0.0069,0.0081,0.0091,0.0101,0.0117,true
Te Pāti Māori,2020-07-12,0.0089,0.0067,0.0079,0.0088,0.0098,0.0113,true
Te Pāti Māori,2020-07-19,0.0088,0.0066,0.0078,0.0087,0.0096,0.0111,true
Te Pāti Māori,2020-07-26,0.009,0.0068,0.0079,0.009,0.0099,0.0114,true
Te Pāti Māori,2020-08-02,0.0091,0.0069,0.008,0.0091,0.01,0.0116,true
Te Pāti Māori,2020-08-09,0.0092,0.0071,0.0081,0.0092,0.0102,0.0117,true
Te Pāti Māori,2020-08-16,0.0093,0.007,0.0082,0.0092,0.0103,0.012,true
Te Pāti Māori,2020-08-23,0.0096,0.0071,0.0084,0.0095,0.0106,0.0124,true
Te Pāti Māori,2020-08-30,0.01,0.0076,0.0088,0.0099,0.011,0.0131,true
Te Pāti Māori,2020-09-06,0.0103,0.0079,0.0091,0.0102,0.0114,0.013,true
Te Pāti Māori,2020-09-13,0.0107,0.0083,0.0096,0.0105,0.0115,0.0132,true
Te Pāti Māori,2020-09-20,0.011,0.0089,0.01,0.011,0.0119,0.0137,true
Te Pāti Māori,2020-09-27,0.0112,0.009,0.0103,0.0111,0.012,0.0135,true
Te Pāti Māori,2020-10-04,0.0114,0.0098,0.0108,0.0114,0.012,0.0132,true
Te Pāti Māori,2020-10-11,0.0117,0.0117,0.0117,0.0117,0.0117,0.0117,true
Te Pāti Māori,2020-10-18,0.0119,0.0109,0.0115,0.0119,0.0123,0.013,true
Te Pāti Māori,2020-10-25,0.0121,0.0108,0.0115,0.0121,0.0126,0.0136,true
Te Pāti Māori,2020-11-01,0.0123,0.0106,0.0116,0.0122,0.0129,0.0142,true
Te Pāti Māori,2020-11-08,0.0125,0.0106,0.0117,0.0124,0.0132,0.0145,true
Te Pāti Māori,2020-11-15,0.0127,0.0107,0.0118,0.0126,0.0135,0.015,true
Te Pāti Māori,2020-11-22,0.0129,0.0108,0.0119,0.0127,0.0138,0.0154,true
Te Pāti Māori,2020-11-29,0.0131,0.0109,0.0121,0.013,0.014,0.0156,true
Te Pāti Māori,2020-12-06,0.0131,0.0108,0.012,0.013,0.0141,0.0159,true
Te Pāti Māori,2020-12-13,0.0131,0.0107,0.012,0.013,0.0141,0.016,true
Te Pāti Māori,2020-12-20,0.0131,0.0105,0.012,0.013,0.0142,0.016,true
Te Pāti Māori,2020-12-27,0.0131,0.0105,0.012,0.0129,0.0142,0.016,true
Te Pāti Māori,2021-01-03,0.0131,0.0104,0.012,0.013,0.0142,0.016,true
Te Pāti Māori,2021-01-10,0.0131,0.0106,0.012,0.0129,0.0142,0.0159,true
Te Pāti Māori,2021-01-17,0.0131,0.0102,0.012,0.0129,0.0142,0.0161,true
Te Pāti Māori,2021-01-24,0.0131,0.0102,0.0119,0.013,0.0142,0.0164,true
Te Pāti Māori,2021-01-31,0.0131,0.0104,0.0117,0.013,0.0143,0.0162,true
Te Pāti Māori,2021-02-07,0.0131,0.0103,0.0118,0.0129,0.0142,0.0164,true
Te Pāti Māori,2021-02-14,0.0132,0.0104,0.0119,0.0131,0.0144,0.0165,true
Te Pāti Māori,2021-02-21,0.0134,0.0106,0.012,0.0133,0.0147,0.0165,true
Te Pāti Māori,2021-02-28,0.0135,0.0106,0.0123,0.0134,0.0147,0.0165,true
Te Pāti Māori,2021-03-07,0.0137,0.0109,0.0124,0.0135,0.0149,0.0167,true
Te Pāti Māori,2021-03-14,0.0137,0.0109,0.0124,0.0137,0.015,0.0168,true
Te Pāti Māori,2021-03-21,0.0138,0.0109,0.0124,0.0137,0.0149,0.017,true
Te Pāti Māori,2021-03-28,0.0141,0.0111,0.0126,0.0141,0.0154,0.0173,true
Te Pāti Māori,2021-04-04,0.0144,0.0113,0.0128,0.0143,0.0158,0.0178,true
Te Pāti Māori,2021-04-11,0.0147,0.0114,0.0131,0.0146,0.0161,0.0182,true
Te Pāti Māori,2021-04-18,0.0148,0.0115,0.0133,0.0147,0.0162,0.0185,true
Te Pāti Māori,2021-04-25,0.015,0.0116,0.0135,0.0149,0.0164,0.0187,true
Te Pāti Māori,2021-05-02,0.0151,0.0117,0.0137,0.015,0.0165,0.0187,true
Te Pāti Māori,2021-05-09,0.0153,0.0119,0.0138,0.0152,0.0166,0.0188,true
Te Pāti Māori,2021-05-16,0.0158,0.0124,0.0142,0.0158,0.0172,0.0194,true
Te Pāti Māori,2021-05-23,0.0164,0.0131,0.0149,0.0163,0.0177,0.0203,true
Te Pāti Māori,2021-05-30,0.0168,0.0133,0.0152,0.0167,0.0181,0.0208,true
Te Pāti Māori,2021-06-06,0.0171,0.0136,0.0155,0.017,0.0186,0.0214,true
Te Pāti Māori,2021-06-13,0.0175,0.0141,0.0158,0.0173,0.019,0.0216,true
Te Pāti Māori,2021-06-20,0.0176,0.0141,0.0158,0.0174,0.0192,0.0215,true
Te Pāti Māori,2021-06-27,0.0178,0.0142,0.016,0.0175,0.0194,0.022,true
Te Pāti Māori,2021-07-04,0.018,0.0143,0.0164,0.0177,0.0195,0.0224,true
Te Pāti Māori,2021-07-11,0.0182,0.0144,0.0166,0.018,0.0198,0.0226,true
Te Pāti Māori,2021-07-18,0.0181,0.0145,0.0165,0.018,0.0195,0.0224,true
Te Pāti Māori,2021-07-25,0.0181,0.0146,0.0165,0.0179,0.0196,0.0221,true
Te Pāti Māori,2021-08-01,0.018,0.0144,0.0163,0.0178,0.0196,0.022,true
Te Pāti Māori,2021-08-08,0.0178,0.0144,0.0162,0.0176,0.0193,0.0219,true
Te Pāti Māori,2021-08-15,0.0178,0.014,0.0162,0.0176,0.0192,0.0219,true
Te Pāti Māori,2021-08-22,0.0177,0.0141,0.0161,0.0176,0.0192,0.0218,true
Te Pāti Māori,2021-08-29,0.0177,0.014,0.0159,0.0175,0.0192,0.0217,true
Te Pāti Māori,2021-09-05,0.0176,0.0141,0.0159,0.0175,0.0191,0.0217,true
Te Pāti Māori,2021-09-12,0.0177,0.0142,0.016,0.0176,0.0192,0.0218,true
Te Pāti Māori,2021-09-19,0.0181,0.0147,0.0164,0.018,0.0196,0.0219,true
Te Pāti Māori,2021-09-26,0.0181,0.0146,0.0164,0.018,0.0196,0.0219,true
Te Pāti Māori,2021-10-03,0.0181,0.0145,0.0165,0.018,0.0196,0.022,true
Te Pāti Māori,2021-10-10,0.0183,0.0147,0.0168,0.0181,0.0198,0.0221,true
Te Pāti Māori,2021-10-17,0.0186,0.0148,0.017,0.0184,0.0201,0.0229,true
Te Pāti Māori,2021-10-24,0.019,0.0153,0.0173,0.0189,0.0205,0.0232,true
Te Pāti Māori,2021-10-31,0.0193,0.0155,0.0176,0.0191,0.0208,0.0235,true
Te Pāti Māori,2021-11-07,0.0196,0.0159,0.0178,0.0193,0.0213,0.024,true
Te Pāti Māori,2021-11-14,0.0196,0.0157,0.0179,0.0195,0.0213,0.0243,true
Te Pāti Māori,2021-11-21,0.0197,0.0157,0.0178,0.0196,0.0214,0.0245,true
Te Pāti Māori,2021-11-28,0.0197,0.0154,0.0178,0.0196,0.0213,0.0244,true
Te Pāti Māori,2021-12-05,0.0194,0.0151,0.0176,0.0193,0.0213,0.0242,true
Te Pāti Māori,2021-12-12,0.0194,0.0151,0.0173,0.0192,0.0212,0.024,true
Te Pāti Māori,2021-12-19,0.0193,0.0151,0.0173,0.0193,0.0212,0.0241,true
Te Pāti Māori,2021-12-26,0.0193,0.0151,0.0173,0.0192,0.0212,0.0239,true
Te Pāti Māori,2022-01-02,0.0192,0.0151,0.0173,0.0191,0.0209,0.0235,true
Te Pāti Māori,2022-01-09,0.0191,0.015,0.0173,0.019,0.0206,0.0236,true
Te Pāti Māori,2022-01-16,0.0193,0.0152,0.0175,0.0192,0.0209,0.0234,true
Te Pāti Māori,2022-01-23,0.0191,0.0154,0.0174,0.0191,0.0207,0.0233,true
Te Pāti Māori,2022-01-30,0.0191,0.0154,0.0175,0.0191,0.0208,0.0232,true
Te Pāti Māori,2022-02-06,0.0193,0.0155,0.0175,0.0192,0.0209,0.0237,true
Te Pāti Māori,2022-02-13,0.0196,0.0157,0.0179,0.0194,0.0211,0.0237,true
Te Pāti Māori,2022-02-20,0.0199,0.016,0.0182,0.0197,0.0215,0.024,true
Te Pāti Māori,2022-02-27,0.0201,0.0162,0.0183,0.0199,0.0218,0.0242,true
Te Pāti Māori,2022-03-06,0.0203,0.0164,0.0185,0.0202,0.0219,0.0242,true
Te Pāti Māori,2022-03-13,0.0205,0.0166,0.0187,0.0203,0.0221,0.0247,true
Te Pāti Māori,2022-03-20,0.0208,0.0169,0.0191,0.0206,0.0225,0.0255,true
Te Pāti Māori,2022-03-27,0.0212,0.0171,0.0194,0.021,0.0227,0.0261,true
Te Pāti Māori,2022-04-03,0.0215,0.0174,0.0198,0.0213,0.023,0.0262,true
Te Pāti Māori,2022-04-10,0.022,0.0181,0.0204,0.0219,0.0234,0.0263,true
Te Pāti Māori,2022-04-17,0.0223,0.0185,0.0206,0.0221,0.0239,0.0265,true
Te Pāti Māori,2022-04-24,0.0223,0.0185,0.0207,0.0222,0.0239,0.0266,true
Te Pāti Māori,2022-05-01,0.0224,0.0188,0.0209,0.0222,0.0239,0.0268,true
Te Pāti Māori,2022-05-08,0.0223,0.0186,0.0206,0.0222,0.0237,0.0263,true
Te Pāti Māori,2022-05-15,0.0226,0.0187,0.0209,0.0224,0.0242,0.0269,true
Te Pāti Māori,2022-05-22,0.0228,0.019,0.0212,0.0226,0.0244,0.027,true
Te Pāti Māori,2022-05-29,0.0233,0.0196,0.0216,0.0232,0.0247,0.0277,true
Te Pāti Māori,2022-06-05,0.0238,0.02,0.0221,0.0237,0.0253,0.028,true
Te Pāti Māori,2022-06-12,0.024,0.02,0.0222,0.0239,0.0256,0.0284,true
Te Pāti Māori,2022-06-19,0.0249,0.0207,0.023,0.0247,0.0265,0.0297,true
Te Pāti Māori,2022-06-26,0.0257,0.0214,0.0237,0.0255,0.0276,0.0307,true
Te Pāti Māori,2022-07-03,0.0267,0.0224,0.0246,0.0264,0.0287,0.032,true
Te Pāti Māori,2022-07-10,0.0271,0.0226,0.025,0.0268,0.0289,0.0323,true
Te Pāti Māori,2022-07-17,0.0272,0.0227,0.0251,0.0272,0.0291,0.0324,true
Te Pāti Māori,2022-07-24,0.0273,0.0229,0.0253,0.0272,0.0292,0.0325,true
Te Pāti Māori,2022-07-31,0.0273,0.023,0.0253,0.0272,0.0291,0.0323,true
Te Pāti Māori,2022-08-07,0.0279,0.0235,0.0257,0.0276,0.0297,0.0328,true
Te Pāti Māori,2022-08-14,0.0275,0.0231,0.0255,0.0272,0.0292,0.0329,true
Te Pāti Māori,2022-08-21,0.027,0.0228,0.0249,0.0268,0.0289,0.0323,true
Te Pāti Māori,2022-08-28,0.0267,0.0224,0.0246,0.0265,0.0285,0.0317,true
Te Pāti Māori,2022-09-04,0.0261,0.022,0.0243,0.0261,0.0278,0.0313,true
Te Pāti Māori,2022-09-11,0.0258,0.0217,0.0238,0.0257,0.0275,0.0305,true
Te Pāti Māori,2022-09-18,0.0254,0.0211,0.0235,0.0253,0.0271,0.0302,true
Te Pāti Māori,2022-09-25,0.0254,0.0211,0.0235,0.0253,0.0271,0.0301,true
Te Pāti Māori,2022-10-02,0.0254,0.0211,0.0235,0.0253,0.0271,0.0302,true
Te Pāti Māori,2022-10-09,0.0252,0.0212,0.0234,0.0251,0.027,0.0297,true
Te Pāti Māori,2022-10-16,0.0252,0.0212,0.0233,0.025,0.027,0.0298,true
Te Pāti Māori,2022-10-23,0.0259,0.0214,0.024,0.0258,0.0276,0.0304,true
Te Pāti Māori,2022-10-30,0.0267,0.0224,0.0247,0.0265,0.0285,0.0316,true
Te Pāti Māori,2022-11-06,0.0274,0.0229,0.0253,0.0272,0.0293,0.0324,true
Te Pāti Māori,2022-11-13,0.0281,0.0235,0.026,0.028,0.0301,0.0332,true
Te Pāti Māori,2022-11-20,0.0286,0.0239,0.0264,0.0284,0.0306,0.0336,true
Te Pāti Māori,2022-11-27,0.029,0.0242,0.0268,0.0289,0.0311,0.0341,true
Te Pāti Māori,2022-12-04,0.0294,0.0247,0.0271,0.0294,0.0316,0.0346,true
Te Pāti Māori,2022-12-11,0.0299,0.0252,0.0276,0.0299,0.0319,0.035,true
Te Pāti Māori,2022-12-18,0.0298,0.0249,0.0277,0.0294,0.0319,0.0353,true
Te Pāti Māori,2022-12-25,0.0296,0.0246,0.0273,0.0293,0.0317,0.035,true
Te Pāti Māori,2023-01-01,0.0293,0.0243,0.0271,0.0293,0.0314,0.0349,true
Te Pāti Māori,2023-01-08,0.0292,0.0245,0.0271,0.0291,0.0311,0.0345,true
Te Pāti Māori,2023-01-15,0.0294,0.0248,0.0274,0.0291,0.0313,0.0345,true
Te Pāti Māori,2023-01-22,0.029,0.0246,0.0271,0.0288,0.0308,0.034,true
Te Pāti Māori,2023-01-29,0.0286,0.024,0.0264,0.0284,0.0305,0.0338,true
Te Pāti Māori,2023-02-05,0.0283,0.0237,0.0263,0.0282,0.0303,0.033,true
Te Pāti Māori,2023-02-12,0.0283,0.0236,0.0263,0.0282,0.0304,0.0336,true
Te Pāti Māori,2023-02-19,0.0281,0.0233,0.026,0.028,0.0301,0.0337,true
Te Pāti Māori,2023-02-26,0.028,0.0232,0.0258,0.0279,0.0299,0.0332,true
Te Pāti Māori,2023-03-05,0.0285,0.0238,0.0264,0.0283,0.0305,0.0338,true
Te Pāti Māori,2023-03-12,0.0285,0.0236,0.0262,0.0283,0.0306,0.0337,true
Te Pāti Māori,2023-03-19,0.0291,0.0241,0.0267,0.029,0.0314,0.0348,true
Te Pāti Māori,2023-03-26,0.0297,0.0245,0.0274,0.0296,0.032,0.0353,true
Te Pāti Māori,2023-04-02,0.0303,0.0251,0.0281,0.0301,0.0325,0.036,true
Te Pāti Māori,2023-04-09,0.0317,0.0263,0.0292,0.0317,0.0337,0.0375,true
Te Pāti Māori,2023-04-16,0.033,0.0274,0.0306,0.0329,0.0352,0.0389,true
Te Pāti Māori,2023-04-23,0.0342,0.0283,0.0318,0.0342,0.0364,0.0401,true
Te Pāti Māori,2023-04-30,0.0354,0.0299,0.033,0.0353,0.0375,0.0413,true
Te Pāti Māori,2023-05-07,0.0361,0.0309,0.0339,0.0359,0.0383,0.042,true
Te Pāti Māori,2023-05-14,0.0367,0.0313,0.0342,0.0364,0.0388,0.0431,true
Te Pāti Māori,2023-05-21,0.0373,0.0318,0.0349,0.0373,0.0395,0.0437,true
Te Pāti Māori,2023-05-28,0.0384,0.0322,0.036,0.0381,0.0407,0.0448,true
Te Pāti Māori,2023-06-04,0.0398,0.0333,0.0371,0.0395,0.0421,0.0472,true
Te Pāti Māori,2023-06-11,0.0412,0.035,0.0384,0.0408,0.0438,0.0484,true
Te Pāti Māori,2023-06-18,0.041,0.0345,0.0382,0.0406,0.0434,0.0484,true
Te Pāti Māori,2023-06-25,0.0407,0.0345,0.0381,0.0403,0.0432,0.0482,true
Te Pāti Māori,2023-07-02,0.0402,0.0344,0.0373,0.0401,0.0428,0.0477,true
Te Pāti Māori,2023-07-09,0.0395,0.0334,0.0366,0.0393,0.0419,0.0466,true
Te Pāti Māori,2023-07-16,0.0376,0.0317,0.0348,0.0374,0.0401,0.045,true
Te Pāti Māori,2023-07-23,0.0356,0.0299,0.0331,0.0353,0.038,0.0422,true
Te Pāti Māori,2023-07-30,0.0339,0.0286,0.0316,0.0337,0.0361,0.0402,true
Te Pāti Māori,2023-08-06,0.0337,0.0279,0.0315,0.0335,0.0359,0.0398,true
Te Pāti Māori,2023-08-13,0.0335,0.0279,0.031,0.0333,0.0357,0.0395,true
Te Pāti Māori,2023-08-20,0.0326,0.0268,0.0302,0.0326,0.035,0.0387,true
Te Pāti Māori,2023-08-27,0.0309,0.0256,0.0289,0.031,0.0328,0.0362,true
Te Pāti Māori,2023-09-03,0.0309,0.026,0.0288,0.0309,0.0327,0.0364,true
Te Pāti Māori,2023-09-10,0.0302,0.0252,0.028,0.0301,0.0324,0.0355,true
Te Pāti Māori,2023-09-17,0.0292,0.0244,0.0272,0.0293,0.0311,0.0335,true
Te Pāti Māori,2023-09-24,0.0293,0.0252,0.0275,0.0293,0.031,0.0336,true
Te Pāti Māori,2023-10-01,0.0293,0.0257,0.0279,0.0293,0.0307,0.0328,true
Te Pāti Māori,2023-10-08,0.0308,0.0308,0.0308,0.0308,0.0308,0.0308,true
Te Pāti Māori,2023-10-15,0.0313,0.0287,0.0303,0.0311,0.0322,0.0341,true
Te Pāti Māori,2023-10-22,0.0318,0.0283,0.0302,0.0315,0.0331,0.0359,true
Te Pāti Māori,2023-10-29,0.0323,0.028,0.0306,0.0321,0.034,0.037,true
Te Pāti Māori,2023-11-05,0.0329,0.0281,0.031,0.0327,0.0349,0.0378,true
Te Pāti Māori,2023-11-12,0.0332,0.0282,0.0311,0.033,0.0353,0.039,true
Te Pāti Māori,2023-11-19,0.0342,0.0286,0.0319,0.0339,0.0361,0.0405,true
Te Pāti Māori,2023-11-26,0.035,0.029,0.0325,0.0348,0.0374,0.0416,true
Te Pāti Māori,2023-12-03,0.0359,0.0293,0.0332,0.036,0.0385,0.0423,true
Te Pāti Māori,2023-12-10,0.036,0.0292,0.033,0.0359,0.0387,0.0431,true
Te Pāti Māori,2023-12-17,0.0361,0.0293,0.033,0.0359,0.039,0.0436,true
Te Pāti Māori,2023-12-24,0.0361,0.0291,0.033,0.0359,0.0391,0.0439,true
Te Pāti Māori,2023-12-31,0.0362,0.0291,0.0332,0.0358,0.039,0.044,true
Te Pāti Māori,2024-01-07,0.0363,0.0298,0.0335,0.0362,0.0392,0.0432,true
Te Pāti Māori,2024-01-14,0.0365,0.0296,0.0335,0.0364,0.0392,0.0435,true
Te Pāti Māori,2024-01-21,0.0367,0.0301,0.0337,0.0365,0.0393,0.0439,true
Te Pāti Māori,2024-01-28,0.0368,0.0302,0.0341,0.0366,0.0393,0.0445,true
Te Pāti Māori,2024-02-04,0.0369,0.0304,0.0343,0.0367,0.0392,0.0443,true
Te Pāti Māori,2024-02-11,0.0364,0.0299,0.0337,0.0364,0.039,0.043,true
Te Pāti Māori,2024-02-18,0.036,0.0293,0.0333,0.0359,0.0386,0.0427,true
Te Pāti Māori,2024-02-25,0.0357,0.0287,0.0329,0.0358,0.0383,0.0426,true
Te Pāti Māori,2024-03-03,0.0353,0.0289,0.0327,0.035,0.0379,0.0423,true
Te Pāti Māori,2024-03-10,0.0356,0.0287,0.0328,0.0356,0.0381,0.0428,true
Te Pāti Māori,2024-03-17,0.036,0.0295,0.0331,0.0358,0.0385,0.0431,true
Te Pāti Māori,2024-03-24,0.0364,0.0301,0.0336,0.0362,0.039,0.0442,true
Te Pāti Māori,2024-03-31,0.037,0.0303,0.0342,0.0366,0.0396,0.0447,true
Te Pāti Māori,2024-04-07,0.0375,0.0306,0.0345,0.0371,0.0403,0.0455,true
Te Pāti Māori,2024-04-14,0.0368,0.0299,0.0337,0.0366,0.0398,0.0443,true
Te Pāti Māori,2024-04-21,0.0362,0.0292,0.0331,0.0359,0.0394,0.0433,true
Te Pāti Māori,2024-04-28,0.0358,0.0293,0.0328,0.0355,0.0386,0.043,true
Te Pāti Māori,2024-05-05,0.0354,0.029,0.0326,0.0352,0.0378,0.0426,true
Te Pāti Māori,2024-05-12,0.0355,0.0291,0.0326,0.0352,0.0381,0.0431,true
Te Pāti Māori,2024-05-19,0.0359,0.0292,0.0328,0.0356,0.0386,0.0434,true
Te Pāti Māori,2024-05-26,0.0362,0.0297,0.0331,0.0361,0.0388,0.0441,true
Te Pāti Māori,2024-06-02,0.0364,0.0296,0.0336,0.0362,0.039,0.0438,true
Te Pāti Māori,2024-06-09,0.0364,0.0294,0.0337,0.0362,0.0389,0.0439,true
Te Pāti Māori,2024-06-16,0.0371,0.0301,0.0342,0.0371,0.0398,0.045,true
Te Pāti Māori,2024-06-23,0.0382,0.0308,0.0353,0.0379,0.0411,0.0463,true
Te Pāti Māori,2024-06-30,0.0392,0.0316,0.0362,0.0388,0.0419,0.0478,true
Te Pāti Māori,2024-07-07,0.0403,0.033,0.0373,0.0399,0.0432,0.0489,true
Te Pāti Māori,2024-07-14,0.0403,0.0328,0.0371,0.04,0.0435,0.0491,true
Te Pāti Māori,2024-07-21,0.0401,0.0324,0.0369,0.0397,0.0429,0.0483,true
Te Pāti Māori,2024-07-28,0.0399,0.0324,0.0367,0.0397,0.0428,0.0487,true
Te Pāti Māori,2024-08-04,0.0397,0.0324,0.0364,0.0396,0.0428,0.0478,true
Te Pāti Māori,2024-08-11,0.0397,0.0325,0.0367,0.0397,0.0427,0.0477,true
Te Pāti Māori,2024-08-18,0.0401,0.0326,0.0368,0.04,0.0429,0.0486,true
Te Pāti Māori,2024-08-25,0.0403,0.0333,0.0371,0.0401,0.0434,0.0483,true
Te Pāti Māori,2024-09-01,0.0407,0.0332,0.0373,0.0406,0.0438,0.0482,true
Te Pāti Māori,2024-09-08,0.041,0.0338,0.0379,0.041,0.0439,0.0488,true
Te Pāti Māori,2024-09-15,0.0413,0.0337,0.0384,0.0413,0.0442,0.0493,true
Te Pāti Māori,2024-09-22,0.0416,0.034,0.0385,0.0417,0.0444,0.0496,true
Te Pāti Māori,2024-09-29,0.0419,0.035,0.0385,0.0418,0.045,0.05,true
Te Pāti Māori,2024-10-06,0.0427,0.0357,0.0393,0.0424,0.0457,0.0506,true
Te Pāti Māori,2024-10-13,0.0437,0.0361,0.0401,0.0435,0.0468,0.0522,true
Te Pāti Māori,2024-10-20,0.0448,0.037,0.0411,0.0447,0.0482,0.0534,true
Te Pāti Māori,2024-10-27,0.0461,0.0377,0.0423,0.0462,0.0494,0.055,true
Te Pāti Māori,2024-11-03,0.047,0.0387,0.0435,0.0471,0.0504,0.0559,true
Te Pāti Māori,2024-11-10,0.051,0.0427,0.0471,0.0508,0.0546,0.06,true
Te Pāti Māori,2024-11-17,0.0512,0.0429,0.0475,0.0508,0.0544,0.061,true
Te Pāti Māori,2024-11-24,0.0515,0.0434,0.0477,0.0511,0.0547,0.061,true
Te Pāti Māori,2024-12-01,0.0523,0.0439,0.0486,0.052,0.0555,0.062,true
Te Pāti Māori,2024-12-08,0.0514,0.0432,0.0474,0.0511,0.055,0.0607,true
Te Pāti Māori,2024-12-15,0.0508,0.042,0.0468,0.0501,0.0544,0.0604,true
Te Pāti Māori,2024-12-22,0.05,0.0418,0.0459,0.0495,0.0539,0.0599,true
Te Pāti Māori,2024-12-29,0.0492,0.0407,0.0453,0.0491,0.0527,0.0582,true
Te Pāti Māori,2025-01-05,0.0484,0.0404,0.0447,0.0483,0.0518,0.0571,true
Te Pāti Māori,2025-01-12,0.0476,0.04,0.0442,0.0473,0.0509,0.0558,true
Te Pāti Māori,2025-01-19,0.0464,0.0384,0.0429,0.0466,0.0497,0.0545,true
Te Pāti Māori,2025-01-26,0.0451,0.0372,0.0418,0.045,0.0485,0.0539,true
Te Pāti Māori,2025-02-02,0.0439,0.0367,0.0407,0.0437,0.0469,0.0521,true
Te Pāti Māori,2025-02-09,0.043,0.0356,0.0397,0.0427,0.0465,0.051,true
Te Pāti Māori,2025-02-16,0.0435,0.0364,0.0402,0.0432,0.0469,0.0517,true
Te Pāti Māori,2025-02-23,0.0441,0.0369,0.0407,0.0438,0.0473,0.0523,true
Te Pāti Māori,2025-03-02,0.0445,0.0374,0.0412,0.0442,0.0478,0.0521,true
Te Pāti Māori,2025-03-09,0.044,0.0365,0.0409,0.0437,0.0472,0.0515,true
Te Pāti Māori,2025-03-16,0.0436,0.0363,0.0405,0.0433,0.0465,0.0512,true
Te Pāti Māori,2025-03-23,0.043,0.0357,0.0398,0.043,0.046,0.0505,true
Te Pāti Māori,2025-03-30,0.0422,0.0353,0.0392,0.0422,0.045,0.0495,true
Te Pāti Māori,2025-04-06,0.0415,0.0345,0.0386,0.0415,0.0442,0.0489,true
Te Pāti Māori,2025-04-13,0.0412,0.0341,0.0382,0.0411,0.044,0.0489,true
Te Pāti Māori,2025-04-20,0.041,0.034,0.0381,0.0407,0.0438,0.0485,true
Te Pāti Māori,2025-04-27,0.0407,0.0333,0.0377,0.0404,0.0435,0.048,true
Te Pāti Māori,2025-05-04,0.0405,0.0338,0.0375,0.0403,0.0435,0.0479,true
Te Pāti Māori,2025-05-11,0.0402,0.0332,0.0374,0.0399,0.0428,0.0479,true
Te Pāti Māori,2025-05-18,0.0398,0.0324,0.037,0.0393,0.0427,0.0478,true
Te Pāti Māori,2025-05-25,0.0395,0.0328,0.0365,0.0393,0.0423,0.047,true
Te Pāti Māori,2025-06-01,0.0388,0.0325,0.0356,0.0388,0.0415,0.046,true
Te Pāti Māori,2025-06-08,0.0382,0.0321,0.0354,0.0382,0.0409,0.0448,true
Te Pāti Māori,2025-06-15,0.0377,0.0318,0.0349,0.0376,0.0402,0.0442,true
Te Pāti Māori,2025-06-22,0.0373,0.0309,0.0346,0.0372,0.04,0.0442,true
Te Pāti Māori,2025-06-29,0.0369,0.0308,0.0342,0.0367,0.0396,0.0435,true
Te Pāti Māori,2025-07-06,0.0365,0.0303,0.0338,0.0365,0.0391,0.0432,true
Te Pāti Māori,2025-07-13,0.0362,0.0299,0.0334,0.0363,0.0387,0.0426,true
Te Pāti Māori,2025-07-20,0.0362,0.0298,0.0331,0.0362,0.0388,0.0437,true
Te Pāti Māori,2025-07-27,0.0362,0.0296,0.0334,0.0361,0.0388,0.043,true
Te Pāti Māori,2025-08-03,0.0362,0.0296,0.0335,0.0361,0.0388,0.0428,true
Te Pāti Māori,2025-08-10,0.0356,0.0288,0.0328,0.0354,0.0384,0.0421,true
Te Pāti Māori,2025-08-17,0.0357,0.0294,0.0329,0.0356,0.0386,0.0428,true
Te Pāti Māori,2025-08-24,0.0359,0.0295,0.0334,0.0358,0.0385,0.0428,true
Te Pāti Māori,2025-08-31,0.0362,0.0299,0.0333,0.0362,0.0391,0.0427,true
Te Pāti Māori,2025-09-07,0.0361,0.0296,0.0333,0.0359,0.0386,0.0428,true
Te Pāti Māori,2025-09-14,0.0351,0.0288,0.0323,0.0347,0.0378,0.042,true
Te Pāti Māori,2025-09-21,0.0341,0.0273,0.0314,0.034,0.0367,0.041,true
Te Pāti Māori,2025-09-28,0.0331,0.0271,0.0307,0.033,0.0356,0.0394,true
Te Pāti Māori,2025-10-05,0.0321,0.0261,0.0294,0.0321,0.0346,0.0381,true
Te Pāti Māori,2025-10-12,0.0297,0.0241,0.0271,0.0295,0.0321,0.036,true
Te Pāti Māori,2025-10-19,0.0288,0.0234,0.0265,0.0286,0.0309,0.0348,true
Te Pāti Māori,2025-10-26,0.0278,0.0228,0.0255,0.0277,0.0298,0.0343,true
Te Pāti Māori,2025-11-02,0.0269,0.0222,0.0247,0.0267,0.0289,0.0325,true
Te Pāti Māori,2025-11-09,0.0262,0.0219,0.0238,0.026,0.0283,0.0315,true
Te Pāti Māori,2025-11-16,0.0259,0.0212,0.0237,0.0257,0.0278,0.0316,true
Te Pāti Māori,2025-11-23,0.0257,0.0209,0.0235,0.0255,0.0275,0.0312,true
Te Pāti Māori,2025-11-30,0.0253,0.0206,0.0232,0.0251,0.0272,0.0312,true
Te Pāti Māori,2025-12-07,0.0254,0.0206,0.0233,0.0251,0.0273,0.0311,true
Te Pāti Māori,2025-12-14,0.0255,0.0207,0.0231,0.0252,0.0276,0.0313,true
Te Pāti Māori,2025-12-21,0.0255,0.0204,0.0232,0.0254,0.0274,0.0308,true
Te Pāti Māori,2025-12-28,0.0256,0.0208,0.0232,0.0254,0.0277,0.0312,true
Te Pāti Māori,2026-01-04,0.0256,0.021,0.0233,0.0253,0.0277,0.0312,true
Te Pāti Māori,2026-01-11,0.0257,0.0209,0.0235,0.0255,0.0276,0.031,true
Te Pāti Māori,2026-01-18,0.0258,0.0211,0.0235,0.0255,0.0279,0.031,true
Te Pāti Māori,2026-01-25,0.0254,0.0205,0.0232,0.0252,0.0275,0.0308,true
Te Pāti Māori,2026-02-01,0.025,0.0204,0.0228,0.0248,0.027,0.03,true
Te Pāti Māori,2026-02-08,0.0247,0.0201,0.0226,0.0246,0.0265,0.0298,true
Te Pāti Māori,2026-02-15,0.0247,0.0202,0.0229,0.0244,0.0265,0.0297,true
Te Pāti Māori,2026-02-22,0.0246,0.0199,0.0226,0.0245,0.0264,0.0299,true
Te Pāti Māori,2026-03-01,0.0245,0.0202,0.0224,0.0243,0.0264,0.0297,true
Te Pāti Māori,2026-03-08,0.0247,0.0199,0.0226,0.0246,0.0266,0.0298,true
Te Pāti Māori,2026-03-15,0.0248,0.0203,0.0227,0.0245,0.0269,0.0301,true
Te Pāti Māori,2026-03-22,0.0247,0.0198,0.0226,0.0244,0.0267,0.0301,true
Te Pāti Māori,2026-03-29,0.0245,0.0196,0.0223,0.0243,0.0265,0.0301,true
Te Pāti Māori,2026-04-05,0.0243,0.0196,0.0221,0.024,0.0262,0.0299,true
Te Pāti Māori,2026-04-12,0.0242,0.0196,0.0221,0.0239,0.0262,0.0297,true
Te Pāti Māori,2026-04-19,0.0243,0.0194,0.0221,0.0241,0.0262,0.0301,true
Te Pāti Māori,2026-04-26,0.0244,0.0196,0.0222,0.0241,0.0262,0.0302,true
Te Pāti Māori,2026-05-03,0.0246,0.0201,0.0225,0.0245,0.0264,0.0305,true
Te Pāti Māori,2026-05-10,0.0246,0.0201,0.0225,0.0245,0.0265,0.0299,true
Te Pāti Māori,2026-05-17,0.0245,0.0199,0.0223,0.0243,0.0266,0.0298,true
Te Pāti Māori,2026-05-24,0.0244,0.0199,0.0222,0.0241,0.0263,0.0298,true
Te Pāti Māori,2026-05-31,0.0243,0.0201,0.0221,0.024,0.0263,0.0297,true
Te Pāti Māori,2026-06-07,0.0242,0.0198,0.0221,0.0241,0.026,0.0294,true
Te Pāti Māori,2026-06-14,0.0237,0.0192,0.0218,0.0236,0.0255,0.0287,true
Te Pāti Māori,2026-06-21,0.0237,0.0191,0.0218,0.0236,0.0256,0.0289,true
Te Pāti Māori,2026-06-28,0.0237,0.0191,0.0217,0.0236,0.0254,0.0285,true
Te Pāti Māori,2026-07-05,0.0235,0.0189,0.0214,0.0233,0.0254,0.0287,true
Te Pāti Māori,2026-07-12,0.0234,0.019,0.0214,0.0232,0.0252,0.0285,true
Te Pāti Māori,2026-07-19,0.0231,0.0186,0.021,0.0229,0.0249,0.0283,true
Te Pāti Māori,2026-07-26,0.0227,0.0182,0.0207,0.0226,0.0245,0.0278,true
Te Pāti Māori,2026-08-02,0.0224,0.018,0.0203,0.0223,0.0241,0.0274,true
Te Pāti Māori,2026-08-09,0.0221,0.0176,0.02,0.0218,0.0239,0.0272,true
Te Pāti Māori,2026-08-16,0.0223,0.0176,0.0201,0.022,0.0242,0.0276,true
Te Pāti Māori,2026-08-23,0.0221,0.0172,0.0199,0.022,0.0242,0.0274,true
Te Pāti Māori,2026-08-30,0.022,0.0171,0.0197,0.0218,0.0239,0.0272,true
Te Pāti Māori,2026-09-06,0.022,0.017,0.0197,0.0216,0.0242,0.0278,true
Te Pāti Māori,2026-09-13,0.022,0.0161,0.0192,0.0218,0.0243,0.0284,false
Te Pāti Māori,2026-09-20,0.022,0.0154,0.0189,0.0219,0.0248,0.0295,false
Te Pāti Māori,2026-09-27,0.0219,0.0144,0.0187,0.0219,0.0249,0.0307,false
Te Pāti Māori,2026-10-04,0.022,0.0141,0.0183,0.0214,0.0249,0.0317,false
Te Pāti Māori,2026-10-11,0.0221,0.0136,0.0178,0.0216,0.0251,0.0325,false
Te Pāti Māori,2026-10-18,0.0222,0.0133,0.0174,0.0215,0.0255,0.0343,false
Te Pāti Māori,2026-10-25,0.0223,0.0127,0.0173,0.0211,0.0262,0.035,false
Te Pāti Māori,2026-11-01,0.0221,0.0125,0.0166,0.0209,0.0262,0.0356,false
TOP,2011-11-20,0.002,0.002,0.002,0.002,0.002,0.002,true
TOP,2011-11-27,0.002,0.0017,0.0019,0.002,0.0021,0.0023,true
TOP,2011-12-04,0.002,0.0016,0.0018,0.002,0.0022,0.0025,true
TOP,2011-12-11,0.002,0.0015,0.0018,0.002,0.0022,0.0027,true
TOP,2011-12-18,0.002,0.0014,0.0017,0.002,0.0022,0.0028,true
TOP,2011-12-25,0.0021,0.0014,0.0017,0.002,0.0023,0.0029,true
TOP,2012-01-01,0.0021,0.0013,0.0017,0.002,0.0023,0.0031,true
TOP,2012-01-08,0.0021,0.0013,0.0017,0.002,0.0024,0.0031,true
TOP,2012-01-15,0.0021,0.0012,0.0016,0.002,0.0024,0.0032,true
TOP,2012-01-22,0.0021,0.0012,0.0016,0.0019,0.0024,0.0033,true
TOP,2012-01-29,0.0021,0.0012,0.0016,0.002,0.0024,0.0034,true
TOP,2012-02-05,0.0021,0.0012,0.0016,0.0019,0.0024,0.0034,true
TOP,2012-02-12,0.0021,0.0012,0.0016,0.0019,0.0024,0.0035,true
TOP,2012-02-19,0.0021,0.0011,0.0015,0.0019,0.0025,0.0036,true
TOP,2012-02-26,0.0021,0.0011,0.0015,0.0019,0.0025,0.0036,true
TOP,2012-03-04,0.0021,0.0011,0.0015,0.002,0.0026,0.0038,true
TOP,2012-03-11,0.0022,0.0011,0.0015,0.002,0.0026,0.0039,true
TOP,2012-03-18,0.0022,0.0011,0.0015,0.002,0.0026,0.0039,true
TOP,2012-03-25,0.0022,0.001,0.0015,0.002,0.0027,0.004,true
TOP,2012-04-01,0.0023,0.001,0.0016,0.002,0.0027,0.0043,true
TOP,2012-04-08,0.0023,0.001,0.0015,0.0021,0.0028,0.0046,true
TOP,2012-04-15,0.0023,0.001,0.0015,0.002,0.0028,0.0046,true
TOP,2012-04-22,0.0023,0.001,0.0015,0.002,0.0028,0.0046,true
TOP,2012-04-29,0.0023,0.001,0.0015,0.002,0.0028,0.0047,true
TOP,2012-05-06,0.0024,0.0009,0.0015,0.002,0.0029,0.0049,true
TOP,2012-05-13,0.0024,0.0009,0.0015,0.002,0.0029,0.0051,true
TOP,2012-05-20,0.0024,0.0009,0.0015,0.002,0.003,0.0052,true
TOP,2012-05-27,0.0024,0.0009,0.0015,0.002,0.003,0.0051,true
TOP,2012-06-03,0.0024,0.0009,0.0015,0.002,0.003,0.0052,true
TOP,2012-06-10,0.0024,0.0008,0.0015,0.002,0.003,0.0054,true
TOP,2012-06-17,0.0024,0.0008,0.0014,0.002,0.003,0.0052,true
TOP,2012-06-24,0.0025,0.0008,0.0014,0.002,0.0031,0.0055,true
TOP,2012-07-01,0.0025,0.0009,0.0014,0.002,0.0032,0.0057,true
TOP,2012-07-08,0.0026,0.0009,0.0014,0.002,0.0032,0.0057,true
TOP,2012-07-15,0.0026,0.0009,0.0014,0.0021,0.0034,0.0059,true
TOP,2012-07-22,0.0027,0.0009,0.0015,0.0021,0.0034,0.0061,true
TOP,2012-07-29,0.0027,0.0009,0.0015,0.0021,0.0034,0.0064,true
TOP,2012-08-05,0.0027,0.0008,0.0015,0.0021,0.0035,0.0065,true
TOP,2012-08-12,0.0027,0.0008,0.0015,0.0021,0.0035,0.0063,true
TOP,2012-08-19,0.0027,0.0008,0.0015,0.0022,0.0035,0.0066,true
TOP,2012-08-26,0.0027,0.0008,0.0015,0.0022,0.0035,0.0064,true
TOP,2012-09-02,0.0028,0.0009,0.0015,0.0021,0.0035,0.0064,true
TOP,2012-09-09,0.0028,0.0008,0.0015,0.0022,0.0035,0.0067,true
TOP,2012-09-16,0.0028,0.0008,0.0015,0.0022,0.0035,0.0069,true
TOP,2012-09-23,0.0028,0.0008,0.0015,0.0022,0.0035,0.0071,true
TOP,2012-09-30,0.0029,0.0008,0.0015,0.0022,0.0035,0.0075,true
TOP,2012-10-07,0.0029,0.0008,0.0015,0.0022,0.0036,0.0074,true
TOP,2012-10-14,0.0029,0.0008,0.0016,0.0023,0.0035,0.0074,true
TOP,2012-10-21,0.0029,0.0009,0.0015,0.0022,0.0035,0.0077,true
TOP,2012-10-28,0.0029,0.0008,0.0015,0.0023,0.0036,0.0074,true
TOP,2012-11-04,0.0029,0.0009,0.0015,0.0023,0.0034,0.0077,true
TOP,2012-11-11,0.0029,0.0008,0.0015,0.0023,0.0035,0.0075,true
TOP,2012-11-18,0.0029,0.0008,0.0015,0.0022,0.0035,0.007,true
TOP,2012-11-25,0.0028,0.0008,0.0014,0.0022,0.0034,0.0073,true
TOP,2012-12-02,0.0028,0.0008,0.0014,0.0022,0.0034,0.007,true
TOP,2012-12-09,0.0029,0.0008,0.0014,0.0022,0.0035,0.0069,true
TOP,2012-12-16,0.0029,0.0009,0.0014,0.0022,0.0035,0.007,true
TOP,2012-12-23,0.0029,0.0008,0.0015,0.0023,0.0035,0.0072,true
TOP,2012-12-30,0.0029,0.0009,0.0015,0.0023,0.0034,0.0077,true
TOP,2013-01-06,0.003,0.0008,0.0015,0.0023,0.0034,0.0075,true
TOP,2013-01-13,0.003,0.0008,0.0015,0.0023,0.0035,0.0075,true
TOP,2013-01-20,0.003,0.0008,0.0015,0.0023,0.0036,0.0075,true
TOP,2013-01-27,0.003,0.0008,0.0014,0.0023,0.0036,0.0078,true
TOP,2013-02-03,0.003,0.0008,0.0014,0.0023,0.0036,0.008,true
TOP,2013-02-10,0.003,0.0008,0.0015,0.0023,0.0036,0.008,true
TOP,2013-02-17,0.0031,0.0009,0.0015,0.0022,0.0036,0.0081,true
TOP,2013-02-24,0.0031,0.0008,0.0015,0.0023,0.0036,0.0088,true
TOP,2013-03-03,0.0031,0.0008,0.0015,0.0022,0.0037,0.0084,true
TOP,2013-03-10,0.0032,0.0008,0.0015,0.0022,0.0037,0.0085,true
TOP,2013-03-17,0.0032,0.0008,0.0015,0.0023,0.0038,0.0087,true
TOP,2013-03-24,0.0032,0.0008,0.0014,0.0023,0.0037,0.009,true
TOP,2013-03-31,0.0033,0.0008,0.0015,0.0023,0.0039,0.0095,true
TOP,2013-04-07,0.0033,0.0008,0.0015,0.0024,0.0038,0.0098,true
TOP,2013-04-14,0.0034,0.0009,0.0015,0.0024,0.0039,0.0099,true
TOP,2013-04-21,0.0035,0.0008,0.0015,0.0024,0.0039,0.0101,true
TOP,2013-04-28,0.0035,0.0008,0.0015,0.0024,0.0039,0.0101,true
TOP,2013-05-05,0.0035,0.0008,0.0015,0.0024,0.004,0.0099,true
TOP,2013-05-12,0.0035,0.0008,0.0015,0.0024,0.0039,0.0102,true
TOP,2013-05-19,0.0035,0.0008,0.0015,0.0024,0.004,0.0106,true
TOP,2013-05-26,0.0035,0.0008,0.0016,0.0025,0.004,0.0106,true
TOP,2013-06-02,0.0035,0.0008,0.0016,0.0025,0.0041,0.0104,true
TOP,2013-06-09,0.0035,0.0008,0.0016,0.0024,0.0041,0.0097,true
TOP,2013-06-16,0.0035,0.0009,0.0017,0.0024,0.0041,0.0096,true
TOP,2013-06-23,0.0035,0.0009,0.0017,0.0024,0.0042,0.0097,true
TOP,2013-06-30,0.0035,0.0009,0.0017,0.0025,0.0042,0.0098,true
TOP,2013-07-07,0.0035,0.0009,0.0017,0.0025,0.0041,0.0098,true
TOP,2013-07-14,0.0034,0.0009,0.0017,0.0025,0.0041,0.0098,true
TOP,2013-07-21,0.0034,0.0009,0.0016,0.0024,0.0041,0.0095,true
TOP,2013-07-28,0.0033,0.0009,0.0016,0.0024,0.0041,0.0088,true
TOP,2013-08-04,0.0033,0.0009,0.0016,0.0023,0.0041,0.0086,true
TOP,2013-08-11,0.0033,0.0009,0.0016,0.0024,0.004,0.0084,true
TOP,2013-08-18,0.0032,0.0009,0.0016,0.0024,0.004,0.0086,true
TOP,2013-08-25,0.0032,0.0009,0.0016,0.0023,0.0039,0.0088,true
TOP,2013-09-01,0.0032,0.0008,0.0016,0.0023,0.0038,0.0084,true
TOP,2013-09-08,0.0031,0.0008,0.0015,0.0022,0.0038,0.0082,true
TOP,2013-09-15,0.0031,0.0008,0.0015,0.0022,0.0037,0.0083,true
TOP,2013-09-22,0.003,0.0008,0.0015,0.0022,0.0036,0.0082,true
TOP,2013-09-29,0.003,0.0008,0.0015,0.0022,0.0037,0.0084,true
TOP,2013-10-06,0.003,0.0008,0.0015,0.0021,0.0036,0.0083,true
TOP,2013-10-13,0.0031,0.0008,0.0015,0.0022,0.0037,0.0087,true
TOP,2013-10-20,0.0031,0.0008,0.0015,0.0022,0.0037,0.0088,true
TOP,2013-10-27,0.0031,0.0008,0.0015,0.0022,0.0035,0.0091,true
TOP,2013-11-03,0.0031,0.0008,0.0015,0.0022,0.0036,0.0089,true
TOP,2013-11-10,0.0031,0.0008,0.0015,0.0023,0.0035,0.0096,true
TOP,2013-11-17,0.0032,0.0008,0.0015,0.0022,0.0035,0.0094,true
TOP,2013-11-24,0.0031,0.0009,0.0015,0.0023,0.0035,0.0091,true
TOP,2013-12-01,0.0031,0.0009,0.0015,0.0023,0.0036,0.0091,true
TOP,2013-12-08,0.0031,0.0009,0.0015,0.0022,0.0036,0.009,true
TOP,2013-12-15,0.003,0.0009,0.0015,0.0022,0.0036,0.0089,true
TOP,2013-12-22,0.003,0.0009,0.0015,0.0023,0.0036,0.0083,true
TOP,2013-12-29,0.003,0.0009,0.0015,0.0022,0.0036,0.0079,true
TOP,2014-01-05,0.0029,0.0009,0.0015,0.0022,0.0035,0.0074,true
TOP,2014-01-12,0.0029,0.0009,0.0015,0.0022,0.0035,0.0073,true
TOP,2014-01-19,0.0029,0.0009,0.0015,0.0022,0.0035,0.007,true
TOP,2014-01-26,0.0029,0.0009,0.0015,0.0023,0.0035,0.0069,true
TOP,2014-02-02,0.0028,0.0009,0.0015,0.0022,0.0035,0.0069,true
TOP,2014-02-09,0.0028,0.0009,0.0015,0.0023,0.0034,0.0068,true
TOP,2014-02-16,0.0028,0.0009,0.0015,0.0022,0.0035,0.0067,true
TOP,2014-02-23,0.0028,0.0009,0.0015,0.0022,0.0034,0.0068,true
TOP,2014-03-02,0.0028,0.001,0.0016,0.0023,0.0034,0.0066,true
TOP,2014-03-09,0.0028,0.001,0.0016,0.0023,0.0034,0.0066,true
TOP,2014-03-16,0.0028,0.001,0.0016,0.0023,0.0034,0.0067,true
TOP,2014-03-23,0.0028,0.001,0.0016,0.0022,0.0033,0.0067,true
TOP,2014-03-30,0.0027,0.0009,0.0016,0.0023,0.0034,0.0066,true
TOP,2014-04-06,0.0028,0.001,0.0016,0.0022,0.0034,0.0064,true
TOP,2014-04-13,0.0027,0.001,0.0016,0.0022,0.0033,0.0063,true
TOP,2014-04-20,0.0027,0.001,0.0016,0.0022,0.0032,0.0062,true
TOP,2014-04-27,0.0027,0.001,0.0016,0.0022,0.0031,0.006,true
TOP,2014-05-04,0.0026,0.001,0.0016,0.0022,0.0031,0.0062,true
TOP,2014-05-11,0.0026,0.001,0.0016,0.0022,0.0031,0.0058,true
TOP,2014-05-18,0.0026,0.001,0.0016,0.0022,0.0032,0.0055,true
TOP,2014-05-25,0.0026,0.001,0.0016,0.0022,0.0031,0.0053,true
TOP,2014-06-01,0.0025,0.001,0.0016,0.0021,0.0031,0.0052,true
TOP,2014-06-08,0.0025,0.001,0.0016,0.0022,0.003,0.0055,true
TOP,2014-06-15,0.0026,0.001,0.0016,0.0022,0.0031,0.0056,true
TOP,2014-06-22,0.0025,0.001,0.0016,0.0022,0.0031,0.0055,true
TOP,2014-06-29,0.0025,0.001,0.0016,0.0022,0.003,0.0053,true
TOP,2014-07-06,0.0025,0.0011,0.0016,0.0022,0.003,0.005,true
TOP,2014-07-13,0.0025,0.001,0.0016,0.0022,0.0029,0.0051,true
TOP,2014-07-20,0.0024,0.001,0.0016,0.0021,0.0029,0.0047,true
TOP,2014-07-27,0.0023,0.001,0.0015,0.0021,0.0027,0.0047,true
TOP,2014-08-03,0.0023,0.0011,0.0015,0.002,0.0026,0.0042,true
TOP,2014-08-10,0.0022,0.0011,0.0016,0.002,0.0026,0.0039,true
TOP,2014-08-17,0.0021,0.0011,0.0016,0.0019,0.0025,0.0035,true
TOP,2014-08-24,0.0021,0.0012,0.0016,0.002,0.0024,0.0033,true
TOP,2014-08-31,0.0021,0.0013,0.0017,0.002,0.0024,0.003,true
TOP,2014-09-07,0.002,0.0015,0.0018,0.002,0.0022,0.0026,true
TOP,2014-09-14,0.002,0.002,0.002,0.002,0.002,0.002,true
TOP,2014-09-21,0.002,0.0018,0.0019,0.002,0.0021,0.0023,true
TOP,2014-09-28,0.0021,0.0017,0.0019,0.002,0.0022,0.0025,true
TOP,2014-10-05,0.0021,0.0016,0.0019,0.002,0.0023,0.0026,true
TOP,2014-10-12,0.0021,0.0016,0.0019,0.0021,0.0023,0.0028,true
TOP,2014-10-19,0.0021,0.0015,0.0019,0.0021,0.0024,0.0029,true
TOP,2014-10-26,0.0022,0.0015,0.0018,0.0021,0.0024,0.003,true
TOP,2014-11-02,0.0022,0.0015,0.0019,0.0021,0.0025,0.0032,true
TOP,2014-11-09,0.0022,0.0015,0.0019,0.0022,0.0025,0.0032,true
TOP,2014-11-16,0.0022,0.0014,0.0018,0.0022,0.0026,0.0032,true
TOP,2014-11-23,0.0022,0.0014,0.0018,0.0022,0.0026,0.0032,true
TOP,2014-11-30,0.0023,0.0013,0.0019,0.0022,0.0026,0.0035,true
TOP,2014-12-07,0.0023,0.0014,0.0019,0.0022,0.0026,0.0036,true
TOP,2014-12-14,0.0023,0.0013,0.0019,0.0022,0.0027,0.0036,true
TOP,2014-12-21,0.0024,0.0013,0.0019,0.0023,0.0027,0.0037,true
TOP,2014-12-28,0.0024,0.0013,0.0019,0.0023,0.0027,0.0037,true
TOP,2015-01-04,0.0024,0.0013,0.0019,0.0023,0.0028,0.0039,true
TOP,2015-01-11,0.0025,0.0013,0.0019,0.0023,0.0029,0.004,true
TOP,2015-01-18,0.0025,0.0013,0.0019,0.0024,0.0029,0.0039,true
TOP,2015-01-25,0.0025,0.0012,0.0018,0.0024,0.0029,0.0039,true
TOP,2015-02-01,0.0025,0.0013,0.0019,0.0024,0.0029,0.0041,true
TOP,2015-02-08,0.0025,0.0012,0.0018,0.0024,0.0029,0.0041,true
TOP,2015-02-15,0.0025,0.0012,0.0018,0.0024,0.003,0.0042,true
TOP,2015-02-22,0.0025,0.0013,0.0018,0.0024,0.003,0.0044,true
TOP,2015-03-01,0.0025,0.0013,0.0019,0.0024,0.0031,0.0043,true
TOP,2015-03-08,0.0026,0.0013,0.0019,0.0024,0.0031,0.0044,true
TOP,2015-03-15,0.0026,0.0013,0.0019,0.0024,0.0031,0.0045,true
TOP,2015-03-22,0.0027,0.0013,0.0019,0.0025,0.0032,0.0046,true
TOP,2015-03-29,0.0027,0.0013,0.002,0.0026,0.0033,0.0047,true
TOP,2015-04-05,0.0028,0.0013,0.002,0.0026,0.0033,0.0049,true
TOP,2015-04-12,0.0028,0.0013,0.002,0.0026,0.0034,0.005,true
TOP,2015-04-19,0.0029,0.0013,0.002,0.0026,0.0035,0.0052,true
TOP,2015-04-26,0.0029,0.0013,0.0021,0.0027,0.0036,0.0053,true
TOP,2015-05-03,0.003,0.0014,0.0021,0.0028,0.0036,0.0054,true
TOP,2015-05-10,0.003,0.0013,0.0021,0.0028,0.0038,0.0055,true
TOP,2015-05-17,0.0031,0.0014,0.0021,0.0028,0.0037,0.0055,true
TOP,2015-05-24,0.0031,0.0014,0.0021,0.0029,0.0037,0.0057,true
TOP,2015-05-31,0.0032,0.0014,0.0022,0.003,0.0038,0.0057,true
TOP,2015-06-07,0.0032,0.0014,0.0022,0.003,0.0039,0.0059,true
TOP,2015-06-14,0.0033,0.0014,0.0022,0.003,0.0039,0.0061,true
TOP,2015-06-21,0.0032,0.0013,0.0022,0.003,0.0039,0.006,true
TOP,2015-06-28,0.0033,0.0014,0.0022,0.003,0.004,0.0058,true
TOP,2015-07-05,0.0033,0.0014,0.0022,0.003,0.004,0.0058,true
TOP,2015-07-12,0.0033,0.0013,0.0023,0.0031,0.0041,0.006,true
TOP,2015-07-19,0.0033,0.0014,0.0023,0.0031,0.0041,0.006,true
TOP,2015-07-26,0.0033,0.0013,0.0023,0.0031,0.0042,0.006,true
TOP,2015-08-02,0.0034,0.0014,0.0024,0.0031,0.0042,0.006,true
TOP,2015-08-09,0.0034,0.0014,0.0024,0.0031,0.0042,0.006,true
TOP,2015-08-16,0.0034,0.0014,0.0024,0.0032,0.0042,0.006,true
TOP,2015-08-23,0.0034,0.0014,0.0024,0.0032,0.0042,0.006,true
TOP,2015-08-30,0.0034,0.0014,0.0024,0.0032,0.0042,0.0061,true
TOP,2015-09-06,0.0035,0.0015,0.0025,0.0032,0.0043,0.006,true
TOP,2015-09-13,0.0035,0.0016,0.0025,0.0033,0.0044,0.0062,true
TOP,2015-09-20,0.0036,0.0016,0.0025,0.0033,0.0045,0.0061,true
TOP,2015-09-27,0.0036,0.0016,0.0025,0.0034,0.0045,0.0063,true
TOP,2015-10-04,0.0037,0.0016,0.0026,0.0034,0.0046,0.0066,true
TOP,2015-10-11,0.0037,0.0017,0.0026,0.0035,0.0046,0.0068,true
TOP,2015-10-18,0.0038,0.0017,0.0026,0.0035,0.0047,0.0066,true
TOP,2015-10-25,0.0038,0.0017,0.0027,0.0036,0.0047,0.0068,true
TOP,2015-11-01,0.0039,0.0018,0.0027,0.0036,0.0048,0.0068,true
TOP,2015-11-08,0.0039,0.0018,0.0028,0.0037,0.0048,0.0067,true
TOP,2015-11-15,0.004,0.0018,0.0028,0.0038,0.0049,0.0069,true
TOP,2015-11-22,0.0041,0.0019,0.0029,0.0038,0.005,0.0071,true
TOP,2015-11-29,0.0042,0.002,0.003,0.0039,0.0051,0.0072,true
TOP,2015-12-06,0.0043,0.002,0.003,0.004,0.0052,0.0076,true
TOP,2015-12-13,0.0044,0.002,0.0031,0.0041,0.0053,0.0079,true
TOP,2015-12-20,0.0044,0.002,0.0031,0.0041,0.0054,0.0081,true
TOP,2015-12-27,0.0045,0.002,0.0032,0.0042,0.0055,0.0082,true
TOP,2016-01-03,0.0046,0.0021,0.0033,0.0043,0.0056,0.0084,true
TOP,2016-01-10,0.0047,0.0022,0.0033,0.0044,0.0057,0.0086,true
TOP,2016-01-17,0.0049,0.0021,0.0035,0.0045,0.0059,0.0088,true
TOP,2016-01-24,0.005,0.0022,0.0035,0.0046,0.006,0.0091,true
TOP,2016-01-31,0.0051,0.0023,0.0036,0.0047,0.0062,0.0094,true
TOP,2016-02-07,0.0052,0.0023,0.0036,0.0048,0.0065,0.0094,true
TOP,2016-02-14,0.0052,0.0023,0.0036,0.0048,0.0065,0.0096,true
TOP,2016-02-21,0.0053,0.0023,0.0036,0.0049,0.0066,0.0097,true
TOP,2016-02-28,0.0052,0.0024,0.0037,0.0048,0.0064,0.0097,true
TOP,2016-03-06,0.0052,0.0023,0.0037,0.0049,0.0064,0.0091,true
TOP,2016-03-13,0.0052,0.0024,0.0037,0.0049,0.0065,0.0091,true
TOP,2016-03-20,0.0053,0.0024,0.0037,0.005,0.0065,0.0092,true
TOP,2016-03-27,0.0053,0.0025,0.0038,0.005,0.0066,0.0094,true
TOP,2016-04-03,0.0054,0.0024,0.0038,0.0051,0.0066,0.0092,true
TOP,2016-04-10,0.0054,0.0025,0.0039,0.0052,0.0066,0.0092,true
TOP,2016-04-17,0.0054,0.0026,0.004,0.0052,0.0066,0.0092,true
TOP,2016-04-24,0.0054,0.0026,0.004,0.0051,0.0066,0.0092,true
TOP,2016-05-01,0.0054,0.0026,0.004,0.0053,0.0067,0.009,true
TOP,2016-05-08,0.0055,0.0026,0.004,0.0052,0.0067,0.0089,true
TOP,2016-05-15,0.0055,0.0026,0.0041,0.0053,0.0067,0.0091,true
TOP,2016-05-22,0.0056,0.0027,0.0042,0.0054,0.0068,0.009,true
TOP,2016-05-29,0.0058,0.0027,0.0043,0.0055,0.007,0.0094,true
TOP,2016-06-05,0.0059,0.0028,0.0044,0.0055,0.0071,0.0098,true
TOP,2016-06-12,0.006,0.0029,0.0044,0.0057,0.0073,0.0099,true
TOP,2016-06-19,0.006,0.0031,0.0045,0.0058,0.0073,0.0101,true
TOP,2016-06-26,0.0061,0.003,0.0045,0.0058,0.0075,0.0103,true
TOP,2016-07-03,0.0061,0.0031,0.0045,0.0058,0.0075,0.0099,true
TOP,2016-07-10,0.0061,0.0032,0.0046,0.0059,0.0076,0.0098,true
TOP,2016-07-17,0.0062,0.0032,0.0047,0.0059,0.0075,0.0098,true
TOP,2016-07-24,0.0062,0.0032,0.0047,0.0059,0.0074,0.0098,true
TOP,2016-07-31,0.0063,0.0033,0.0047,0.0061,0.0075,0.0098,true
TOP,2016-08-07,0.0064,0.0034,0.0049,0.0062,0.0076,0.01,true
TOP,2016-08-14,0.0065,0.0035,0.0051,0.0063,0.0077,0.0102,true
TOP,2016-08-21,0.0066,0.0035,0.0051,0.0064,0.0079,0.0103,true
TOP,2016-08-28,0.0066,0.0034,0.0051,0.0065,0.0078,0.0103,true
TOP,2016-09-04,0.0067,0.0036,0.0052,0.0065,0.0079,0.0103,true
TOP,2016-09-11,0.0066,0.0036,0.0052,0.0066,0.0079,0.01,true
TOP,2016-09-18,0.0069,0.0037,0.0053,0.0068,0.0082,0.0106,true
TOP,2016-09-25,0.0071,0.0038,0.0055,0.007,0.0086,0.0109,true
TOP,2016-10-02,0.0073,0.004,0.0058,0.007,0.0087,0.011,true
TOP,2016-10-09,0.0076,0.0042,0.006,0.0073,0.009,0.0115,true
TOP,2016-10-16,0.0078,0.0045,0.0062,0.0075,0.0091,0.012,true
TOP,2016-10-23,0.008,0.0045,0.0062,0.0078,0.0095,0.0124,true
TOP,2016-10-30,0.0082,0.0046,0.0065,0.008,0.0096,0.0124,true
TOP,2016-11-06,0.0084,0.0048,0.0066,0.0084,0.0098,0.013,true
TOP,2016-11-13,0.0085,0.0049,0.0067,0.0083,0.0099,0.0131,true
TOP,2016-11-20,0.0087,0.0051,0.0068,0.0085,0.0101,0.0134,true
TOP,2016-11-27,0.0089,0.0051,0.0071,0.0086,0.0104,0.0136,true
TOP,2016-12-04,0.009,0.0053,0.0071,0.0088,0.0106,0.014,true
TOP,2016-12-11,0.0091,0.0053,0.0073,0.0088,0.0106,0.0136,true
TOP,2016-12-18,0.0092,0.0054,0.0073,0.0091,0.0107,0.0138,true
TOP,2016-12-25,0.0093,0.0056,0.0075,0.0091,0.0109,0.0135,true
TOP,2017-01-01,0.0094,0.0057,0.0075,0.0092,0.011,0.0137,true
TOP,2017-01-08,0.0095,0.0058,0.0077,0.0093,0.011,0.0138,true
TOP,2017-01-15,0.0094,0.0058,0.0077,0.0092,0.0108,0.014,true
TOP,2017-01-22,0.0094,0.0058,0.0077,0.0091,0.0107,0.0141,true
TOP,2017-01-29,0.0093,0.0058,0.0077,0.0089,0.0106,0.0136,true
TOP,2017-02-05,0.0092,0.006,0.0076,0.009,0.0107,0.0136,true
TOP,2017-02-12,0.0092,0.0061,0.0076,0.009,0.0104,0.0132,true
TOP,2017-02-19,0.0093,0.0062,0.0077,0.0091,0.0105,0.0136,true
TOP,2017-02-26,0.0094,0.0061,0.0079,0.009,0.0107,0.0131,true
TOP,2017-03-05,0.0094,0.0063,0.0079,0.0093,0.0108,0.0131,true
TOP,2017-03-12,0.0095,0.0065,0.008,0.0093,0.0107,0.013,true
TOP,2017-03-19,0.0097,0.0066,0.0082,0.0096,0.0109,0.0134,true
TOP,2017-03-26,0.0099,0.0068,0.0084,0.0097,0.0113,0.0137,true
TOP,2017-04-02,0.0101,0.007,0.0086,0.01,0.0115,0.0139,true
TOP,2017-04-09,0.0104,0.0072,0.0089,0.0103,0.0118,0.0142,true
TOP,2017-04-16,0.0109,0.0075,0.0093,0.0108,0.0124,0.0148,true
TOP,2017-04-23,0.0114,0.0079,0.0098,0.0113,0.0128,0.0156,true
TOP,2017-04-30,0.0119,0.0084,0.0102,0.0118,0.0132,0.0161,true
TOP,2017-05-07,0.0123,0.0088,0.0106,0.0121,0.0138,0.0166,true
TOP,2017-05-14,0.013,0.0093,0.0112,0.0129,0.0145,0.0175,true
TOP,2017-05-21,0.0137,0.0099,0.0119,0.0136,0.0152,0.0178,true
TOP,2017-05-28,0.0137,0.0099,0.0121,0.0135,0.0153,0.018,true
TOP,2017-06-04,0.0137,0.0101,0.0121,0.0136,0.0152,0.0177,true
TOP,2017-06-11,0.0138,0.0103,0.0121,0.0136,0.0152,0.0178,true
TOP,2017-06-18,0.0141,0.0103,0.0124,0.0139,0.0156,0.0184,true
TOP,2017-06-25,0.0145,0.0106,0.0129,0.0142,0.0161,0.0193,true
TOP,2017-07-02,0.015,0.0108,0.0133,0.0148,0.0166,0.0195,true
TOP,2017-07-09,0.016,0.0115,0.014,0.0159,0.0177,0.0208,true
TOP,2017-07-16,0.0172,0.0122,0.015,0.0171,0.0192,0.0225,true
TOP,2017-07-23,0.0185,0.0135,0.0162,0.0183,0.0204,0.0241,true
TOP,2017-07-30,0.0196,0.0148,0.0174,0.0194,0.0216,0.0252,true
TOP,2017-08-06,0.0194,0.0142,0.0169,0.0195,0.0214,0.0254,true
TOP,2017-08-13,0.0204,0.015,0.0176,0.0201,0.0228,0.0279,true
TOP,2017-08-20,0.0192,0.0143,0.0171,0.0192,0.0215,0.0243,true
TOP,2017-08-27,0.0182,0.0134,0.016,0.018,0.0202,0.0235,true
TOP,2017-09-03,0.0189,0.015,0.017,0.0187,0.0206,0.0231,true
TOP,2017-09-10,0.02,0.0158,0.0182,0.0199,0.0218,0.0248,true
TOP,2017-09-17,0.0244,0.0244,0.0244,0.0244,0.0244,0.0244,true
TOP,2017-09-24,0.0233,0.0202,0.0221,0.0234,0.0245,0.0264,true
TOP,2017-10-01,0.0223,0.0184,0.0207,0.0222,0.0239,0.0264,true
TOP,2017-10-08,0.0212,0.0165,0.0193,0.0213,0.0231,0.0256,true
TOP,2017-10-15,0.0202,0.0156,0.0182,0.0202,0.0222,0.0251,true
TOP,2017-10-22,0.0194,0.0146,0.0171,0.0193,0.0212,0.0249,true
TOP,2017-10-29,0.0186,0.0139,0.0163,0.0184,0.0204,0.0237,true
TOP,2017-11-05,0.0177,0.0131,0.0155,0.0172,0.0196,0.0232,true
TOP,2017-11-12,0.0173,0.0127,0.0151,0.017,0.0192,0.0229,true
TOP,2017-11-19,0.0169,0.012,0.0147,0.0166,0.0187,0.0223,true
TOP,2017-11-26,0.0165,0.0121,0.0145,0.0162,0.0183,0.0219,true
TOP,2017-12-03,0.0163,0.0117,0.014,0.0161,0.0181,0.0215,true
TOP,2017-12-10,0.0158,0.0111,0.0136,0.0155,0.0177,0.0213,true
TOP,2017-12-17,0.0154,0.0109,0.0132,0.015,0.0173,0.021,true
TOP,2017-12-24,0.015,0.0106,0.0127,0.0147,0.0169,0.0208,true
TOP,2017-12-31,0.0145,0.0103,0.0123,0.0142,0.0161,0.0201,true
TOP,2018-01-07,0.0142,0.0099,0.0121,0.0138,0.0161,0.0195,true
TOP,2018-01-14,0.0138,0.0096,0.0118,0.0135,0.0153,0.0191,true
TOP,2018-01-21,0.0136,0.0094,0.0117,0.0133,0.0153,0.0186,true
TOP,2018-01-28,0.0129,0.0088,0.0109,0.0126,0.0147,0.0182,true
TOP,2018-02-04,0.0124,0.0081,0.0105,0.012,0.014,0.0181,true
TOP,2018-02-11,0.0118,0.0077,0.0097,0.0114,0.0134,0.0173,true
TOP,2018-02-18,0.0118,0.0076,0.0097,0.0114,0.0135,0.0173,true
TOP,2018-02-25,0.0117,0.0074,0.0096,0.0114,0.0133,0.0171,true
TOP,2018-03-04,0.0116,0.0073,0.0095,0.0113,0.0132,0.0169,true
TOP,2018-03-11,0.0115,0.0074,0.0094,0.0112,0.0132,0.0174,true
TOP,2018-03-18,0.0115,0.0072,0.0093,0.0111,0.0132,0.017,true
TOP,2018-03-25,0.0114,0.0075,0.0093,0.011,0.0129,0.0169,true
TOP,2018-04-01,0.0113,0.0074,0.0092,0.011,0.0129,0.0169,true
TOP,2018-04-08,0.0112,0.0073,0.0093,0.0108,0.0129,0.0168,true
TOP,2018-04-15,0.0113,0.0075,0.0092,0.0108,0.0128,0.0165,true
TOP,2018-04-22,0.0113,0.0076,0.0092,0.0109,0.0128,0.0165,true
TOP,2018-04-29,0.0114,0.0075,0.0094,0.011,0.013,0.0165,true
TOP,2018-05-06,0.0114,0.0077,0.0095,0.0111,0.0129,0.0164,true
TOP,2018-05-13,0.0114,0.0079,0.0097,0.0111,0.0129,0.0163,true
TOP,2018-05-20,0.0115,0.0079,0.0097,0.0111,0.013,0.0158,true
TOP,2018-05-27,0.0112,0.0076,0.0094,0.0109,0.0127,0.0155,true
TOP,2018-06-03,0.0109,0.0072,0.0091,0.0105,0.0123,0.0152,true
TOP,2018-06-10,0.0106,0.0067,0.0088,0.0103,0.0121,0.0155,true
TOP,2018-06-17,0.0103,0.0064,0.0085,0.01,0.0118,0.0152,true
TOP,2018-06-24,0.0101,0.0062,0.0083,0.0098,0.0116,0.0152,true
TOP,2018-07-01,0.0099,0.0061,0.0079,0.0096,0.0113,0.0148,true
TOP,2018-07-08,0.0096,0.0058,0.0075,0.0093,0.0111,0.0146,true
TOP,2018-07-15,0.0093,0.0057,0.0074,0.009,0.0108,0.0142,true
TOP,2018-07-22,0.009,0.0055,0.0072,0.0088,0.0106,0.0137,true
TOP,2018-07-29,0.0088,0.0053,0.0071,0.0085,0.0103,0.0131,true
TOP,2018-08-05,0.0087,0.0052,0.0069,0.0083,0.0101,0.013,true
TOP,2018-08-12,0.0085,0.005,0.0067,0.0082,0.0099,0.0131,true
TOP,2018-08-19,0.0083,0.0046,0.0066,0.008,0.0098,0.0127,true
TOP,2018-08-26,0.0081,0.0045,0.0064,0.0079,0.0094,0.0124,true
TOP,2018-09-02,0.0079,0.0044,0.0062,0.0076,0.0093,0.0122,true
TOP,2018-09-09,0.0078,0.0043,0.0061,0.0074,0.0091,0.012,true
TOP,2018-09-16,0.0076,0.0044,0.0059,0.0072,0.009,0.0118,true
TOP,2018-09-23,0.0074,0.0043,0.0058,0.0071,0.0088,0.0115,true
TOP,2018-09-30,0.0073,0.0042,0.0057,0.0069,0.0084,0.0115,true
TOP,2018-10-07,0.0071,0.0042,0.0056,0.0069,0.0085,0.0109,true
TOP,2018-10-14,0.007,0.0041,0.0055,0.0067,0.0082,0.0107,true
TOP,2018-10-21,0.0069,0.0041,0.0055,0.0066,0.0081,0.0109,true
TOP,2018-10-28,0.0068,0.0039,0.0055,0.0065,0.008,0.0107,true
TOP,2018-11-04,0.0068,0.004,0.0054,0.0065,0.0078,0.0106,true
TOP,2018-11-11,0.0068,0.0039,0.0053,0.0064,0.0078,0.0106,true
TOP,2018-11-18,0.0067,0.0039,0.0052,0.0065,0.0078,0.0104,true
TOP,2018-11-25,0.0066,0.0038,0.0052,0.0064,0.0076,0.0101,true
TOP,2018-12-02,0.0066,0.0037,0.0052,0.0063,0.0077,0.0103,true
TOP,2018-12-09,0.0065,0.0037,0.0052,0.0063,0.0077,0.0099,true
TOP,2018-12-16,0.0065,0.0037,0.0051,0.0062,0.0076,0.0102,true
TOP,2018-12-23,0.0064,0.0037,0.005,0.0061,0.0073,0.01,true
TOP,2018-12-30,0.0064,0.0037,0.005,0.0061,0.0073,0.01,true
TOP,2019-01-06,0.0063,0.0037,0.0049,0.006,0.0072,0.0098,true
TOP,2019-01-13,0.0062,0.0038,0.0049,0.0059,0.0071,0.0094,true
TOP,2019-01-20,0.0061,0.0037,0.0048,0.0059,0.007,0.0093,true
TOP,2019-01-27,0.006,0.0038,0.0048,0.0058,0.0069,0.009,true
TOP,2019-02-03,0.006,0.0037,0.0048,0.0057,0.0068,0.0093,true
TOP,2019-02-10,0.006,0.0037,0.0048,0.0057,0.0068,0.009,true
TOP,2019-02-17,0.0059,0.0037,0.0047,0.0056,0.0067,0.009,true
TOP,2019-02-24,0.0058,0.0035,0.0046,0.0056,0.0067,0.0089,true
TOP,2019-03-03,0.0058,0.0034,0.0046,0.0055,0.0067,0.009,true
TOP,2019-03-10,0.0057,0.0034,0.0046,0.0055,0.0067,0.0089,true
TOP,2019-03-17,0.0057,0.0034,0.0045,0.0054,0.0066,0.0089,true
TOP,2019-03-24,0.0056,0.0034,0.0044,0.0053,0.0065,0.0087,true
TOP,2019-03-31,0.0055,0.0033,0.0044,0.0053,0.0066,0.0085,true
TOP,2019-04-07,0.0055,0.0033,0.0043,0.0052,0.0064,0.0087,true
TOP,2019-04-14,0.0056,0.0033,0.0044,0.0053,0.0064,0.0086,true
TOP,2019-04-21,0.0056,0.0032,0.0044,0.0054,0.0065,0.0086,true
TOP,2019-04-28,0.0056,0.0034,0.0044,0.0054,0.0066,0.0085,true
TOP,2019-05-05,0.0056,0.0034,0.0044,0.0054,0.0065,0.0085,true
TOP,2019-05-12,0.0056,0.0034,0.0044,0.0054,0.0066,0.0086,true
TOP,2019-05-19,0.0056,0.0034,0.0045,0.0055,0.0066,0.0085,true
TOP,2019-05-26,0.0056,0.0034,0.0045,0.0055,0.0066,0.0084,true
TOP,2019-06-02,0.0056,0.0034,0.0044,0.0055,0.0066,0.0085,true
TOP,2019-06-09,0.0058,0.0035,0.0045,0.0056,0.0067,0.0087,true
TOP,2019-06-16,0.0059,0.0036,0.0046,0.0057,0.0069,0.0088,true
TOP,2019-06-23,0.006,0.0036,0.0047,0.0059,0.007,0.009,true
TOP,2019-06-30,0.0062,0.0037,0.0049,0.006,0.0072,0.0093,true
TOP,2019-07-07,0.0064,0.0038,0.0051,0.0062,0.0075,0.0098,true
TOP,2019-07-14,0.0066,0.0039,0.0053,0.0063,0.0076,0.0097,true
TOP,2019-07-21,0.0067,0.004,0.0055,0.0065,0.0077,0.0103,true
TOP,2019-07-28,0.0069,0.0041,0.0056,0.0066,0.0079,0.0105,true
TOP,2019-08-04,0.0071,0.0044,0.0056,0.0069,0.0082,0.0107,true
TOP,2019-08-11,0.0073,0.0042,0.0058,0.007,0.0085,0.0111,true
TOP,2019-08-18,0.0075,0.0044,0.0059,0.0072,0.0087,0.0114,true
TOP,2019-08-25,0.0076,0.0047,0.0061,0.0074,0.0088,0.0116,true
TOP,2019-09-01,0.0078,0.0049,0.0063,0.0076,0.0091,0.0115,true
TOP,2019-09-08,0.008,0.005,0.0066,0.0077,0.0093,0.0118,true
TOP,2019-09-15,0.0082,0.0052,0.0067,0.008,0.0095,0.0121,true
TOP,2019-09-22,0.0085,0.0054,0.007,0.0082,0.0097,0.0122,true
TOP,2019-09-29,0.0087,0.0057,0.0071,0.0085,0.01,0.0124,true
TOP,2019-10-06,0.0087,0.0056,0.0071,0.0085,0.01,0.0122,true
TOP,2019-10-13,0.0087,0.0057,0.0071,0.0086,0.01,0.0126,true
TOP,2019-10-20,0.0088,0.0056,0.0071,0.0086,0.0102,0.0128,true
TOP,2019-10-27,0.0088,0.0057,0.0072,0.0086,0.0101,0.013,true
TOP,2019-11-03,0.0088,0.0058,0.0071,0.0086,0.0102,0.0129,true
TOP,2019-11-10,0.0088,0.0057,0.0072,0.0086,0.0101,0.013,true
TOP,2019-11-17,0.0088,0.0058,0.0073,0.0085,0.0101,0.013,true
TOP,2019-11-24,0.0088,0.0058,0.0073,0.0085,0.0101,0.013,true
TOP,2019-12-01,0.0087,0.0054,0.0072,0.0085,0.0101,0.0127,true
TOP,2019-12-08,0.0086,0.0056,0.0071,0.0084,0.0099,0.0126,true
TOP,2019-12-15,0.0085,0.0054,0.0069,0.0083,0.0099,0.0125,true
TOP,2019-12-22,0.0084,0.0052,0.0068,0.0082,0.0096,0.0121,true
TOP,2019-12-29,0.0082,0.0052,0.0068,0.008,0.0095,0.012,true
TOP,2020-01-05,0.0081,0.005,0.0066,0.0078,0.0095,0.012,true
TOP,2020-01-12,0.008,0.0051,0.0065,0.0077,0.0092,0.0113,true
TOP,2020-01-19,0.0078,0.0049,0.0064,0.0076,0.009,0.0114,true
TOP,2020-01-26,0.0076,0.0049,0.0063,0.0073,0.0088,0.011,true
TOP,2020-02-02,0.0075,0.0048,0.0061,0.0073,0.0087,0.0109,true
TOP,2020-02-09,0.0074,0.0047,0.0061,0.0071,0.0086,0.0107,true
TOP,2020-02-16,0.0073,0.0046,0.0059,0.0071,0.0086,0.0107,true
TOP,2020-02-23,0.0073,0.0047,0.0059,0.0071,0.0084,0.0106,true
TOP,2020-03-01,0.0071,0.0045,0.0058,0.0069,0.0083,0.0107,true
TOP,2020-03-08,0.0071,0.0044,0.0057,0.0068,0.0083,0.0108,true
TOP,2020-03-15,0.007,0.0043,0.0057,0.0067,0.0082,0.0107,true
TOP,2020-03-22,0.0068,0.0042,0.0055,0.0066,0.008,0.0104,true
TOP,2020-03-29,0.0066,0.0039,0.0054,0.0064,0.0076,0.0098,true
TOP,2020-04-05,0.0063,0.0038,0.0052,0.0062,0.0075,0.0093,true
TOP,2020-04-12,0.0061,0.0038,0.0049,0.0059,0.007,0.0087,true
TOP,2020-04-19,0.0061,0.0039,0.0051,0.006,0.007,0.0088,true
TOP,2020-04-26,0.0061,0.0039,0.0051,0.006,0.007,0.0088,true
TOP,2020-05-03,0.0061,0.0039,0.0051,0.006,0.007,0.0085,true
TOP,2020-05-10,0.0061,0.0039,0.0051,0.006,0.0069,0.0084,true
TOP,2020-05-17,0.0062,0.004,0.0051,0.006,0.007,0.0086,true
TOP,2020-05-24,0.0065,0.0042,0.0054,0.0064,0.0073,0.0093,true
TOP,2020-05-31,0.0068,0.0046,0.0057,0.0066,0.0077,0.0097,true
TOP,2020-06-07,0.0071,0.0047,0.006,0.007,0.0081,0.0101,true
TOP,2020-06-14,0.0074,0.0052,0.0063,0.0072,0.0084,0.0104,true
TOP,2020-06-21,0.0077,0.0054,0.0065,0.0074,0.0086,0.0108,true
TOP,2020-06-28,0.0076,0.0053,0.0064,0.0074,0.0086,0.0105,true
TOP,2020-07-05,0.0075,0.0052,0.0063,0.0073,0.0085,0.0106,true
TOP,2020-07-12,0.0074,0.0052,0.0063,0.0073,0.0084,0.0101,true
TOP,2020-07-19,0.0072,0.0051,0.0061,0.007,0.0081,0.0098,true
TOP,2020-07-26,0.0074,0.0052,0.0064,0.0073,0.0084,0.0101,true
TOP,2020-08-02,0.0078,0.0054,0.0067,0.0077,0.0088,0.0108,true
TOP,2020-08-09,0.0081,0.0054,0.0069,0.008,0.0092,0.0112,true
TOP,2020-08-16,0.0085,0.0059,0.0071,0.0083,0.0095,0.0117,true
TOP,2020-08-23,0.0092,0.006,0.0076,0.0089,0.0103,0.0131,true
TOP,2020-08-30,0.0099,0.0065,0.0083,0.0098,0.0112,0.0139,true
TOP,2020-09-06,0.0107,0.0073,0.0091,0.0105,0.012,0.0145,true
TOP,2020-09-13,0.0115,0.0084,0.0102,0.0114,0.0127,0.0149,true
TOP,2020-09-20,0.0129,0.0098,0.0113,0.0128,0.0142,0.0169,true
TOP,2020-09-27,0.014,0.0103,0.0123,0.0139,0.0154,0.0181,true
TOP,2020-10-04,0.0152,0.0122,0.0138,0.015,0.0164,0.0186,true
TOP,2020-10-11,0.0151,0.0151,0.0151,0.0151,0.0151,0.0151,true
TOP,2020-10-18,0.0149,0.013,0.0142,0.0149,0.0156,0.0169,true
TOP,2020-10-25,0.0148,0.0123,0.0139,0.0149,0.0158,0.0173,true
TOP,2020-11-01,0.0148,0.0119,0.0134,0.0146,0.0159,0.0179,true
TOP,2020-11-08,0.0146,0.0115,0.0132,0.0145,0.0159,0.0181,true
TOP,2020-11-15,0.0144,0.0111,0.0128,0.0142,0.0157,0.0181,true
TOP,2020-11-22,0.014,0.0105,0.0126,0.014,0.0152,0.0179,true
TOP,2020-11-29,0.0138,0.0104,0.0122,0.0137,0.0151,0.0179,true
TOP,2020-12-06,0.0136,0.0099,0.0118,0.0134,0.015,0.0182,true
TOP,2020-12-13,0.0134,0.0095,0.0115,0.0131,0.0149,0.0186,true
TOP,2020-12-20,0.0133,0.0094,0.0113,0.013,0.015,0.0184,true
TOP,2020-12-27,0.0132,0.0095,0.0112,0.0129,0.0149,0.018,true
TOP,2021-01-03,0.0129,0.0091,0.011,0.0127,0.0146,0.0175,true
TOP,2021-01-10,0.0127,0.0089,0.011,0.0125,0.0143,0.0171,true
TOP,2021-01-17,0.0127,0.0089,0.0109,0.0125,0.0143,0.0178,true
TOP,2021-01-24,0.0127,0.0088,0.0109,0.0125,0.0142,0.0178,true
TOP,2021-01-31,0.0127,0.0087,0.0108,0.0125,0.0143,0.0178,true
TOP,2021-02-07,0.0127,0.0086,0.0107,0.0125,0.0143,0.018,true
TOP,2021-02-14,0.0128,0.0088,0.0109,0.0126,0.0143,0.0177,true
TOP,2021-02-21,0.0129,0.0089,0.0109,0.0126,0.0145,0.018,true
TOP,2021-02-28,0.013,0.009,0.0111,0.0127,0.0146,0.0182,true
TOP,2021-03-07,0.0131,0.0092,0.0113,0.0128,0.0146,0.0179,true
TOP,2021-03-14,0.0131,0.009,0.0113,0.0129,0.0147,0.0181,true
TOP,2021-03-21,0.0132,0.0093,0.0114,0.0129,0.0148,0.0179,true
TOP,2021-03-28,0.0132,0.0094,0.0114,0.013,0.0149,0.0181,true
TOP,2021-04-04,0.0132,0.0094,0.0113,0.0129,0.0146,0.0182,true
TOP,2021-04-11,0.0132,0.0093,0.0112,0.0129,0.0149,0.0179,true
TOP,2021-04-18,0.0135,0.0094,0.0115,0.0133,0.0152,0.0184,true
TOP,2021-04-25,0.0137,0.0099,0.0118,0.0136,0.0154,0.0183,true
TOP,2021-05-02,0.0139,0.0099,0.0122,0.0138,0.0156,0.0185,true
TOP,2021-05-09,0.0141,0.0103,0.0123,0.0139,0.0157,0.0184,true
TOP,2021-05-16,0.0149,0.0109,0.013,0.0147,0.0167,0.0195,true
TOP,2021-05-23,0.0159,0.0118,0.0139,0.0157,0.0177,0.0211,true
TOP,2021-05-30,0.0162,0.0116,0.0139,0.0158,0.018,0.0215,true
TOP,2021-06-06,0.0165,0.012,0.0144,0.0163,0.0185,0.0219,true
TOP,2021-06-13,0.0168,0.0124,0.0148,0.0166,0.0187,0.0222,true
TOP,2021-06-20,0.0169,0.0125,0.0149,0.0166,0.0188,0.0224,true
TOP,2021-06-27,0.017,0.0128,0.0148,0.0168,0.0187,0.0225,true
TOP,2021-07-04,0.0171,0.0128,0.0149,0.0169,0.0189,0.0226,true
TOP,2021-07-11,0.0173,0.0125,0.0151,0.017,0.0191,0.0229,true
TOP,2021-07-18,0.0166,0.0124,0.0145,0.0164,0.0183,0.0217,true
TOP,2021-07-25,0.0159,0.012,0.0138,0.0157,0.0176,0.0211,true
TOP,2021-08-01,0.0154,0.0111,0.0134,0.0151,0.0173,0.0204,true
TOP,2021-08-08,0.015,0.011,0.0129,0.0147,0.0167,0.0196,true
TOP,2021-08-15,0.0145,0.0104,0.0125,0.0143,0.0162,0.0195,true
TOP,2021-08-22,0.014,0.01,0.012,0.0138,0.0157,0.0186,true
TOP,2021-08-29,0.0135,0.0096,0.0117,0.0132,0.015,0.0181,true
TOP,2021-09-05,0.013,0.0094,0.0112,0.0128,0.0144,0.0175,true
TOP,2021-09-12,0.0127,0.0094,0.011,0.0125,0.0141,0.0169,true
TOP,2021-09-19,0.0128,0.0095,0.0111,0.0127,0.0143,0.0168,true
TOP,2021-09-26,0.0127,0.0091,0.0109,0.0126,0.0141,0.0168,true
TOP,2021-10-03,0.0125,0.0091,0.0108,0.0124,0.014,0.0166,true
TOP,2021-10-10,0.0125,0.0091,0.0109,0.0123,0.0138,0.0165,true
TOP,2021-10-17,0.0126,0.0093,0.011,0.0124,0.0139,0.0166,true
TOP,2021-10-24,0.0128,0.0094,0.0112,0.0125,0.0144,0.017,true
TOP,2021-10-31,0.0131,0.0097,0.0114,0.0128,0.0146,0.0171,true
TOP,2021-11-07,0.0131,0.0099,0.0114,0.013,0.0146,0.0168,true
TOP,2021-11-14,0.013,0.0097,0.0112,0.0128,0.0145,0.0171,true
TOP,2021-11-21,0.0128,0.0093,0.0111,0.0126,0.0143,0.0171,true
TOP,2021-11-28,0.0126,0.0089,0.0109,0.0125,0.0139,0.0166,true
TOP,2021-12-05,0.0125,0.0091,0.0108,0.0124,0.0137,0.0166,true
TOP,2021-12-12,0.0127,0.0093,0.0112,0.0125,0.0141,0.0171,true
TOP,2021-12-19,0.0129,0.0094,0.0112,0.0128,0.0146,0.0171,true
TOP,2021-12-26,0.0131,0.0095,0.0113,0.013,0.0147,0.0172,true
TOP,2022-01-02,0.0133,0.0098,0.0115,0.0132,0.0148,0.0173,true
TOP,2022-01-09,0.0135,0.0101,0.0119,0.0133,0.0149,0.0175,true
TOP,2022-01-16,0.0139,0.0108,0.0125,0.0138,0.0152,0.0176,true
TOP,2022-01-23,0.0141,0.011,0.0127,0.0139,0.0154,0.0175,true
TOP,2022-01-30,0.0142,0.0109,0.0126,0.014,0.0155,0.018,true
TOP,2022-02-06,0.014,0.0106,0.0124,0.0138,0.0155,0.0179,true
TOP,2022-02-13,0.0137,0.0104,0.0123,0.0136,0.0151,0.0177,true
TOP,2022-02-20,0.0138,0.0103,0.0122,0.0137,0.0151,0.0177,true
TOP,2022-02-27,0.0138,0.0102,0.0122,0.0137,0.0152,0.0175,true
TOP,2022-03-06,0.0138,0.0105,0.0122,0.0136,0.0152,0.0175,true
TOP,2022-03-13,0.0139,0.0107,0.0122,0.0137,0.0154,0.0177,true
TOP,2022-03-20,0.014,0.0107,0.0123,0.0138,0.0155,0.018,true
TOP,2022-03-27,0.0142,0.0108,0.0126,0.014,0.0156,0.0183,true
TOP,2022-04-03,0.0143,0.0109,0.0127,0.0142,0.0157,0.0183,true
TOP,2022-04-10,0.0145,0.011,0.0129,0.0144,0.0159,0.0183,true
TOP,2022-04-17,0.0147,0.011,0.0131,0.0146,0.0162,0.0189,true
TOP,2022-04-24,0.0151,0.0112,0.0135,0.0151,0.0167,0.0193,true
TOP,2022-05-01,0.0157,0.0118,0.0141,0.0157,0.0172,0.0198,true
TOP,2022-05-08,0.016,0.0122,0.0144,0.0158,0.0175,0.0204,true
TOP,2022-05-15,0.0166,0.0126,0.0147,0.0164,0.0183,0.021,true
TOP,2022-05-22,0.0173,0.0133,0.0155,0.0171,0.0189,0.0215,true
TOP,2022-05-29,0.0178,0.014,0.016,0.0177,0.0194,0.0224,true
TOP,2022-06-05,0.0184,0.0143,0.0165,0.0182,0.0201,0.0231,true
TOP,2022-06-12,0.0179,0.0139,0.0161,0.0177,0.0195,0.0224,true
TOP,2022-06-19,0.0176,0.0136,0.0156,0.0175,0.0195,0.0223,true
TOP,2022-06-26,0.0175,0.0133,0.0157,0.0174,0.0192,0.0223,true
TOP,2022-07-03,0.0173,0.0131,0.0153,0.0173,0.0192,0.0221,true
TOP,2022-07-10,0.0171,0.0131,0.0154,0.017,0.0187,0.0219,true
TOP,2022-07-17,0.0171,0.0128,0.0154,0.0169,0.0188,0.022,true
TOP,2022-07-24,0.0168,0.0129,0.015,0.0167,0.0186,0.0212,true
TOP,2022-07-31,0.0166,0.013,0.015,0.0164,0.0182,0.0205,true
TOP,2022-08-07,0.016,0.0125,0.0144,0.0158,0.0176,0.0198,true
TOP,2022-08-14,0.0164,0.0126,0.0146,0.0163,0.018,0.0208,true
TOP,2022-08-21,0.0167,0.0126,0.0149,0.0166,0.0183,0.0212,true
TOP,2022-08-28,0.0171,0.013,0.0154,0.0169,0.0187,0.0215,true
TOP,2022-09-04,0.0173,0.0134,0.0156,0.0172,0.0189,0.022,true
TOP,2022-09-11,0.0179,0.014,0.0162,0.0176,0.0194,0.0225,true
TOP,2022-09-18,0.0185,0.0147,0.0166,0.0182,0.0201,0.0231,true
TOP,2022-09-25,0.0194,0.0155,0.0175,0.0192,0.0211,0.0247,true
TOP,2022-10-02,0.0206,0.0161,0.0185,0.0204,0.0225,0.0256,true
TOP,2022-10-09,0.0204,0.0165,0.0186,0.0203,0.022,0.0248,true
TOP,2022-10-16,0.0198,0.0158,0.018,0.0197,0.0213,0.0241,true
TOP,2022-10-23,0.0197,0.0154,0.018,0.0195,0.0213,0.0239,true
TOP,2022-10-30,0.0197,0.0158,0.0179,0.0196,0.0214,0.024,true
TOP,2022-11-06,0.0197,0.016,0.0178,0.0196,0.0215,0.0241,true
TOP,2022-11-13,0.0199,0.0159,0.018,0.0198,0.0216,0.0246,true
TOP,2022-11-20,0.0198,0.0154,0.0178,0.0198,0.0216,0.0243,true
TOP,2022-11-27,0.0197,0.0154,0.0179,0.0196,0.0216,0.0243,true
TOP,2022-12-04,0.0197,0.0153,0.0177,0.0195,0.0217,0.0246,true
TOP,2022-12-11,0.0198,0.0155,0.0178,0.0197,0.0216,0.0243,true
TOP,2022-12-18,0.0194,0.0148,0.0175,0.0192,0.0213,0.0242,true
TOP,2022-12-25,0.019,0.0145,0.017,0.0188,0.0209,0.0238,true
TOP,2023-01-01,0.0187,0.0142,0.0167,0.0185,0.0205,0.0236,true
TOP,2023-01-08,0.0184,0.0143,0.0164,0.0182,0.0201,0.023,true
TOP,2023-01-15,0.0179,0.0141,0.0161,0.0177,0.0196,0.0221,true
TOP,2023-01-22,0.0176,0.0141,0.0159,0.0175,0.0191,0.0213,true
TOP,2023-01-29,0.0176,0.014,0.016,0.0175,0.0191,0.0218,true
TOP,2023-02-05,0.0176,0.0141,0.0158,0.0174,0.0192,0.0216,true
TOP,2023-02-12,0.0176,0.0139,0.016,0.0176,0.0192,0.0219,true
TOP,2023-02-19,0.0176,0.0137,0.0158,0.0174,0.0191,0.022,true
TOP,2023-02-26,0.0175,0.0134,0.0158,0.0172,0.0189,0.0216,true
TOP,2023-03-05,0.0176,0.0137,0.016,0.0175,0.019,0.0214,true
TOP,2023-03-12,0.018,0.0141,0.0164,0.018,0.0195,0.0222,true
TOP,2023-03-19,0.0176,0.0137,0.0159,0.0174,0.019,0.0216,true
TOP,2023-03-26,0.0172,0.0134,0.0155,0.0171,0.0187,0.0213,true
TOP,2023-04-02,0.0167,0.0128,0.0151,0.0166,0.0183,0.0209,true
TOP,2023-04-09,0.0172,0.0133,0.0155,0.0172,0.0187,0.0214,true
TOP,2023-04-16,0.0177,0.0138,0.0159,0.0176,0.0192,0.0222,true
TOP,2023-04-23,0.0183,0.0143,0.0164,0.0181,0.0199,0.023,true
TOP,2023-04-30,0.0188,0.015,0.0172,0.0187,0.0203,0.0233,true
TOP,2023-05-07,0.0193,0.0156,0.0178,0.0192,0.0209,0.0234,true
TOP,2023-05-14,0.0197,0.0161,0.018,0.0196,0.0213,0.0238,true
TOP,2023-05-21,0.0197,0.0159,0.018,0.0196,0.0213,0.024,true
TOP,2023-05-28,0.02,0.016,0.0182,0.0198,0.0217,0.0244,true
TOP,2023-06-04,0.0207,0.0166,0.0187,0.0204,0.0223,0.0254,true
TOP,2023-06-11,0.0213,0.017,0.0194,0.021,0.0231,0.0266,true
TOP,2023-06-18,0.0219,0.0173,0.0196,0.0218,0.0238,0.027,true
TOP,2023-06-25,0.0225,0.0178,0.0202,0.0223,0.0244,0.0275,true
TOP,2023-07-02,0.0221,0.0173,0.0199,0.0219,0.024,0.0275,true
TOP,2023-07-09,0.0224,0.0178,0.0203,0.0221,0.0245,0.0277,true
TOP,2023-07-16,0.0213,0.0167,0.0192,0.0212,0.0233,0.0269,true
TOP,2023-07-23,0.0202,0.0156,0.0182,0.0199,0.022,0.0254,true
TOP,2023-07-30,0.0194,0.0147,0.0175,0.0192,0.0211,0.0246,true
TOP,2023-08-06,0.0188,0.0142,0.0169,0.0185,0.0205,0.024,true
TOP,2023-08-13,0.0182,0.0139,0.0161,0.018,0.0199,0.0232,true
TOP,2023-08-20,0.018,0.0131,0.0158,0.0177,0.0202,0.0233,true
TOP,2023-08-27,0.0191,0.0145,0.0169,0.0189,0.0209,0.0246,true
TOP,2023-09-03,0.0207,0.0161,0.0188,0.0206,0.0225,0.0257,true
TOP,2023-09-10,0.021,0.0162,0.0189,0.021,0.023,0.0262,true
TOP,2023-09-17,0.0224,0.0182,0.0205,0.0223,0.0241,0.0272,true
TOP,2023-09-24,0.0221,0.0181,0.0202,0.0219,0.0239,0.0264,true
TOP,2023-10-01,0.0223,0.0187,0.0209,0.0223,0.0237,0.0264,true
TOP,2023-10-08,0.0222,0.0222,0.0222,0.0222,0.0222,0.0222,true
TOP,2023-10-15,0.0229,0.0202,0.0217,0.0228,0.024,0.0263,true
TOP,2023-10-22,0.0236,0.0197,0.0218,0.0234,0.0253,0.0285,true
TOP,2023-10-29,0.0242,0.02,0.0221,0.0241,0.026,0.0294,true
TOP,2023-11-05,0.0242,0.0195,0.022,0.0241,0.0262,0.0295,true
TOP,2023-11-12,0.0241,0.0191,0.0218,0.0239,0.026,0.0303,true
TOP,2023-11-19,0.0243,0.0188,0.022,0.024,0.0266,0.0309,true
TOP,2023-11-26,0.0244,0.0188,0.022,0.0241,0.0266,0.0308,true
TOP,2023-12-03,0.0245,0.019,0.0219,0.0244,0.0269,0.0307,true
TOP,2023-12-10,0.0243,0.0179,0.0217,0.0242,0.0268,0.0308,true
TOP,2023-12-17,0.024,0.0179,0.0213,0.0238,0.0265,0.0307,true
TOP,2023-12-24,0.0239,0.0176,0.0213,0.0236,0.0264,0.0311,true
TOP,2023-12-31,0.0236,0.0175,0.021,0.0233,0.0261,0.0305,true
TOP,2024-01-07,0.0234,0.0177,0.0209,0.0232,0.0256,0.0304,true
TOP,2024-01-14,0.0234,0.0181,0.0211,0.0232,0.0257,0.0296,true
TOP,2024-01-21,0.0222,0.0166,0.0197,0.022,0.0242,0.0281,true
TOP,2024-01-28,0.021,0.0157,0.0188,0.0207,0.023,0.0269,true
TOP,2024-02-04,0.0197,0.0151,0.0178,0.0196,0.0213,0.0251,true
TOP,2024-02-11,0.0194,0.0148,0.0176,0.0192,0.0213,0.0244,true
TOP,2024-02-18,0.0192,0.0146,0.0172,0.019,0.0209,0.0245,true
TOP,2024-02-25,0.019,0.0146,0.017,0.0186,0.0209,0.0244,true
TOP,2024-03-03,0.0189,0.0146,0.0167,0.0187,0.0207,0.0243,true
TOP,2024-03-10,0.0185,0.014,0.0166,0.0183,0.0203,0.0238,true
TOP,2024-03-17,0.0182,0.0138,0.0161,0.0179,0.0199,0.0231,true
TOP,2024-03-24,0.0179,0.0138,0.0159,0.0177,0.0197,0.0227,true
TOP,2024-03-31,0.0176,0.0134,0.0156,0.0175,0.0193,0.0224,true
TOP,2024-04-07,0.0171,0.0129,0.0152,0.0169,0.019,0.0219,true
TOP,2024-04-14,0.017,0.0125,0.0151,0.0168,0.0186,0.0219,true
TOP,2024-04-21,0.0168,0.0125,0.0149,0.0167,0.0187,0.0215,true
TOP,2024-04-28,0.0171,0.0126,0.0152,0.0168,0.0188,0.022,true
TOP,2024-05-05,0.0173,0.0131,0.0154,0.017,0.0191,0.022,true
TOP,2024-05-12,0.0175,0.0129,0.0155,0.0174,0.0194,0.0228,true
TOP,2024-05-19,0.0178,0.013,0.0155,0.0176,0.0196,0.0234,true
TOP,2024-05-26,0.018,0.0133,0.0158,0.0178,0.0198,0.0236,true
TOP,2024-06-02,0.0181,0.0136,0.016,0.0178,0.0201,0.0237,true
TOP,2024-06-09,0.0185,0.0142,0.0164,0.0185,0.0204,0.0235,true
TOP,2024-06-16,0.0193,0.0146,0.0171,0.0192,0.0211,0.0245,true
TOP,2024-06-23,0.0205,0.0153,0.0181,0.0202,0.0225,0.0266,true
TOP,2024-06-30,0.0216,0.0165,0.0191,0.0212,0.0237,0.0274,true
TOP,2024-07-07,0.0222,0.0172,0.0198,0.0219,0.0243,0.0288,true
TOP,2024-07-14,0.0215,0.0163,0.0191,0.0212,0.0236,0.0277,true
TOP,2024-07-21,0.0207,0.0156,0.0183,0.0203,0.0227,0.027,true
TOP,2024-07-28,0.02,0.0148,0.0178,0.0197,0.0217,0.0263,true
TOP,2024-08-04,0.0194,0.0147,0.0172,0.0191,0.0211,0.0254,true
TOP,2024-08-11,0.0186,0.0142,0.0166,0.0184,0.0205,0.0243,true
TOP,2024-08-18,0.0187,0.0143,0.0165,0.0184,0.0205,0.0244,true
TOP,2024-08-25,0.0186,0.0142,0.0165,0.0185,0.0205,0.0236,true
TOP,2024-09-01,0.0186,0.014,0.0167,0.0184,0.0205,0.0233,true
TOP,2024-09-08,0.0188,0.0145,0.0168,0.0186,0.0207,0.0236,true
TOP,2024-09-15,0.019,0.0145,0.0168,0.0187,0.0209,0.0241,true
TOP,2024-09-22,0.0192,0.0146,0.0172,0.019,0.0211,0.0243,true
TOP,2024-09-29,0.0193,0.0148,0.0173,0.0192,0.0211,0.0243,true
TOP,2024-10-06,0.0189,0.0146,0.0171,0.019,0.0207,0.0237,true
TOP,2024-10-13,0.0186,0.014,0.0168,0.0185,0.0204,0.0232,true
TOP,2024-10-20,0.0182,0.0138,0.016,0.018,0.02,0.0233,true
TOP,2024-10-27,0.0178,0.0133,0.0157,0.0178,0.0198,0.0227,true
TOP,2024-11-03,0.0175,0.0131,0.0154,0.0174,0.0192,0.0222,true
TOP,2024-11-10,0.0176,0.0134,0.0157,0.0174,0.0196,0.0228,true
TOP,2024-11-17,0.0172,0.013,0.0151,0.0169,0.019,0.0219,true
TOP,2024-11-24,0.0166,0.0126,0.0148,0.0165,0.0184,0.0215,true
TOP,2024-12-01,0.0159,0.0121,0.0141,0.0158,0.0176,0.0201,true
TOP,2024-12-08,0.0159,0.0121,0.0139,0.0157,0.0177,0.0206,true
TOP,2024-12-15,0.0161,0.0121,0.0141,0.0159,0.0178,0.0209,true
TOP,2024-12-22,0.0161,0.0121,0.0142,0.0158,0.018,0.0214,true
TOP,2024-12-29,0.0162,0.0119,0.0142,0.016,0.0179,0.021,true
TOP,2025-01-05,0.0162,0.0125,0.0145,0.0161,0.0177,0.0209,true
TOP,2025-01-12,0.0159,0.0122,0.0142,0.0157,0.0173,0.0205,true
TOP,2025-01-19,0.0162,0.0124,0.0144,0.016,0.0176,0.021,true
TOP,2025-01-26,0.0168,0.0127,0.0148,0.0166,0.0184,0.0216,true
TOP,2025-02-02,0.017,0.0132,0.0152,0.0168,0.0186,0.0216,true
TOP,2025-02-09,0.0176,0.0134,0.0157,0.0173,0.0193,0.022,true
TOP,2025-02-16,0.0183,0.0141,0.0164,0.0179,0.02,0.0236,true
TOP,2025-02-23,0.0191,0.0148,0.0171,0.0187,0.0208,0.0244,true
TOP,2025-03-02,0.02,0.0158,0.0179,0.0196,0.0218,0.0253,true
TOP,2025-03-09,0.0207,0.0164,0.0186,0.0203,0.0226,0.0264,true
TOP,2025-03-16,0.0205,0.0162,0.0184,0.0201,0.0221,0.026,true
TOP,2025-03-23,0.0202,0.0158,0.0181,0.02,0.0219,0.0255,true
TOP,2025-03-30,0.0199,0.0156,0.0178,0.0197,0.0217,0.0247,true
TOP,2025-04-06,0.0194,0.015,0.0176,0.0192,0.0212,0.0242,true
TOP,2025-04-13,0.0192,0.0147,0.017,0.019,0.0209,0.0245,true
TOP,2025-04-20,0.0189,0.0141,0.0167,0.0186,0.0209,0.0242,true
TOP,2025-04-27,0.0186,0.014,0.0167,0.0183,0.0203,0.0239,true
TOP,2025-05-04,0.0188,0.0144,0.0168,0.0185,0.0206,0.0242,true
TOP,2025-05-11,0.019,0.0147,0.0172,0.0187,0.0205,0.0243,true
TOP,2025-05-18,0.0192,0.015,0.0173,0.019,0.0208,0.0239,true
TOP,2025-05-25,0.0195,0.0152,0.0176,0.0194,0.0211,0.0243,true
TOP,2025-06-01,0.0194,0.0153,0.0174,0.019,0.0209,0.0243,true
TOP,2025-06-08,0.0193,0.0153,0.0174,0.0191,0.021,0.024,true
TOP,2025-06-15,0.0188,0.0147,0.017,0.0185,0.0206,0.0238,true
TOP,2025-06-22,0.0184,0.0142,0.0165,0.0182,0.02,0.0229,true
TOP,2025-06-29,0.0179,0.014,0.0161,0.0176,0.0194,0.0227,true
TOP,2025-07-06,0.0178,0.0137,0.0159,0.0175,0.0193,0.023,true
TOP,2025-07-13,0.0175,0.0134,0.0157,0.0173,0.0191,0.0221,true
TOP,2025-07-20,0.0182,0.014,0.0163,0.018,0.02,0.0229,true
TOP,2025-07-27,0.019,0.0149,0.017,0.0188,0.0209,0.0238,true
TOP,2025-08-03,0.0197,0.0157,0.0177,0.0196,0.0214,0.024,true
TOP,2025-08-10,0.019,0.0148,0.0171,0.0188,0.0208,0.0234,true
TOP,2025-08-17,0.0184,0.0142,0.0164,0.0182,0.0204,0.0229,true
TOP,2025-08-24,0.018,0.0139,0.0162,0.0178,0.0197,0.0227,true
TOP,2025-08-31,0.0176,0.0136,0.0158,0.0172,0.0192,0.0225,true
TOP,2025-09-07,0.0171,0.0136,0.0154,0.0169,0.0186,0.0216,true
TOP,2025-09-14,0.0166,0.0128,0.0149,0.0164,0.0183,0.0212,true
TOP,2025-09-21,0.0162,0.0123,0.0145,0.016,0.0177,0.0209,true
TOP,2025-09-28,0.0157,0.0121,0.0142,0.0156,0.0171,0.0201,true
TOP,2025-10-05,0.0152,0.0117,0.0136,0.0151,0.0168,0.0192,true
TOP,2025-10-12,0.0154,0.0118,0.0136,0.0152,0.0169,0.0196,true
TOP,2025-10-19,0.0154,0.0116,0.0136,0.0153,0.0171,0.0199,true
TOP,2025-10-26,0.0154,0.0116,0.0137,0.0152,0.0171,0.0196,true
TOP,2025-11-02,0.0153,0.0115,0.0136,0.0152,0.017,0.0195,true
TOP,2025-11-09,0.0157,0.0118,0.0138,0.0156,0.0174,0.0198,true
TOP,2025-11-16,0.0158,0.0116,0.014,0.0157,0.0175,0.0201,true
TOP,2025-11-23,0.0161,0.012,0.0144,0.0161,0.0177,0.0207,true
TOP,2025-11-30,0.0163,0.0124,0.0144,0.0162,0.0178,0.0208,true
TOP,2025-12-07,0.0171,0.013,0.0152,0.017,0.0188,0.0223,true
TOP,2025-12-14,0.0176,0.0134,0.0155,0.0175,0.0193,0.0225,true
TOP,2025-12-21,0.0182,0.0136,0.016,0.018,0.02,0.0236,true
TOP,2025-12-28,0.0187,0.0141,0.0165,0.0184,0.0205,0.0245,true
TOP,2026-01-04,0.0192,0.0146,0.017,0.0192,0.0211,0.0246,true
TOP,2026-01-11,0.0198,0.0155,0.0177,0.0197,0.0215,0.0247,true
TOP,2026-01-18,0.0214,0.017,0.0192,0.0211,0.0233,0.0268,true
TOP,2026-01-25,0.0219,0.017,0.0195,0.0218,0.0241,0.0274,true
TOP,2026-02-01,0.0223,0.0174,0.02,0.0221,0.0244,0.0274,true
TOP,2026-02-08,0.0231,0.0182,0.0209,0.023,0.0251,0.0284,true
TOP,2026-02-15,0.0238,0.0184,0.0212,0.0235,0.0262,0.0301,true
TOP,2026-02-22,0.0242,0.0187,0.0217,0.024,0.0265,0.0307,true
TOP,2026-03-01,0.0249,0.0195,0.0224,0.0246,0.0272,0.0308,true
TOP,2026-03-08,0.0255,0.02,0.0229,0.0254,0.0279,0.0314,true
TOP,2026-03-15,0.0261,0.0203,0.0236,0.0259,0.0286,0.0321,true
TOP,2026-03-22,0.0271,0.0211,0.0242,0.0268,0.0299,0.0339,true
TOP,2026-03-29,0.0281,0.0217,0.025,0.028,0.0309,0.0358,true
TOP,2026-04-05,0.0288,0.0224,0.026,0.0285,0.0314,0.0358,true
TOP,2026-04-12,0.0293,0.0229,0.0266,0.0291,0.032,0.0365,true
TOP,2026-04-19,0.0307,0.0236,0.0272,0.0306,0.0338,0.0385,true
TOP,2026-04-26,0.0322,0.0246,0.029,0.0322,0.0352,0.0405,true
TOP,2026-05-03,0.0336,0.0258,0.0304,0.0337,0.0367,0.0418,true
TOP,2026-05-10,0.0366,0.0286,0.033,0.0364,0.0403,0.045,true
TOP,2026-05-17,0.0378,0.03,0.034,0.0375,0.0411,0.047,true
TOP,2026-05-24,0.0389,0.0303,0.0352,0.0387,0.0423,0.0486,true
TOP,2026-05-31,0.0402,0.0312,0.0368,0.04,0.0436,0.0489,true
TOP,2026-06-07,0.0419,0.0338,0.0386,0.0415,0.0451,0.0509,true
TOP,2026-06-14,0.0448,0.0355,0.041,0.0447,0.0486,0.0547,true
TOP,2026-06-21,0.0463,0.0363,0.0422,0.0464,0.0501,0.0562,true
TOP,2026-06-28,0.0481,0.0384,0.0441,0.0478,0.0516,0.0582,true
TOP,2026-07-05,0.0506,0.0403,0.046,0.0507,0.0544,0.0613,true
TOP,2026-07-12,0.0536,0.0436,0.049,0.0537,0.0575,0.0645,true
TOP,2026-07-19,0.0562,0.0445,0.0514,0.0558,0.061,0.0688,true
TOP,2026-07-26,0.0587,0.0466,0.0535,0.0582,0.0637,0.0707,true
TOP,2026-08-02,0.0611,0.049,0.0559,0.0608,0.0659,0.0738,true
TOP,2026-08-09,0.0646,0.0526,0.0595,0.0645,0.0698,0.0767,true
TOP,2026-08-16,0.0625,0.0504,0.0572,0.062,0.0676,0.0767,true
TOP,2026-08-23,0.0622,0.049,0.056,0.0615,0.0677,0.077,true
TOP,2026-08-30,0.0618,0.0481,0.056,0.061,0.0671,0.0782,true
TOP,2026-09-06,0.0626,0.0484,0.0558,0.062,0.0686,0.0795,true
TOP,2026-09-13,0.0631,0.0443,0.0532,0.0612,0.072,0.0869,false
TOP,2026-09-20,0.0645,0.0408,0.0515,0.0616,0.075,0.0955,false
TOP,2026-09-27,0.0644,0.0362,0.0497,0.0617,0.0747,0.1017,false
TOP,2026-10-04,0.0654,0.0353,0.0494,0.0621,0.0786,0.1092,false
TOP,2026-10-11,0.0657,0.032,0.0476,0.0605,0.0794,0.1182,false
TOP,2026-10-18,0.0664,0.0326,0.0472,0.0621,0.08,0.1182,false
TOP,2026-10-25,0.0676,0.0295,0.0459,0.0617,0.0817,0.1235,false
TOP,2026-11-01,0.0683,0.0291,0.0457,0.0622,0.0834,0.1353,false
Other,2011-11-20,0.0505,0.0505,0.0505,0.0505,0.0505,0.0505,true
Other,2011-11-27,0.0489,0.0421,0.0466,0.049,0.0515,0.0559,true
Other,2011-12-04,0.0474,0.0382,0.0439,0.0474,0.0505,0.0571,true
Other,2011-12-11,0.0458,0.0357,0.0415,0.0456,0.0497,0.0574,true
Other,2011-12-18,0.0441,0.0332,0.0394,0.0442,0.0485,0.0553,true
Other,2011-12-25,0.0425,0.0315,0.0378,0.0422,0.0467,0.0537,true
Other,2012-01-01,0.041,0.0302,0.0365,0.0404,0.0453,0.0529,true
Other,2012-01-08,0.0395,0.0301,0.035,0.0392,0.043,0.0507,true
Other,2012-01-15,0.0376,0.0283,0.0331,0.0372,0.0411,0.0492,true
Other,2012-01-22,0.0357,0.0267,0.0318,0.0352,0.0393,0.0464,true
Other,2012-01-29,0.0355,0.0268,0.0312,0.0353,0.0388,0.0457,true
Other,2012-02-05,0.0351,0.0271,0.0311,0.0348,0.0385,0.0441,true
Other,2012-02-12,0.035,0.0264,0.0312,0.0345,0.0383,0.0448,true
Other,2012-02-19,0.0349,0.0272,0.0314,0.0344,0.0378,0.0441,true
Other,2012-02-26,0.0337,0.0257,0.03,0.033,0.0366,0.043,true
Other,2012-03-04,0.0326,0.0246,0.0288,0.0321,0.0358,0.042,true
Other,2012-03-11,0.0325,0.0244,0.0288,0.0321,0.0358,0.0421,true
Other,2012-03-18,0.0321,0.0249,0.0284,0.0314,0.0353,0.0416,true
Other,2012-03-25,0.0332,0.0254,0.0293,0.0325,0.0363,0.0427,true
Other,2012-04-01,0.0321,0.0238,0.0285,0.0315,0.0353,0.0422,true
Other,2012-04-08,0.031,0.0228,0.0273,0.0303,0.0345,0.0405,true
Other,2012-04-15,0.03,0.0221,0.0261,0.0297,0.0333,0.0394,true
Other,2012-04-22,0.0288,0.0215,0.0254,0.0286,0.0318,0.0377,true
Other,2012-04-29,0.0297,0.022,0.0261,0.0294,0.0328,0.0383,true
Other,2012-05-06,0.0306,0.0228,0.027,0.0302,0.0337,0.0401,true
Other,2012-05-13,0.031,0.0229,0.0274,0.0308,0.0341,0.0398,true
Other,2012-05-20,0.0316,0.0239,0.0278,0.0313,0.0352,0.0406,true
Other,2012-05-27,0.0306,0.0223,0.0269,0.0303,0.0342,0.0396,true
Other,2012-06-03,0.0298,0.0224,0.0264,0.0294,0.033,0.0384,true
Other,2012-06-10,0.029,0.0221,0.0257,0.0286,0.032,0.0369,true
Other,2012-06-17,0.0301,0.0223,0.027,0.0297,0.0331,0.0381,true
Other,2012-06-24,0.0306,0.0225,0.0275,0.0305,0.0333,0.0389,true
Other,2012-07-01,0.0311,0.023,0.0277,0.0307,0.0342,0.0399,true
Other,2012-07-08,0.0317,0.0235,0.0282,0.0314,0.0348,0.0406,true
Other,2012-07-15,0.0324,0.0242,0.029,0.0322,0.0356,0.0411,true
Other,2012-07-22,0.0314,0.0229,0.0281,0.0313,0.0347,0.0395,true
Other,2012-07-29,0.0305,0.0228,0.0274,0.0302,0.0336,0.0389,true
Other,2012-08-05,0.0291,0.021,0.0259,0.0288,0.0319,0.037,true
Other,2012-08-12,0.0282,0.021,0.0251,0.0279,0.0312,0.0362,true
Other,2012-08-19,0.0275,0.0204,0.0244,0.0272,0.0303,0.0359,true
Other,2012-08-26,0.0282,0.0206,0.025,0.028,0.0312,0.0371,true
Other,2012-09-02,0.0288,0.0211,0.0255,0.0286,0.0319,0.0372,true
Other,2012-09-09,0.0301,0.0216,0.0265,0.03,0.0333,0.0392,true
Other,2012-09-16,0.0312,0.0228,0.0277,0.0309,0.0346,0.0408,true
Other,2012-09-23,0.0309,0.0224,0.0275,0.0307,0.0339,0.04,true
Other,2012-09-30,0.0304,0.0223,0.027,0.0303,0.0337,0.0393,true
Other,2012-10-07,0.0303,0.0217,0.0268,0.0301,0.0334,0.0394,true
Other,2012-10-14,0.0301,0.0219,0.0268,0.0297,0.0334,0.0388,true
Other,2012-10-21,0.0305,0.022,0.0269,0.0302,0.0342,0.0394,true
Other,2012-10-28,0.031,0.0228,0.0276,0.0306,0.0343,0.0399,true
Other,2012-11-04,0.0309,0.0224,0.0276,0.031,0.0341,0.0397,true
Other,2012-11-11,0.03,0.0211,0.0268,0.0299,0.033,0.0385,true
Other,2012-11-18,0.0291,0.0212,0.026,0.029,0.0323,0.0372,true
Other,2012-11-25,0.0289,0.0213,0.0258,0.0287,0.0318,0.0366,true
Other,2012-12-02,0.0275,0.0195,0.0244,0.0275,0.0305,0.0352,true
Other,2012-12-09,0.0274,0.0197,0.0241,0.0274,0.0305,0.0361,true
Other,2012-12-16,0.0273,0.019,0.0238,0.0272,0.0305,0.0362,true
Other,2012-12-23,0.0271,0.0186,0.0234,0.0268,0.0304,0.0364,true
Other,2012-12-30,0.027,0.0182,0.0235,0.0268,0.0304,0.0357,true
Other,2013-01-06,0.0268,0.0185,0.0235,0.0269,0.03,0.0358,true
Other,2013-01-13,0.0265,0.0185,0.0231,0.0262,0.0297,0.0356,true
Other,2013-01-20,0.0261,0.0183,0.0229,0.0257,0.0292,0.0345,true
Other,2013-01-27,0.0263,0.0182,0.0232,0.0261,0.0295,0.0351,true
Other,2013-02-03,0.0267,0.0186,0.0236,0.0266,0.0296,0.0352,true
Other,2013-02-10,0.0268,0.0196,0.0239,0.0269,0.0296,0.0342,true
Other,2013-02-17,0.0268,0.0197,0.0239,0.0266,0.0296,0.0343,true
Other,2013-02-24,0.026,0.0189,0.0227,0.0257,0.0292,0.0337,true
Other,2013-03-03,0.0267,0.0193,0.0234,0.0267,0.0301,0.0347,true
Other,2013-03-10,0.027,0.0193,0.0234,0.0269,0.0304,0.0354,true
Other,2013-03-17,0.0278,0.0196,0.0242,0.0277,0.0313,0.0361,true
Other,2013-03-24,0.0291,0.0204,0.0255,0.0291,0.0325,0.0381,true
Other,2013-03-31,0.0306,0.0213,0.0268,0.0305,0.0343,0.0398,true
Other,2013-04-07,0.0318,0.023,0.0283,0.0321,0.0354,0.0405,true
Other,2013-04-14,0.0339,0.0247,0.0306,0.0339,0.0375,0.0432,true
Other,2013-04-21,0.035,0.0244,0.0314,0.035,0.0389,0.0452,true
Other,2013-04-28,0.0347,0.0236,0.0312,0.0349,0.0388,0.0442,true
Other,2013-05-05,0.0346,0.0235,0.031,0.0349,0.0384,0.0441,true
Other,2013-05-12,0.0343,0.0238,0.0306,0.0346,0.0385,0.044,true
Other,2013-05-19,0.0339,0.0236,0.0306,0.034,0.0379,0.043,true
Other,2013-05-26,0.0329,0.0225,0.0293,0.0333,0.0367,0.0422,true
Other,2013-06-02,0.0317,0.0221,0.0282,0.0316,0.0357,0.0413,true
Other,2013-06-09,0.0307,0.0216,0.0271,0.0306,0.0345,0.0404,true
Other,2013-06-16,0.0302,0.0211,0.0267,0.0301,0.034,0.0387,true
Other,2013-06-23,0.0298,0.0207,0.0262,0.0299,0.0335,0.0386,true
Other,2013-06-30,0.0289,0.02,0.0255,0.029,0.0325,0.0374,true
Other,2013-07-07,0.0279,0.0196,0.0246,0.0278,0.031,0.0364,true
Other,2013-07-14,0.0277,0.0187,0.0243,0.0279,0.031,0.0361,true
Other,2013-07-21,0.0277,0.0185,0.0247,0.0278,0.0312,0.0356,true
Other,2013-07-28,0.0271,0.0181,0.024,0.0273,0.0305,0.0348,true
Other,2013-08-04,0.0273,0.0186,0.0242,0.0278,0.0304,0.0348,true
Other,2013-08-11,0.0282,0.0193,0.025,0.0286,0.0315,0.0356,true
Other,2013-08-18,0.0279,0.0193,0.0248,0.0282,0.031,0.036,true
Other,2013-08-25,0.0279,0.019,0.0245,0.0278,0.0315,0.0361,true
Other,2013-09-01,0.0279,0.019,0.0248,0.0278,0.0311,0.0357,true
Other,2013-09-08,0.0273,0.0185,0.0246,0.0274,0.0303,0.0353,true
Other,2013-09-15,0.0269,0.0184,0.0243,0.0271,0.0298,0.0343,true
Other,2013-09-22,0.0276,0.0191,0.0249,0.0276,0.0307,0.0352,true
Other,2013-09-29,0.0281,0.02,0.025,0.0282,0.0313,0.0363,true
Other,2013-10-06,0.0283,0.0205,0.0251,0.0283,0.0315,0.0361,true
Other,2013-10-13,0.0299,0.0217,0.0267,0.0298,0.0331,0.0383,true
Other,2013-10-20,0.0315,0.0232,0.0288,0.0318,0.0344,0.0392,true
Other,2013-10-27,0.0339,0.025,0.0307,0.0339,0.0374,0.0427,true
Other,2013-11-03,0.036,0.0267,0.0328,0.036,0.0397,0.0454,true
Other,2013-11-10,0.0366,0.0274,0.0331,0.0365,0.0404,0.0468,true
Other,2013-11-17,0.0371,0.0269,0.0333,0.0373,0.0409,0.0472,true
Other,2013-11-24,0.035,0.0251,0.0312,0.0351,0.0392,0.0445,true
Other,2013-12-01,0.0332,0.0246,0.0298,0.0331,0.0367,0.042,true
Other,2013-12-08,0.0318,0.0227,0.0283,0.0321,0.0354,0.0409,true
Other,2013-12-15,0.0317,0.0219,0.0281,0.0318,0.0355,0.0413,true
Other,2013-12-22,0.0315,0.0218,0.028,0.0314,0.0352,0.0414,true
Other,2013-12-29,0.0313,0.0216,0.0279,0.0313,0.0349,0.0408,true
Other,2014-01-05,0.0312,0.0218,0.0278,0.0314,0.0346,0.0398,true
Other,2014-01-12,0.0312,0.0223,0.0281,0.0313,0.0345,0.0401,true
Other,2014-01-19,0.0304,0.0222,0.0272,0.0307,0.0337,0.0381,true
Other,2014-01-26,0.0296,0.022,0.0268,0.0296,0.0326,0.0369,true
Other,2014-02-02,0.0297,0.023,0.027,0.0297,0.0325,0.0372,true
Other,2014-02-09,0.03,0.023,0.0272,0.0299,0.0328,0.0368,true
Other,2014-02-16,0.0299,0.023,0.0269,0.0298,0.0329,0.0367,true
Other,2014-02-23,0.0308,0.0233,0.0279,0.0309,0.0337,0.0385,true
Other,2014-03-02,0.0315,0.0242,0.0283,0.0316,0.0343,0.0394,true
Other,2014-03-09,0.0323,0.0251,0.0294,0.0324,0.0352,0.0394,true
Other,2014-03-16,0.0341,0.0263,0.031,0.0341,0.0371,0.0424,true
Other,2014-03-23,0.0359,0.0283,0.0329,0.0358,0.039,0.0433,true
Other,2014-03-30,0.037,0.0292,0.0338,0.0369,0.0402,0.045,true
Other,2014-04-06,0.0379,0.0296,0.0343,0.0378,0.0413,0.0465,true
Other,2014-04-13,0.0379,0.0287,0.0341,0.0374,0.0417,0.0477,true
Other,2014-04-20,0.0375,0.0287,0.0339,0.0372,0.0406,0.0466,true
Other,2014-04-27,0.0373,0.0296,0.034,0.0372,0.0402,0.0459,true
Other,2014-05-04,0.0359,0.028,0.0326,0.0357,0.0386,0.0444,true
Other,2014-05-11,0.0346,0.0275,0.0316,0.0347,0.0371,0.0421,true
Other,2014-05-18,0.033,0.0264,0.0302,0.0332,0.036,0.0398,true
Other,2014-05-25,0.0336,0.0264,0.0307,0.0337,0.0365,0.0403,true
Other,2014-06-01,0.0365,0.0288,0.0335,0.0363,0.0394,0.0445,true
Other,2014-06-08,0.0394,0.0324,0.0361,0.0393,0.0423,0.0467,true
Other,2014-06-15,0.0417,0.0343,0.0386,0.0414,0.0447,0.0495,true
Other,2014-06-22,0.0422,0.0354,0.0394,0.042,0.0451,0.0494,true
Other,2014-06-29,0.0436,0.0359,0.0405,0.0433,0.0469,0.0514,true
Other,2014-07-06,0.045,0.0374,0.0416,0.0448,0.0483,0.0535,true
Other,2014-07-13,0.0446,0.0371,0.0413,0.0445,0.0477,0.0527,true
Other,2014-07-20,0.0456,0.0376,0.0419,0.0454,0.0491,0.0535,true
Other,2014-07-27,0.0484,0.038,0.0431,0.0479,0.0528,0.0601,true
Other,2014-08-03,0.0512,0.0411,0.0468,0.0508,0.0553,0.062,true
Other,2014-08-10,0.0599,0.0507,0.0559,0.0595,0.0639,0.0701,true
Other,2014-08-17,0.067,0.0563,0.0622,0.0668,0.0712,0.0792,true
Other,2014-08-24,0.0647,0.0553,0.0606,0.0648,0.0685,0.074,true
Other,2014-08-31,0.065,0.056,0.0605,0.0649,0.0689,0.0745,true
Other,2014-09-07,0.0652,0.0567,0.0616,0.0652,0.0687,0.073,true
Other,2014-09-14,0.0645,0.0645,0.0645,0.0645,0.0645,0.0645,true
Other,2014-09-21,0.0639,0.0567,0.0607,0.0637,0.0671,0.0719,true
Other,2014-09-28,0.0635,0.0539,0.0593,0.0628,0.0677,0.0751,true
Other,2014-10-05,0.0629,0.0522,0.0579,0.0624,0.0671,0.0752,true
Other,2014-10-12,0.0587,0.0457,0.0536,0.0587,0.0644,0.0721,true
Other,2014-10-19,0.055,0.0405,0.0489,0.0543,0.0606,0.0699,true
Other,2014-10-26,0.0511,0.0384,0.0453,0.0504,0.0562,0.0653,true
Other,2014-11-02,0.0478,0.0367,0.0427,0.0473,0.0529,0.0607,true
Other,2014-11-09,0.0464,0.035,0.0411,0.0456,0.0515,0.0592,true
Other,2014-11-16,0.0448,0.0333,0.0395,0.0444,0.0497,0.0572,true
Other,2014-11-23,0.0433,0.0318,0.0384,0.0431,0.0482,0.0552,true
Other,2014-11-30,0.0416,0.0318,0.0369,0.0411,0.046,0.0527,true
Other,2014-12-07,0.0396,0.0297,0.0353,0.0392,0.0436,0.0508,true
Other,2014-12-14,0.0377,0.0287,0.0334,0.0373,0.0414,0.0486,true
Other,2014-12-21,0.0356,0.0259,0.0315,0.0353,0.0392,0.0462,true
Other,2014-12-28,0.0336,0.0246,0.0298,0.0332,0.037,0.0438,true
Other,2015-01-04,0.0316,0.0232,0.0278,0.0309,0.035,0.0418,true
Other,2015-01-11,0.0297,0.0221,0.0258,0.0292,0.033,0.0389,true
Other,2015-01-18,0.0287,0.0218,0.0251,0.0283,0.0319,0.0376,true
Other,2015-01-25,0.0276,0.0206,0.024,0.0273,0.0308,0.0357,true
Other,2015-02-01,0.0265,0.0194,0.0232,0.026,0.0293,0.0352,true
Other,2015-02-08,0.0254,0.0185,0.0224,0.0251,0.0281,0.0332,true
Other,2015-02-15,0.0253,0.0184,0.022,0.025,0.028,0.0331,true
Other,2015-02-22,0.025,0.0179,0.0219,0.0247,0.028,0.0329,true
Other,2015-03-01,0.0247,0.018,0.0214,0.0244,0.0278,0.032,true
Other,2015-03-08,0.0245,0.0177,0.0216,0.0243,0.0274,0.032,true
Other,2015-03-15,0.0245,0.0176,0.0211,0.0243,0.0274,0.0323,true
Other,2015-03-22,0.0246,0.0174,0.0214,0.0243,0.0276,0.033,true
Other,2015-03-29,0.0247,0.0179,0.0214,0.0244,0.0279,0.0329,true
Other,2015-04-05,0.0249,0.018,0.0217,0.0248,0.0275,0.0327,true
Other,2015-04-12,0.0249,0.0185,0.0221,0.0247,0.0274,0.0318,true
Other,2015-04-19,0.024,0.0179,0.0214,0.0237,0.0266,0.0314,true
Other,2015-04-26,0.0235,0.017,0.0207,0.0232,0.0259,0.0303,true
Other,2015-05-03,0.0229,0.0164,0.0202,0.0227,0.0254,0.0296,true
Other,2015-05-10,0.0224,0.0162,0.0197,0.0223,0.0248,0.0292,true
Other,2015-05-17,0.0223,0.0163,0.0196,0.022,0.0248,0.0291,true
Other,2015-05-24,0.0221,0.0163,0.0194,0.0219,0.0245,0.0282,true
Other,2015-05-31,0.0217,0.0156,0.019,0.0214,0.0242,0.0283,true
Other,2015-06-07,0.0212,0.0152,0.0187,0.021,0.0238,0.028,true
Other,2015-06-14,0.0206,0.0148,0.0181,0.0203,0.023,0.0274,true
Other,2015-06-21,0.0193,0.0133,0.0167,0.0193,0.0217,0.0259,true
Other,2015-06-28,0.0181,0.0123,0.0153,0.018,0.0205,0.0246,true
Other,2015-07-05,0.017,0.0115,0.0144,0.0167,0.0192,0.0236,true
Other,2015-07-12,0.015,0.0099,0.0128,0.0147,0.0172,0.0208,true
Other,2015-07-19,0.0144,0.0095,0.0121,0.0141,0.0163,0.0202,true
Other,2015-07-26,0.0138,0.0091,0.0116,0.0135,0.0157,0.0193,true
Other,2015-08-02,0.0131,0.0086,0.0109,0.0129,0.015,0.0187,true
Other,2015-08-09,0.0124,0.008,0.0104,0.0123,0.0141,0.0177,true
Other,2015-08-16,0.0119,0.0075,0.01,0.0118,0.0136,0.0166,true
Other,2015-08-23,0.0116,0.0075,0.0098,0.0114,0.0133,0.0163,true
Other,2015-08-30,0.0113,0.0074,0.0096,0.0111,0.013,0.0157,true
Other,2015-09-06,0.0111,0.0072,0.0094,0.011,0.0128,0.0155,true
Other,2015-09-13,0.011,0.007,0.0093,0.0109,0.0126,0.0155,true
Other,2015-09-20,0.0108,0.0069,0.009,0.0108,0.0124,0.0156,true
Other,2015-09-27,0.0107,0.0069,0.009,0.0106,0.0123,0.0152,true
Other,2015-10-04,0.0106,0.0068,0.0088,0.0105,0.0122,0.015,true
Other,2015-10-11,0.0103,0.0067,0.0086,0.0103,0.0119,0.0145,true
Other,2015-10-18,0.0101,0.0064,0.0083,0.0101,0.0119,0.0145,true
Other,2015-10-25,0.01,0.0062,0.0082,0.0098,0.0116,0.0145,true
Other,2015-11-01,0.0099,0.0062,0.0081,0.0097,0.0116,0.0143,true
Other,2015-11-08,0.0099,0.0062,0.0082,0.0097,0.0115,0.0146,true
Other,2015-11-15,0.01,0.006,0.0082,0.0097,0.0116,0.0149,true
Other,2015-11-22,0.0101,0.006,0.0082,0.0098,0.0117,0.0151,true
Other,2015-11-29,0.0101,0.0061,0.0083,0.0097,0.0118,0.015,true
Other,2015-12-06,0.0101,0.0059,0.0084,0.0099,0.0117,0.0149,true
Other,2015-12-13,0.0103,0.0061,0.0082,0.0101,0.0122,0.0152,true
Other,2015-12-20,0.0105,0.0061,0.0084,0.0103,0.0123,0.0157,true
Other,2015-12-27,0.0107,0.0062,0.0085,0.0104,0.0126,0.0161,true
Other,2016-01-03,0.0109,0.0062,0.0088,0.0107,0.013,0.0164,true
Other,2016-01-10,0.0111,0.0062,0.009,0.0108,0.0133,0.0167,true
Other,2016-01-17,0.0114,0.0064,0.009,0.0111,0.0136,0.0171,true
Other,2016-01-24,0.0115,0.0065,0.0091,0.0114,0.0139,0.0173,true
Other,2016-01-31,0.0118,0.0067,0.0094,0.0116,0.014,0.0173,true
Other,2016-02-07,0.012,0.0068,0.0096,0.012,0.0142,0.0177,true
Other,2016-02-14,0.0117,0.0066,0.0095,0.0115,0.0137,0.0175,true
Other,2016-02-21,0.0114,0.0065,0.0093,0.0113,0.0134,0.0172,true
Other,2016-02-28,0.0112,0.0063,0.0091,0.011,0.013,0.0168,true
Other,2016-03-06,0.011,0.0064,0.0088,0.0108,0.0129,0.0159,true
Other,2016-03-13,0.0108,0.0063,0.0088,0.0107,0.0127,0.016,true
Other,2016-03-20,0.0108,0.0062,0.0087,0.0106,0.0129,0.0159,true
Other,2016-03-27,0.0108,0.0061,0.0086,0.0106,0.0128,0.0162,true
Other,2016-04-03,0.0108,0.006,0.0087,0.0107,0.0125,0.016,true
Other,2016-04-10,0.0107,0.0061,0.0087,0.0105,0.0126,0.0159,true
Other,2016-04-17,0.0106,0.0059,0.0086,0.0104,0.0126,0.0157,true
Other,2016-04-24,0.0105,0.0058,0.0085,0.0102,0.0122,0.0155,true
Other,2016-05-01,0.0103,0.0057,0.0083,0.0102,0.0122,0.0152,true
Other,2016-05-08,0.0102,0.0056,0.0083,0.0101,0.012,0.0147,true
Other,2016-05-15,0.0102,0.0056,0.0084,0.01,0.012,0.0151,true
Other,2016-05-22,0.0103,0.0056,0.0085,0.01,0.0122,0.0151,true
Other,2016-05-29,0.0103,0.0057,0.0085,0.0101,0.0122,0.0151,true
Other,2016-06-05,0.0104,0.0057,0.0084,0.0101,0.0123,0.0155,true
Other,2016-06-12,0.0104,0.0058,0.0084,0.0101,0.0124,0.0153,true
Other,2016-06-19,0.0102,0.0056,0.0082,0.01,0.0122,0.0151,true
Other,2016-06-26,0.01,0.0054,0.008,0.01,0.0119,0.0149,true
Other,2016-07-03,0.0099,0.0054,0.008,0.0096,0.0117,0.0148,true
Other,2016-07-10,0.0097,0.0054,0.0078,0.0095,0.0115,0.0145,true
Other,2016-07-17,0.0095,0.0055,0.0077,0.0093,0.0112,0.0137,true
Other,2016-07-24,0.0093,0.0054,0.0076,0.0092,0.011,0.0137,true
Other,2016-07-31,0.0093,0.0052,0.0075,0.0092,0.011,0.0136,true
Other,2016-08-07,0.0094,0.0053,0.0076,0.0092,0.011,0.014,true
Other,2016-08-14,0.0094,0.0054,0.0077,0.0093,0.0111,0.0141,true
Other,2016-08-21,0.0095,0.0053,0.0076,0.0093,0.0112,0.0143,true
Other,2016-08-28,0.0094,0.0052,0.0076,0.0092,0.0109,0.0141,true
Other,2016-09-04,0.0093,0.0051,0.0076,0.0091,0.0109,0.0139,true
Other,2016-09-11,0.0092,0.0051,0.0073,0.009,0.0108,0.0137,true
Other,2016-09-18,0.0094,0.0052,0.0074,0.0092,0.0109,0.0142,true
Other,2016-09-25,0.0095,0.0052,0.0076,0.0095,0.011,0.0146,true
Other,2016-10-02,0.0097,0.0051,0.0077,0.0095,0.0112,0.0146,true
Other,2016-10-09,0.0098,0.0053,0.0078,0.0097,0.0116,0.0149,true
Other,2016-10-16,0.01,0.0055,0.0078,0.0099,0.0117,0.0149,true
Other,2016-10-23,0.0103,0.0056,0.008,0.0101,0.0122,0.0153,true
Other,2016-10-30,0.0105,0.0058,0.0082,0.0103,0.0122,0.0163,true
Other,2016-11-06,0.0106,0.0059,0.0084,0.0106,0.0126,0.0159,true
Other,2016-11-13,0.0106,0.0059,0.0084,0.0106,0.0126,0.0164,true
Other,2016-11-20,0.0109,0.0059,0.0086,0.0107,0.013,0.0161,true
Other,2016-11-27,0.0111,0.0062,0.0088,0.0111,0.0133,0.0165,true
Other,2016-12-04,0.0113,0.0062,0.009,0.0112,0.0136,0.017,true
Other,2016-12-11,0.0113,0.0063,0.0088,0.0113,0.0135,0.0174,true
Other,2016-12-18,0.0114,0.0064,0.0088,0.0113,0.0136,0.0169,true
Other,2016-12-25,0.0114,0.0062,0.009,0.0113,0.0136,0.017,true
Other,2017-01-01,0.0114,0.0065,0.0091,0.0114,0.0136,0.0173,true
Other,2017-01-08,0.0115,0.0067,0.0091,0.0114,0.0136,0.0174,true
Other,2017-01-15,0.0115,0.0067,0.0092,0.0113,0.0136,0.0171,true
Other,2017-01-22,0.0114,0.0067,0.0092,0.0111,0.0134,0.0171,true
Other,2017-01-29,0.0114,0.0067,0.0093,0.0111,0.0133,0.0169,true
Other,2017-02-05,0.0112,0.0069,0.0092,0.0111,0.0129,0.0163,true
Other,2017-02-12,0.0111,0.0069,0.0092,0.0109,0.0127,0.0159,true
Other,2017-02-19,0.0112,0.0074,0.0093,0.0109,0.0129,0.0158,true
Other,2017-02-26,0.0112,0.0075,0.0094,0.011,0.0127,0.0159,true
Other,2017-03-05,0.0113,0.0075,0.0096,0.0111,0.013,0.0156,true
Other,2017-03-12,0.0113,0.0077,0.0096,0.0111,0.0128,0.0153,true
Other,2017-03-19,0.011,0.0074,0.0093,0.0108,0.0125,0.0155,true
Other,2017-03-26,0.011,0.0075,0.0093,0.0109,0.0126,0.0153,true
Other,2017-04-02,0.0111,0.0075,0.0092,0.0109,0.0127,0.0152,true
Other,2017-04-09,0.011,0.0073,0.0093,0.0109,0.0126,0.0152,true
Other,2017-04-16,0.0111,0.0072,0.0094,0.011,0.0127,0.0156,true
Other,2017-04-23,0.0113,0.0075,0.0094,0.011,0.0128,0.0158,true
Other,2017-04-30,0.0114,0.0078,0.0097,0.0111,0.0129,0.0159,true
Other,2017-05-07,0.0115,0.0077,0.0099,0.0113,0.013,0.0157,true
Other,2017-05-14,0.0117,0.008,0.01,0.0115,0.0131,0.0158,true
Other,2017-05-21,0.0119,0.0083,0.0103,0.0118,0.0133,0.016,true
Other,2017-05-28,0.0124,0.0087,0.0108,0.0122,0.0139,0.0164,true
Other,2017-06-04,0.0129,0.0093,0.0112,0.0128,0.0143,0.0169,true
Other,2017-06-11,0.0133,0.0099,0.0118,0.0132,0.0148,0.0172,true
Other,2017-06-18,0.0128,0.0095,0.0112,0.0126,0.0143,0.0169,true
Other,2017-06-25,0.0125,0.0089,0.0109,0.0123,0.0138,0.0167,true
Other,2017-07-02,0.0121,0.0087,0.0105,0.012,0.0135,0.0158,true
Other,2017-07-09,0.012,0.0085,0.0103,0.0119,0.0132,0.0163,true
Other,2017-07-16,0.0118,0.0082,0.0102,0.0117,0.0131,0.016,true
Other,2017-07-23,0.0117,0.0081,0.01,0.0115,0.013,0.0161,true
Other,2017-07-30,0.01,0.0068,0.0086,0.0099,0.0113,0.0138,true
Other,2017-08-06,0.0089,0.0058,0.0076,0.0088,0.0102,0.0124,true
Other,2017-08-13,0.0087,0.0058,0.0073,0.0086,0.0099,0.0122,true
Other,2017-08-20,0.0093,0.0067,0.0079,0.0091,0.0104,0.0126,true
Other,2017-08-27,0.0093,0.0068,0.0081,0.0092,0.0104,0.0122,true
Other,2017-09-03,0.0086,0.0063,0.0076,0.0086,0.0096,0.0111,true
Other,2017-09-10,0.0093,0.0071,0.0085,0.0093,0.0102,0.0115,true
Other,2017-09-17,0.0107,0.0107,0.0107,0.0107,0.0107,0.0107,true
Other,2017-09-24,0.0109,0.0094,0.0103,0.0109,0.0115,0.0125,true
Other,2017-10-01,0.0111,0.0093,0.0102,0.011,0.0119,0.0135,true
Other,2017-10-08,0.0113,0.0091,0.0102,0.0112,0.0121,0.014,true
Other,2017-10-15,0.011,0.0084,0.0098,0.0108,0.012,0.0143,true
Other,2017-10-22,0.0106,0.0078,0.0093,0.0105,0.0118,0.0141,true
Other,2017-10-29,0.0103,0.0075,0.0089,0.0101,0.0115,0.0135,true
Other,2017-11-05,0.01,0.0072,0.0085,0.0098,0.0112,0.0132,true
Other,2017-11-12,0.0098,0.0069,0.0085,0.0097,0.0111,0.0133,true
Other,2017-11-19,0.0097,0.0069,0.0084,0.0095,0.0108,0.0133,true
Other,2017-11-26,0.0096,0.0069,0.0082,0.0093,0.0107,0.0132,true
Other,2017-12-03,0.0094,0.0067,0.008,0.0092,0.0106,0.0129,true
Other,2017-12-10,0.0093,0.0065,0.0079,0.009,0.0105,0.0128,true
Other,2017-12-17,0.0091,0.0062,0.0076,0.0088,0.0104,0.0125,true
Other,2017-12-24,0.0088,0.0059,0.0074,0.0086,0.0102,0.0123,true
Other,2017-12-31,0.0086,0.0059,0.0073,0.0084,0.0098,0.0117,true
Other,2018-01-07,0.0084,0.0058,0.0071,0.0083,0.0095,0.0117,true
Other,2018-01-14,0.0083,0.0056,0.0069,0.0082,0.0094,0.0115,true
Other,2018-01-21,0.0082,0.0055,0.0069,0.008,0.0093,0.0115,true
Other,2018-01-28,0.008,0.0053,0.0067,0.0078,0.0091,0.0112,true
Other,2018-02-04,0.0077,0.005,0.0064,0.0075,0.0089,0.0109,true
Other,2018-02-11,0.0074,0.0048,0.0061,0.0071,0.0084,0.0106,true
Other,2018-02-18,0.0075,0.0048,0.0062,0.0073,0.0086,0.011,true
Other,2018-02-25,0.0075,0.0048,0.0061,0.0073,0.0087,0.0109,true
Other,2018-03-04,0.0076,0.0048,0.0061,0.0073,0.0088,0.0109,true
Other,2018-03-11,0.0077,0.0048,0.0063,0.0074,0.0088,0.0114,true
Other,2018-03-18,0.0078,0.0048,0.0063,0.0076,0.0089,0.0113,true
Other,2018-03-25,0.0078,0.005,0.0064,0.0076,0.009,0.0117,true
Other,2018-04-01,0.0079,0.005,0.0065,0.0077,0.009,0.0116,true
Other,2018-04-08,0.008,0.005,0.0066,0.0078,0.0091,0.0118,true
Other,2018-04-15,0.0082,0.0053,0.0068,0.0081,0.0093,0.0118,true
Other,2018-04-22,0.0085,0.0053,0.007,0.0082,0.0096,0.0122,true
Other,2018-04-29,0.0087,0.0056,0.0072,0.0084,0.0099,0.0127,true
Other,2018-05-06,0.0089,0.0058,0.0074,0.0086,0.0103,0.0128,true
Other,2018-05-13,0.0092,0.0062,0.0076,0.0088,0.0104,0.0132,true
Other,2018-05-20,0.0094,0.0064,0.008,0.0092,0.0106,0.013,true
Other,2018-05-27,0.0093,0.0062,0.0077,0.0091,0.0105,0.0131,true
Other,2018-06-03,0.0091,0.0059,0.0075,0.009,0.0104,0.0133,true
Other,2018-06-10,0.009,0.0058,0.0074,0.0088,0.0101,0.0139,true
Other,2018-06-17,0.0089,0.0056,0.0073,0.0085,0.0101,0.0134,true
Other,2018-06-24,0.0088,0.0055,0.0071,0.0084,0.0102,0.0133,true
Other,2018-07-01,0.0087,0.0053,0.007,0.0083,0.0101,0.0135,true
Other,2018-07-08,0.0087,0.0052,0.0069,0.0082,0.0101,0.0135,true
Other,2018-07-15,0.0085,0.0051,0.0067,0.0081,0.0098,0.0133,true
Other,2018-07-22,0.0083,0.005,0.0066,0.008,0.0096,0.0132,true
Other,2018-07-29,0.0082,0.0049,0.0066,0.0079,0.0095,0.0129,true
Other,2018-08-05,0.0082,0.0048,0.0065,0.0079,0.0095,0.0131,true
Other,2018-08-12,0.0081,0.0047,0.0064,0.0079,0.0094,0.0131,true
Other,2018-08-19,0.0081,0.0048,0.0063,0.0077,0.0094,0.0129,true
Other,2018-08-26,0.008,0.0047,0.0062,0.0078,0.0093,0.0129,true
Other,2018-09-02,0.008,0.0047,0.0063,0.0078,0.0093,0.0127,true
Other,2018-09-09,0.0079,0.0047,0.0062,0.0076,0.0092,0.0125,true
Other,2018-09-16,0.0078,0.0045,0.0062,0.0076,0.0091,0.0121,true
Other,2018-09-23,0.0078,0.0044,0.0062,0.0075,0.0091,0.012,true
Other,2018-09-30,0.0077,0.0045,0.0061,0.0074,0.009,0.0117,true
Other,2018-10-07,0.0076,0.0044,0.006,0.0073,0.0088,0.0117,true
Other,2018-10-14,0.0075,0.0044,0.006,0.0073,0.0088,0.0115,true
Other,2018-10-21,0.0076,0.0044,0.006,0.0074,0.0088,0.0118,true
Other,2018-10-28,0.0076,0.0043,0.006,0.0075,0.0089,0.0119,true
Other,2018-11-04,0.0077,0.0044,0.0061,0.0075,0.009,0.0119,true
Other,2018-11-11,0.0078,0.0045,0.0062,0.0077,0.009,0.0117,true
Other,2018-11-18,0.0079,0.0046,0.0063,0.0077,0.0092,0.0115,true
Other,2018-11-25,0.0079,0.0048,0.0065,0.0077,0.0092,0.0118,true
Other,2018-12-02,0.0081,0.0049,0.0066,0.0079,0.0093,0.0122,true
Other,2018-12-09,0.0083,0.0053,0.0067,0.008,0.0096,0.0124,true
Other,2018-12-16,0.0085,0.0053,0.0069,0.0081,0.0099,0.0124,true
Other,2018-12-23,0.0086,0.0055,0.0071,0.0083,0.01,0.0127,true
Other,2018-12-30,0.0088,0.0056,0.0072,0.0086,0.0101,0.0129,true
Other,2019-01-06,0.0091,0.0057,0.0074,0.0089,0.0105,0.0132,true
Other,2019-01-13,0.0093,0.0059,0.0078,0.0091,0.0107,0.0133,true
Other,2019-01-20,0.0095,0.0062,0.0078,0.0093,0.0108,0.0138,true
Other,2019-01-27,0.0097,0.0065,0.0081,0.0095,0.0111,0.0138,true
Other,2019-02-03,0.0099,0.0067,0.0083,0.0096,0.0112,0.0142,true
Other,2019-02-10,0.0101,0.0069,0.0083,0.0097,0.0114,0.0148,true
Other,2019-02-17,0.0101,0.0067,0.0083,0.0097,0.0115,0.0149,true
Other,2019-02-24,0.0101,0.0066,0.0083,0.0096,0.0115,0.0151,true
Other,2019-03-03,0.0101,0.0064,0.0083,0.0097,0.0116,0.0148,true
Other,2019-03-10,0.01,0.0065,0.0083,0.0096,0.0116,0.0145,true
Other,2019-03-17,0.01,0.0065,0.0083,0.0097,0.0115,0.0144,true
Other,2019-03-24,0.0099,0.0065,0.0083,0.0096,0.0113,0.0144,true
Other,2019-03-31,0.0099,0.0065,0.0083,0.0096,0.0113,0.0142,true
Other,2019-04-07,0.0099,0.0063,0.0082,0.0097,0.0113,0.0141,true
Other,2019-04-14,0.0101,0.0066,0.0083,0.0099,0.0116,0.0144,true
Other,2019-04-21,0.0103,0.0068,0.0085,0.0101,0.0118,0.0146,true
Other,2019-04-28,0.0106,0.0069,0.0087,0.0103,0.012,0.0151,true
Other,2019-05-05,0.0107,0.0069,0.0089,0.0104,0.0123,0.0155,true
Other,2019-05-12,0.0109,0.0071,0.0091,0.0107,0.0125,0.0154,true
Other,2019-05-19,0.0111,0.0074,0.0093,0.0109,0.0128,0.0156,true
Other,2019-05-26,0.0113,0.008,0.0096,0.0111,0.0126,0.0157,true
Other,2019-06-02,0.0114,0.0082,0.0098,0.0112,0.0128,0.0154,true
Other,2019-06-09,0.0113,0.0077,0.0095,0.011,0.0129,0.0157,true
Other,2019-06-16,0.0112,0.0073,0.0094,0.011,0.0126,0.0155,true
Other,2019-06-23,0.0109,0.0072,0.0092,0.0108,0.0125,0.0154,true
Other,2019-06-30,0.0108,0.0071,0.0089,0.0106,0.0124,0.0154,true
Other,2019-07-07,0.0106,0.0068,0.0088,0.0104,0.0122,0.015,true
Other,2019-07-14,0.0104,0.0067,0.0086,0.0103,0.012,0.015,true
Other,2019-07-21,0.0103,0.0066,0.0084,0.0101,0.0119,0.0149,true
Other,2019-07-28,0.0104,0.0065,0.0085,0.0102,0.012,0.0152,true
Other,2019-08-04,0.0105,0.0065,0.0086,0.0101,0.0122,0.0153,true
Other,2019-08-11,0.0106,0.0066,0.0086,0.0102,0.0123,0.0156,true
Other,2019-08-18,0.0106,0.0065,0.0086,0.0103,0.0122,0.0155,true
Other,2019-08-25,0.0106,0.0065,0.0086,0.0103,0.0122,0.0153,true
Other,2019-09-01,0.0107,0.0068,0.0089,0.0104,0.0123,0.0152,true
Other,2019-09-08,0.0107,0.0068,0.0089,0.0104,0.0124,0.0154,true
Other,2019-09-15,0.0108,0.0072,0.0088,0.0104,0.0124,0.0155,true
Other,2019-09-22,0.0109,0.0071,0.009,0.0105,0.0125,0.0155,true
Other,2019-09-29,0.0109,0.0073,0.0091,0.0107,0.0126,0.0151,true
Other,2019-10-06,0.0109,0.0072,0.0091,0.0106,0.0126,0.0158,true
Other,2019-10-13,0.0112,0.0073,0.0093,0.0109,0.0128,0.0163,true
Other,2019-10-20,0.0115,0.0073,0.0095,0.0111,0.0131,0.0165,true
Other,2019-10-27,0.0117,0.0074,0.0098,0.0114,0.0135,0.017,true
Other,2019-11-03,0.012,0.0078,0.0099,0.0117,0.0137,0.0173,true
Other,2019-11-10,0.0122,0.008,0.0101,0.0121,0.0141,0.0176,true
Other,2019-11-17,0.0126,0.0081,0.0103,0.0123,0.0145,0.0177,true
Other,2019-11-24,0.0129,0.0084,0.0108,0.0127,0.0147,0.0182,true
Other,2019-12-01,0.0134,0.0088,0.0111,0.0131,0.0152,0.0195,true
Other,2019-12-08,0.0137,0.0092,0.0114,0.0134,0.0157,0.0199,true
Other,2019-12-15,0.0143,0.0094,0.0117,0.0138,0.0164,0.0205,true
Other,2019-12-22,0.0148,0.01,0.0122,0.0143,0.017,0.0212,true
Other,2019-12-29,0.0152,0.0103,0.0127,0.0148,0.0173,0.0212,true
Other,2020-01-05,0.0157,0.0108,0.0134,0.0154,0.0179,0.0216,true
Other,2020-01-12,0.0162,0.0112,0.014,0.016,0.0182,0.0223,true
Other,2020-01-19,0.0164,0.0118,0.0141,0.0163,0.0183,0.0217,true
Other,2020-01-26,0.0167,0.0122,0.0145,0.0166,0.0186,0.0217,true
Other,2020-02-02,0.017,0.0124,0.0147,0.0167,0.019,0.0222,true
Other,2020-02-09,0.0173,0.0126,0.0151,0.0171,0.0192,0.0226,true
Other,2020-02-16,0.0171,0.0121,0.0148,0.0167,0.019,0.0228,true
Other,2020-02-23,0.0167,0.0115,0.0145,0.0165,0.0188,0.0227,true
Other,2020-03-01,0.0165,0.0112,0.0139,0.0161,0.0186,0.0226,true
Other,2020-03-08,0.0164,0.0112,0.0138,0.0159,0.0185,0.023,true
Other,2020-03-15,0.0162,0.011,0.0136,0.0158,0.0182,0.0229,true
Other,2020-03-22,0.0155,0.0101,0.0129,0.0152,0.0175,0.0231,true
Other,2020-03-29,0.0148,0.0096,0.0125,0.0143,0.0167,0.0217,true
Other,2020-04-05,0.0139,0.0092,0.0116,0.0135,0.0159,0.0203,true
Other,2020-04-12,0.0133,0.0093,0.0113,0.0129,0.0149,0.0186,true
Other,2020-04-19,0.0134,0.0095,0.0114,0.0132,0.0151,0.0183,true
Other,2020-04-26,0.0136,0.0097,0.0117,0.0134,0.0153,0.018,true
Other,2020-05-03,0.0136,0.0099,0.0119,0.0133,0.0151,0.0177,true
Other,2020-05-10,0.0137,0.0105,0.0121,0.0136,0.0152,0.0176,true
Other,2020-05-17,0.0133,0.0099,0.0116,0.013,0.0149,0.0177,true
Other,2020-05-24,0.0136,0.0099,0.0117,0.0133,0.0151,0.0182,true
Other,2020-05-31,0.014,0.01,0.012,0.0138,0.0157,0.0189,true
Other,2020-06-07,0.0145,0.01,0.0123,0.0143,0.0164,0.0197,true
Other,2020-06-14,0.0148,0.0101,0.0128,0.0147,0.0168,0.0198,true
Other,2020-06-21,0.0157,0.0108,0.0136,0.0155,0.0176,0.0209,true
Other,2020-06-28,0.017,0.0117,0.0147,0.0168,0.0189,0.0227,true
Other,2020-07-05,0.0185,0.013,0.0162,0.0183,0.0208,0.0247,true
Other,2020-07-12,0.0198,0.0148,0.0175,0.0196,0.0219,0.0249,true
Other,2020-07-19,0.0203,0.0154,0.018,0.0202,0.0224,0.0259,true
Other,2020-07-26,0.0219,0.0168,0.0195,0.0217,0.0241,0.0278,true
Other,2020-08-02,0.0227,0.0173,0.0202,0.0226,0.0251,0.0291,true
Other,2020-08-09,0.0238,0.0178,0.021,0.0236,0.0263,0.0308,true
Other,2020-08-16,0.0249,0.0183,0.0217,0.0245,0.0274,0.0329,true
Other,2020-08-23,0.0271,0.0188,0.0231,0.0268,0.0304,0.037,true
Other,2020-08-30,0.0294,0.0199,0.0251,0.0292,0.0332,0.0397,true
Other,2020-09-06,0.0316,0.0225,0.0276,0.0314,0.0352,0.0416,true
Other,2020-09-13,0.0341,0.0273,0.0312,0.0341,0.0367,0.042,true
Other,2020-09-20,0.0332,0.0257,0.0294,0.033,0.0361,0.0421,true
Other,2020-09-27,0.0343,0.026,0.0304,0.0339,0.0377,0.0434,true
Other,2020-10-04,0.0349,0.0282,0.0322,0.0349,0.0376,0.0417,true
Other,2020-10-11,0.0368,0.0368,0.0368,0.0368,0.0368,0.0368,true
Other,2020-10-18,0.0363,0.0318,0.0345,0.0363,0.0382,0.0408,true
Other,2020-10-25,0.0358,0.0296,0.0333,0.0357,0.038,0.0423,true
Other,2020-11-01,0.035,0.0291,0.0326,0.0348,0.0375,0.0414,true
Other,2020-11-08,0.0343,0.0279,0.0313,0.0343,0.0369,0.0416,true
Other,2020-11-15,0.0326,0.0252,0.0297,0.0323,0.0354,0.0399,true
Other,2020-11-22,0.0309,0.0243,0.0279,0.0305,0.0337,0.0382,true
Other,2020-11-29,0.0293,0.0228,0.0262,0.029,0.0318,0.0363,true
Other,2020-12-06,0.0289,0.0214,0.0256,0.0286,0.0321,0.0369,true
Other,2020-12-13,0.0287,0.021,0.0252,0.0283,0.0321,0.0371,true
Other,2020-12-20,0.0285,0.0208,0.0251,0.0282,0.0318,0.0372,true
Other,2020-12-27,0.0283,0.0205,0.0248,0.0278,0.0315,0.0378,true
Other,2021-01-03,0.028,0.02,0.0245,0.0275,0.0313,0.0364,true
Other,2021-01-10,0.0276,0.0204,0.0243,0.0273,0.0307,0.036,true
Other,2021-01-17,0.0276,0.0203,0.0241,0.0273,0.0308,0.0362,true
Other,2021-01-24,0.0275,0.0197,0.0241,0.0274,0.0306,0.0362,true
Other,2021-01-31,0.0274,0.0193,0.024,0.0272,0.0304,0.0362,true
Other,2021-02-07,0.0274,0.0193,0.0241,0.027,0.0302,0.0365,true
Other,2021-02-14,0.0279,0.0199,0.0246,0.0275,0.0307,0.0369,true
Other,2021-02-21,0.0284,0.0207,0.0248,0.0278,0.0315,0.0372,true
Other,2021-02-28,0.029,0.0215,0.0254,0.0285,0.0322,0.0379,true
Other,2021-03-07,0.0295,0.0221,0.0262,0.029,0.0323,0.0384,true
Other,2021-03-14,0.0304,0.0225,0.027,0.0301,0.0333,0.04,true
Other,2021-03-21,0.0313,0.0238,0.0278,0.0308,0.0343,0.0407,true
Other,2021-03-28,0.0312,0.0236,0.0274,0.0307,0.0344,0.0408,true
Other,2021-04-04,0.0312,0.0236,0.0274,0.0304,0.034,0.0413,true
Other,2021-04-11,0.0311,0.0234,0.0271,0.0307,0.034,0.0411,true
Other,2021-04-18,0.0303,0.0227,0.0266,0.0298,0.0334,0.0394,true
Other,2021-04-25,0.0296,0.0225,0.0263,0.029,0.0325,0.0383,true
Other,2021-05-02,0.0289,0.0218,0.0256,0.0283,0.0317,0.0369,true
Other,2021-05-09,0.028,0.0216,0.025,0.0276,0.0305,0.0352,true
Other,2021-05-16,0.0288,0.022,0.0258,0.0283,0.0317,0.0368,true
Other,2021-05-23,0.0297,0.023,0.0266,0.0291,0.0324,0.038,true
Other,2021-05-30,0.0298,0.0229,0.0264,0.0293,0.0327,0.0383,true
Other,2021-06-06,0.0301,0.0229,0.0267,0.0296,0.0331,0.0388,true
Other,2021-06-13,0.0303,0.023,0.0268,0.0298,0.0334,0.0391,true
Other,2021-06-20,0.0304,0.023,0.027,0.0299,0.0334,0.0391,true
Other,2021-06-27,0.0302,0.0224,0.0266,0.0298,0.0335,0.0393,true
Other,2021-07-04,0.0302,0.0222,0.0268,0.0294,0.0334,0.0397,true
Other,2021-07-11,0.0303,0.0228,0.0268,0.0299,0.0335,0.039,true
Other,2021-07-18,0.0324,0.0246,0.0288,0.032,0.0356,0.0414,true
Other,2021-07-25,0.0343,0.0266,0.0307,0.0339,0.0372,0.044,true
Other,2021-08-01,0.0346,0.0263,0.031,0.0339,0.0377,0.0446,true
Other,2021-08-08,0.0349,0.027,0.031,0.0344,0.0379,0.045,true
Other,2021-08-15,0.0338,0.0255,0.0299,0.0333,0.0372,0.044,true
Other,2021-08-22,0.0327,0.0245,0.0291,0.0323,0.036,0.0422,true
Other,2021-08-29,0.0318,0.0236,0.0283,0.0313,0.0348,0.0411,true
Other,2021-09-05,0.0304,0.0233,0.0269,0.0299,0.0333,0.0395,true
Other,2021-09-12,0.0292,0.0223,0.0259,0.0289,0.0318,0.0373,true
Other,2021-09-19,0.0304,0.0239,0.0273,0.0299,0.0332,0.0381,true
Other,2021-09-26,0.0308,0.0236,0.0272,0.0306,0.0338,0.0389,true
Other,2021-10-03,0.0309,0.0238,0.0276,0.0305,0.0339,0.0391,true
Other,2021-10-10,0.031,0.0241,0.028,0.0307,0.0338,0.0389,true
Other,2021-10-17,0.031,0.0235,0.0276,0.0308,0.0338,0.039,true
Other,2021-10-24,0.031,0.0237,0.0275,0.0305,0.0339,0.0395,true
Other,2021-10-31,0.0311,0.0243,0.0281,0.0308,0.034,0.0387,true
Other,2021-11-07,0.0298,0.0235,0.027,0.0298,0.0324,0.0371,true
Other,2021-11-14,0.0284,0.021,0.0255,0.0283,0.0313,0.0363,true
Other,2021-11-21,0.0272,0.0195,0.024,0.0267,0.0304,0.0357,true
Other,2021-11-28,0.0259,0.0187,0.0228,0.0256,0.029,0.0339,true
Other,2021-12-05,0.0261,0.0189,0.0231,0.0258,0.0288,0.0338,true
Other,2021-12-12,0.0257,0.0188,0.0228,0.0255,0.0284,0.0341,true
Other,2021-12-19,0.0254,0.0184,0.0224,0.0251,0.028,0.0337,true
Other,2021-12-26,0.025,0.0182,0.0219,0.0246,0.0277,0.0333,true
Other,2022-01-02,0.0245,0.018,0.0215,0.0242,0.0272,0.0324,true
Other,2022-01-09,0.0242,0.018,0.0214,0.0238,0.0265,0.0311,true
Other,2022-01-16,0.0244,0.0188,0.022,0.024,0.0268,0.0308,true
Other,2022-01-23,0.0246,0.0192,0.0222,0.0241,0.0267,0.0309,true
Other,2022-01-30,0.0245,0.0192,0.0218,0.0245,0.0267,0.0312,true
Other,2022-02-06,0.0258,0.0198,0.0229,0.0254,0.0283,0.0322,true
Other,2022-02-13,0.0271,0.021,0.0243,0.0267,0.0295,0.034,true
Other,2022-02-20,0.0272,0.0205,0.0242,0.0268,0.0299,0.0345,true
Other,2022-02-27,0.0272,0.0212,0.0244,0.0269,0.0298,0.0339,true
Other,2022-03-06,0.0273,0.0215,0.0246,0.0271,0.0299,0.0338,true
Other,2022-03-13,0.0282,0.0222,0.0255,0.028,0.0306,0.0353,true
Other,2022-03-20,0.0281,0.022,0.0252,0.0276,0.0309,0.0351,true
Other,2022-03-27,0.0281,0.0219,0.025,0.0277,0.0307,0.0356,true
Other,2022-04-03,0.028,0.0219,0.0252,0.0275,0.0305,0.0353,true
Other,2022-04-10,0.0278,0.0219,0.0251,0.0277,0.0302,0.0343,true
Other,2022-04-17,0.0281,0.022,0.0253,0.0276,0.0304,0.0357,true
Other,2022-04-24,0.0293,0.0229,0.0263,0.0291,0.032,0.0366,true
Other,2022-05-01,0.0308,0.0243,0.0278,0.0307,0.0334,0.0379,true
Other,2022-05-08,0.0316,0.0251,0.0287,0.0313,0.0341,0.0391,true
Other,2022-05-15,0.0328,0.0262,0.0297,0.0325,0.0355,0.0409,true
Other,2022-05-22,0.0338,0.0272,0.0305,0.0335,0.0366,0.0416,true
Other,2022-05-29,0.0337,0.0265,0.0306,0.0334,0.0366,0.0415,true
Other,2022-06-05,0.0334,0.0268,0.0304,0.033,0.036,0.0416,true
Other,2022-06-12,0.0327,0.0259,0.0295,0.0322,0.0355,0.041,true
Other,2022-06-19,0.0317,0.0242,0.0285,0.0314,0.0345,0.0408,true
Other,2022-06-26,0.0307,0.0239,0.0274,0.0305,0.0333,0.0391,true
Other,2022-07-03,0.0297,0.023,0.0266,0.0292,0.0326,0.0378,true
Other,2022-07-10,0.0294,0.0223,0.0265,0.0292,0.0318,0.0365,true
Other,2022-07-17,0.0306,0.0239,0.0278,0.0303,0.0333,0.0377,true
Other,2022-07-24,0.0319,0.0254,0.0291,0.0317,0.0345,0.0391,true
Other,2022-07-31,0.033,0.027,0.0303,0.0327,0.0353,0.0399,true
Other,2022-08-07,0.0321,0.0257,0.0294,0.0317,0.0345,0.0396,true
Other,2022-08-14,0.0328,0.0259,0.0298,0.0325,0.0356,0.0403,true
Other,2022-08-21,0.0333,0.0259,0.0299,0.0333,0.0361,0.0415,true
Other,2022-08-28,0.0338,0.0262,0.0305,0.0336,0.0366,0.0419,true
Other,2022-09-04,0.0345,0.0274,0.0315,0.0344,0.0375,0.0424,true
Other,2022-09-11,0.0352,0.028,0.0317,0.0349,0.0383,0.0427,true
Other,2022-09-18,0.0357,0.0286,0.0325,0.0355,0.0385,0.0438,true
Other,2022-09-25,0.0332,0.0257,0.03,0.0331,0.0365,0.0411,true
Other,2022-10-02,0.031,0.0243,0.0277,0.0308,0.0339,0.0385,true
Other,2022-10-09,0.0305,0.024,0.0278,0.0302,0.0332,0.038,true
Other,2022-10-16,0.0308,0.0251,0.0283,0.0306,0.033,0.0375,true
Other,2022-10-23,0.029,0.0238,0.0264,0.0286,0.0314,0.0352,true
Other,2022-10-30,0.0281,0.0229,0.0256,0.0277,0.0301,0.0342,true
Other,2022-11-06,0.0277,0.0219,0.0251,0.0275,0.0301,0.0339,true
Other,2022-11-13,0.0275,0.0218,0.0249,0.0271,0.0297,0.0341,true
Other,2022-11-20,0.0267,0.0207,0.0241,0.0263,0.0291,0.0333,true
Other,2022-11-27,0.026,0.0204,0.0235,0.0256,0.0281,0.0325,true
Other,2022-12-04,0.0269,0.0211,0.0242,0.0265,0.0292,0.034,true
Other,2022-12-11,0.0279,0.0224,0.0249,0.0276,0.0303,0.0349,true
Other,2022-12-18,0.0279,0.0218,0.0251,0.0274,0.0303,0.0357,true
Other,2022-12-25,0.028,0.0218,0.0249,0.0277,0.0304,0.0362,true
Other,2023-01-01,0.0281,0.022,0.0251,0.0277,0.0305,0.0355,true
Other,2023-01-08,0.0281,0.022,0.0253,0.0278,0.0306,0.0356,true
Other,2023-01-15,0.0277,0.0219,0.0252,0.0275,0.0301,0.0342,true
Other,2023-01-22,0.0276,0.0225,0.0254,0.0274,0.0298,0.0333,true
Other,2023-01-29,0.0291,0.0234,0.0264,0.0289,0.0316,0.036,true
Other,2023-02-05,0.0308,0.0249,0.028,0.0303,0.0333,0.0377,true
Other,2023-02-12,0.0312,0.0251,0.0283,0.0309,0.0336,0.038,true
Other,2023-02-19,0.0331,0.0263,0.0301,0.0329,0.0361,0.0409,true
Other,2023-02-26,0.035,0.0279,0.0319,0.0347,0.038,0.0422,true
Other,2023-03-05,0.0323,0.026,0.0297,0.0319,0.035,0.0391,true
Other,2023-03-12,0.0326,0.0263,0.0297,0.0322,0.0348,0.0404,true
Other,2023-03-19,0.0324,0.0259,0.0295,0.0319,0.0352,0.0401,true
Other,2023-03-26,0.0325,0.0261,0.0294,0.0321,0.035,0.0399,true
Other,2023-04-02,0.0326,0.0261,0.0297,0.0323,0.0352,0.0401,true
Other,2023-04-09,0.0322,0.0257,0.0294,0.032,0.0349,0.0396,true
Other,2023-04-16,0.032,0.0255,0.0291,0.0316,0.0346,0.0393,true
Other,2023-04-23,0.0315,0.0251,0.0287,0.0313,0.0341,0.0389,true
Other,2023-04-30,0.031,0.0253,0.0284,0.0309,0.0333,0.0372,true
Other,2023-05-07,0.0299,0.0245,0.0274,0.0297,0.032,0.0363,true
Other,2023-05-14,0.03,0.0245,0.0277,0.0297,0.0322,0.0364,true
Other,2023-05-21,0.0302,0.0244,0.0275,0.03,0.0327,0.0369,true
Other,2023-05-28,0.0301,0.0241,0.0273,0.0298,0.0325,0.037,true
Other,2023-06-04,0.0298,0.0234,0.0268,0.0296,0.0326,0.0372,true
Other,2023-06-11,0.0296,0.0234,0.0265,0.0293,0.0322,0.0372,true
Other,2023-06-18,0.0301,0.0233,0.027,0.0298,0.0329,0.037,true
Other,2023-06-25,0.0307,0.0242,0.0278,0.0304,0.0335,0.0381,true
Other,2023-07-02,0.0315,0.0252,0.0286,0.0312,0.034,0.0389,true
Other,2023-07-09,0.031,0.0248,0.0281,0.0307,0.0338,0.0377,true
Other,2023-07-16,0.0318,0.0254,0.0289,0.0313,0.0347,0.0399,true
Other,2023-07-23,0.0324,0.0258,0.0295,0.0322,0.0353,0.0397,true
Other,2023-07-30,0.0348,0.0283,0.032,0.0346,0.0374,0.0422,true
Other,2023-08-06,0.0346,0.028,0.0316,0.0343,0.0374,0.0422,true
Other,2023-08-13,0.0345,0.0274,0.0314,0.0342,0.0376,0.0421,true
Other,2023-08-20,0.0325,0.0249,0.029,0.0321,0.0356,0.0415,true
Other,2023-08-27,0.0352,0.0277,0.032,0.0349,0.0384,0.0437,true
Other,2023-09-03,0.0354,0.0285,0.0323,0.0352,0.0383,0.0436,true
Other,2023-09-10,0.0357,0.0287,0.0327,0.0356,0.0385,0.0433,true
Other,2023-09-17,0.0345,0.0281,0.0319,0.0345,0.0372,0.0413,true
Other,2023-09-24,0.0348,0.0286,0.0321,0.0345,0.0372,0.0424,true
Other,2023-10-01,0.0364,0.031,0.0338,0.0363,0.0385,0.0426,true
Other,2023-10-08,0.0336,0.0336,0.0336,0.0336,0.0336,0.0336,true
Other,2023-10-15,0.0314,0.0265,0.0297,0.0316,0.0332,0.0358,true
Other,2023-10-22,0.0291,0.023,0.0265,0.0291,0.0316,0.0346,true
Other,2023-10-29,0.0271,0.0211,0.0244,0.0272,0.0298,0.0334,true
Other,2023-11-05,0.027,0.0205,0.0242,0.0269,0.0295,0.0338,true
Other,2023-11-12,0.027,0.0208,0.0242,0.0269,0.0293,0.0334,true
Other,2023-11-19,0.026,0.0195,0.0233,0.0257,0.0288,0.0329,true
Other,2023-11-26,0.025,0.0186,0.0223,0.0247,0.0276,0.032,true
Other,2023-12-03,0.0239,0.0178,0.0212,0.0238,0.0263,0.0305,true
Other,2023-12-10,0.0235,0.0175,0.0207,0.0231,0.0261,0.0302,true
Other,2023-12-17,0.0231,0.0171,0.0201,0.0228,0.0258,0.0299,true
Other,2023-12-24,0.0227,0.0167,0.0199,0.0223,0.0251,0.0297,true
Other,2023-12-31,0.0224,0.0169,0.0195,0.0221,0.0248,0.0292,true
Other,2024-01-07,0.022,0.0169,0.0195,0.0218,0.0243,0.0283,true
Other,2024-01-14,0.0222,0.0165,0.0195,0.0219,0.0246,0.0289,true
Other,2024-01-21,0.0224,0.0169,0.0199,0.022,0.0246,0.0295,true
Other,2024-01-28,0.0224,0.0168,0.0198,0.022,0.0246,0.0294,true
Other,2024-02-04,0.0225,0.0172,0.02,0.0222,0.0245,0.0293,true
Other,2024-02-11,0.023,0.0178,0.0204,0.0226,0.0251,0.0291,true
Other,2024-02-18,0.0235,0.0181,0.0208,0.0231,0.0256,0.0305,true
Other,2024-02-25,0.0238,0.0183,0.0209,0.0234,0.0263,0.0312,true
Other,2024-03-03,0.0243,0.0186,0.0216,0.0238,0.0266,0.0312,true
Other,2024-03-10,0.0241,0.0182,0.0214,0.0236,0.0266,0.0314,true
Other,2024-03-17,0.0243,0.0182,0.0216,0.0239,0.0267,0.0313,true
Other,2024-03-24,0.0243,0.0182,0.0216,0.0241,0.0267,0.0312,true
Other,2024-03-31,0.0246,0.0187,0.0222,0.024,0.027,0.032,true
Other,2024-04-07,0.0249,0.0192,0.0223,0.0246,0.0269,0.0322,true
Other,2024-04-14,0.0254,0.0197,0.0226,0.0251,0.0276,0.033,true
Other,2024-04-21,0.0259,0.02,0.023,0.0253,0.0285,0.0334,true
Other,2024-04-28,0.0247,0.019,0.0218,0.0243,0.0274,0.0322,true
Other,2024-05-05,0.0237,0.0181,0.021,0.0232,0.0259,0.0305,true
Other,2024-05-12,0.0234,0.0177,0.0207,0.0231,0.0255,0.0301,true
Other,2024-05-19,0.0232,0.0176,0.0207,0.0228,0.0252,0.0301,true
Other,2024-05-26,0.0229,0.0172,0.0203,0.0227,0.0252,0.0297,true
Other,2024-06-02,0.0225,0.0173,0.0199,0.0224,0.0247,0.0289,true
Other,2024-06-09,0.0225,0.0173,0.0199,0.0222,0.0247,0.0292,true
Other,2024-06-16,0.0219,0.0168,0.0195,0.0216,0.024,0.0287,true
Other,2024-06-23,0.0214,0.0161,0.0187,0.021,0.0235,0.0283,true
Other,2024-06-30,0.0209,0.0155,0.0182,0.0204,0.0232,0.0278,true
Other,2024-07-07,0.0208,0.0152,0.018,0.0203,0.0233,0.0282,true
Other,2024-07-14,0.0208,0.0153,0.0179,0.0203,0.0231,0.0281,true
Other,2024-07-21,0.0209,0.015,0.0179,0.0204,0.0232,0.0288,true
Other,2024-07-28,0.0209,0.0153,0.0179,0.0203,0.0234,0.029,true
Other,2024-08-04,0.0209,0.0152,0.0184,0.0206,0.0233,0.028,true
Other,2024-08-11,0.021,0.0157,0.0184,0.0205,0.0231,0.0282,true
Other,2024-08-18,0.0209,0.0155,0.0184,0.0206,0.0231,0.0275,true
Other,2024-08-25,0.0206,0.0154,0.0181,0.0203,0.0227,0.0273,true
Other,2024-09-01,0.0204,0.0154,0.0179,0.0201,0.0225,0.0269,true
Other,2024-09-08,0.0204,0.0153,0.0179,0.0202,0.0226,0.0265,true
Other,2024-09-15,0.0207,0.0153,0.0183,0.0205,0.023,0.0272,true
Other,2024-09-22,0.0212,0.0156,0.0187,0.0209,0.0236,0.0274,true
Other,2024-09-29,0.0216,0.016,0.0192,0.0213,0.0237,0.0282,true
Other,2024-10-06,0.0227,0.017,0.0202,0.0224,0.025,0.029,true
Other,2024-10-13,0.0226,0.0167,0.02,0.0223,0.0249,0.0287,true
Other,2024-10-20,0.0224,0.0166,0.0199,0.0221,0.0248,0.0289,true
Other,2024-10-27,0.0223,0.0167,0.0199,0.022,0.0245,0.0291,true
Other,2024-11-03,0.0223,0.0169,0.0198,0.0219,0.0245,0.0284,true
Other,2024-11-10,0.023,0.0177,0.0205,0.0227,0.0252,0.0291,true
Other,2024-11-17,0.024,0.0184,0.0214,0.0235,0.0263,0.0305,true
Other,2024-11-24,0.0251,0.0193,0.0225,0.0249,0.0276,0.0315,true
Other,2024-12-01,0.026,0.0205,0.0234,0.0256,0.0284,0.0328,true
Other,2024-12-08,0.0256,0.0198,0.0228,0.0254,0.0283,0.0328,true
Other,2024-12-15,0.0253,0.0188,0.0221,0.025,0.0282,0.033,true
Other,2024-12-22,0.0249,0.0186,0.0217,0.0245,0.0276,0.0327,true
Other,2024-12-29,0.0247,0.0184,0.0218,0.0244,0.0272,0.0319,true
Other,2025-01-05,0.0241,0.0185,0.0215,0.0237,0.0266,0.0305,true
Other,2025-01-12,0.0238,0.0183,0.0213,0.0234,0.026,0.0306,true
Other,2025-01-19,0.024,0.0183,0.0215,0.0236,0.0261,0.0306,true
Other,2025-01-26,0.0243,0.0185,0.0215,0.0238,0.0266,0.0312,true
Other,2025-02-02,0.0245,0.0193,0.0218,0.0243,0.0267,0.0307,true
Other,2025-02-09,0.0244,0.019,0.0221,0.0241,0.0265,0.0308,true
Other,2025-02-16,0.0236,0.0181,0.0211,0.0233,0.0258,0.0298,true
Other,2025-02-23,0.0227,0.0171,0.0201,0.0223,0.0249,0.0292,true
Other,2025-03-02,0.0218,0.0168,0.0195,0.0216,0.024,0.0278,true
Other,2025-03-09,0.0209,0.0158,0.0185,0.0207,0.023,0.0269,true
Other,2025-03-16,0.0204,0.0155,0.0179,0.0201,0.0222,0.0263,true
Other,2025-03-23,0.02,0.0148,0.0178,0.0198,0.0219,0.0259,true
Other,2025-03-30,0.0192,0.0145,0.0172,0.0191,0.0211,0.0249,true
Other,2025-04-06,0.0192,0.0144,0.0171,0.0191,0.0212,0.0246,true
Other,2025-04-13,0.0195,0.0143,0.0172,0.0193,0.0216,0.0251,true
Other,2025-04-20,0.0197,0.0147,0.0174,0.0195,0.0219,0.0251,true
Other,2025-04-27,0.02,0.0151,0.0177,0.0199,0.0219,0.0255,true
Other,2025-05-04,0.0206,0.0158,0.0185,0.0204,0.0226,0.0263,true
Other,2025-05-11,0.0213,0.0165,0.0192,0.0212,0.0233,0.0266,true
Other,2025-05-18,0.0219,0.017,0.0197,0.0215,0.0239,0.0281,true
Other,2025-05-25,0.0225,0.0176,0.0204,0.0223,0.0243,0.0283,true
Other,2025-06-01,0.0216,0.0169,0.0192,0.0213,0.0236,0.0273,true
Other,2025-06-08,0.0207,0.0163,0.0187,0.0206,0.0226,0.0258,true
Other,2025-06-15,0.02,0.0154,0.0178,0.0198,0.0219,0.0254,true
Other,2025-06-22,0.0192,0.0145,0.0171,0.0189,0.0209,0.0245,true
Other,2025-06-29,0.0184,0.014,0.0162,0.0181,0.0203,0.0238,true
Other,2025-07-06,0.0182,0.0137,0.0161,0.0178,0.0199,0.0236,true
Other,2025-07-13,0.0179,0.0137,0.0159,0.0176,0.0197,0.0232,true
Other,2025-07-20,0.0173,0.0128,0.0152,0.017,0.0193,0.0226,true
Other,2025-07-27,0.0167,0.0122,0.0146,0.0165,0.0186,0.0217,true
Other,2025-08-03,0.0161,0.012,0.014,0.0158,0.0178,0.0207,true
Other,2025-08-10,0.0161,0.0119,0.0141,0.0159,0.0179,0.0208,true
Other,2025-08-17,0.0165,0.0123,0.0146,0.0163,0.0184,0.0212,true
Other,2025-08-24,0.017,0.0125,0.0149,0.0169,0.0189,0.022,true
Other,2025-08-31,0.0175,0.013,0.0153,0.0173,0.0193,0.0223,true
Other,2025-09-07,0.0183,0.0136,0.0161,0.0183,0.0202,0.0234,true
Other,2025-09-14,0.0194,0.0147,0.0171,0.0193,0.0214,0.025,true
Other,2025-09-21,0.0207,0.0157,0.0183,0.0205,0.0228,0.0266,true
Other,2025-09-28,0.022,0.0169,0.0196,0.0219,0.0241,0.0276,true
Other,2025-10-05,0.023,0.0181,0.0208,0.0229,0.025,0.0284,true
Other,2025-10-12,0.0251,0.0198,0.0227,0.0246,0.0273,0.0318,true
Other,2025-10-19,0.0259,0.0203,0.0231,0.0256,0.0281,0.033,true
Other,2025-10-26,0.0265,0.0211,0.0239,0.0262,0.0289,0.0333,true
Other,2025-11-02,0.0271,0.0218,0.0247,0.0268,0.0294,0.0331,true
Other,2025-11-09,0.0276,0.0219,0.0251,0.0273,0.0297,0.0343,true
Other,2025-11-16,0.0271,0.0215,0.0244,0.0266,0.0293,0.0337,true
Other,2025-11-23,0.0266,0.0211,0.0238,0.0264,0.0288,0.0333,true
Other,2025-11-30,0.026,0.021,0.0235,0.0257,0.0283,0.0321,true
Other,2025-12-07,0.0239,0.0186,0.0214,0.0237,0.026,0.0302,true
Other,2025-12-14,0.023,0.0175,0.0204,0.0228,0.0252,0.0298,true
Other,2025-12-21,0.0222,0.0166,0.0197,0.0218,0.0245,0.0288,true
Other,2025-12-28,0.0214,0.0157,0.0189,0.0212,0.0236,0.0278,true
Other,2026-01-04,0.0207,0.0154,0.0184,0.0205,0.0229,0.0263,true
Other,2026-01-11,0.0198,0.015,0.0177,0.0197,0.0218,0.0249,true
Other,2026-01-18,0.019,0.0142,0.017,0.0188,0.0209,0.0243,true
Other,2026-01-25,0.0181,0.0138,0.0161,0.0179,0.0198,0.0232,true
Other,2026-02-01,0.0172,0.0132,0.0152,0.0169,0.0188,0.0218,true
Other,2026-02-08,0.0164,0.0126,0.0146,0.0162,0.018,0.0207,true
Other,2026-02-15,0.0161,0.0122,0.0143,0.0159,0.0178,0.0207,true
Other,2026-02-22,0.0159,0.0122,0.0142,0.0157,0.0175,0.0205,true
Other,2026-03-01,0.0157,0.0118,0.014,0.0154,0.0171,0.0202,true
Other,2026-03-08,0.0143,0.0105,0.0127,0.0142,0.0157,0.0184,true
Other,2026-03-15,0.0136,0.0098,0.0121,0.0134,0.0149,0.0177,true
Other,2026-03-22,0.0132,0.0096,0.0116,0.013,0.0147,0.0172,true
Other,2026-03-29,0.0126,0.0092,0.011,0.0125,0.014,0.0165,true
Other,2026-04-05,0.0124,0.009,0.0108,0.0122,0.0137,0.0163,true
Other,2026-04-12,0.0121,0.0086,0.0107,0.012,0.0134,0.0158,true
Other,2026-04-19,0.0126,0.0092,0.0109,0.0123,0.014,0.0165,true
Other,2026-04-26,0.0131,0.0096,0.0115,0.0129,0.0144,0.0171,true
Other,2026-05-03,0.0137,0.0104,0.0121,0.0135,0.015,0.0176,true
Other,2026-05-10,0.0138,0.0104,0.0122,0.0135,0.0154,0.0178,true
Other,2026-05-17,0.0139,0.0104,0.0122,0.0136,0.0154,0.0183,true
Other,2026-05-24,0.0139,0.0103,0.0123,0.0137,0.0154,0.0178,true
Other,2026-05-31,0.014,0.0104,0.0123,0.0139,0.0155,0.0177,true
Other,2026-06-07,0.0148,0.0111,0.0131,0.0146,0.0162,0.019,true
Other,2026-06-14,0.0162,0.0125,0.0144,0.016,0.0178,0.0207,true
Other,2026-06-21,0.0169,0.013,0.0149,0.0167,0.0186,0.0214,true
Other,2026-06-28,0.0174,0.0131,0.0154,0.0172,0.0191,0.0221,true
Other,2026-07-05,0.0179,0.0137,0.0159,0.0177,0.0197,0.0231,true
Other,2026-07-12,0.0189,0.0146,0.0169,0.0187,0.0208,0.024,true
Other,2026-07-19,0.0204,0.0154,0.018,0.0201,0.0224,0.026,true
Other,2026-07-26,0.0218,0.0164,0.0194,0.0216,0.0237,0.028,true
Other,2026-08-02,0.0236,0.0181,0.0215,0.0233,0.0254,0.0292,true
Other,2026-08-09,0.0232,0.0177,0.0208,0.0231,0.0253,0.0289,true
Other,2026-08-16,0.023,0.0175,0.0205,0.0228,0.0253,0.0293,true
Other,2026-08-23,0.0243,0.0184,0.0215,0.0239,0.0268,0.0313,true
Other,2026-08-30,0.0256,0.0192,0.0228,0.0253,0.0279,0.0332,true
Other,2026-09-06,0.0248,0.0186,0.0217,0.0245,0.0272,0.0326,true
Other,2026-09-13,0.0253,0.0166,0.0211,0.0245,0.0282,0.0364,false
Other,2026-09-20,0.0256,0.0153,0.0201,0.0243,0.0295,0.0396,false
Other,2026-09-27,0.026,0.0136,0.0194,0.0246,0.0308,0.0416,false
Other,2026-10-04,0.0262,0.0134,0.0192,0.0246,0.031,0.0437,false
Other,2026-10-11,0.0264,0.0121,0.0187,0.0244,0.0316,0.0466,false
Other,2026-10-18,0.0265,0.0117,0.0182,0.0243,0.0321,0.0472,false
Other,2026-10-25,0.0266,0.011,0.0175,0.0242,0.0323,0.0495,false
Other,2026-11-01,0.027,0.0103,0.0171,0.0239,0.0333,0.0525,false
